CompanyLicenseeName,ValidPeriod,RetailOutletAddress
HENG LAI HENG TRADING ENTERPRISE,01/09/2025 - 31/08/2026,"HENG LAI HENG TRADING ENTERPRISE, 20, WOODLANDS LINK, #01-37, SINGAPORE(738733)"
SING THYE COMPANY,01/09/2025 - 31/08/2026,"8, EUNOS CRESCENT, #01-2675, SINGAPORE(400008)"
BOON LEE EATING HOUSE,01/09/2025 - 31/08/2026,"86, BEDOK NORTH ST 4, #01-165, SINGAPORE(460086)"
SIN ENG SENG SUPERMART,01/09/2025 - 31/08/2026,"442, JURONG WEST AVENUE 1, #01-756, SINGAPORE(640442)"
TIN YEANG RESTAURANT,01/09/2025 - 31/08/2026,"300, JOO CHIAT RD, SINGAPORE(427551)"
COMFORD COFFEE SHOP,01/09/2025 - 31/08/2026,"45, AIRPORT CARGO ROAD, SINGAPORE(819478)"
GOOD LUCK CORNER,01/09/2025 - 31/08/2026,"GOOD LUCK CORNER, 505, TAMPINES CENTRAL 1, #01-343, SINGAPORE(520505)"
KONG PENG CHANG PROVISION SHOP,01/09/2025 - 31/08/2026,"465, NORTH BRIDGE RD, #01-5085, SINGAPORE(191465)"
GOH JIK HWA,01/09/2025 - 31/08/2026,"#01-40, PASIR PANJANG FOOD CENTRE, SINGAPORE"
CHENG NAM SENG,01/09/2025 - 31/08/2026,"CHENG NAM SENG, 8, EMPRESS RD, #01-25, SINGAPORE(260008)"
FOUR SEASONS HOTEL SINGAPORE,01/09/2025 - 31/08/2026,"190 BAR, 190, ORCHARD BOULEVARD, #01-B, FOUR SEASONS HOTEL, SINGAPORE(248646)"
CHUAN SENG HOCK,01/09/2025 - 31/08/2026,"416, PANDAN GARDENS, #01-129, SINGAPORE(600416)"
BRIGHT CENTRE,01/09/2025 - 31/08/2026,"86, REDHILL CLOSE, #01-602, SINGAPORE(150086)"
SEE HAI SENG COMPANY,01/09/2025 - 31/08/2026,"504, WEST COAST DR, #01-228, SINGAPORE(120504)"
SIN BIN HENG MINI-MARKET,01/09/2025 - 31/08/2026,"413, BUKIT BATOK WEST AVE 4, #01-204, SINGAPORE(650413)"
CHIP AIK LIQUOR AND COMPANY,01/09/2025 - 31/08/2026,"116, COMMONWEALTH CRESCENT, #01-141, SINGAPORE(140116)"
LUSTRELITE STORE,01/09/2025 - 31/08/2026,"LUSTRELITE STORE, 148, POTONG PASIR AVE 1, #01-75, SINGAPORE(350148)"
HAN BROTHER SHOP,01/09/2025 - 31/08/2026,"635, HOUGANG AVE 8, #01-K1, SINGAPORE(530635)"
LAM SENG CONFECTIONERY & TRADING CO,01/09/2025 - 31/08/2026,"30, SENG POH ROAD, #01-236, TIONG BAHRU MARKET, SINGAPORE(168898)"
HOCK GUAN HUAT HUP KEE KIOSK,01/09/2025 - 31/08/2026,"101, ALJUNIED CRESCENT, #01-321, SINGAPORE(380101)"
PAO FU TRADING,01/09/2025 - 31/08/2026,"58, LENGKOK BAHRU, #01-509, SINGAPORE(150058)"
COLD STORAGE SINGAPORE (1983) PTE LTD,01/09/2025 - 31/08/2026,"COLD STORAGE, 391A, ORCHARD ROAD, #B2-01, NGEE ANN CITY, SINGAPORE(238873)"
LIM NAM THYE PROVISION SHOP,01/09/2025 - 31/08/2026,"110, YISHUN RING RD, #01-377, SINGAPORE(760110)"
TOH ENG LEE MINI-SUPERMARKET,01/09/2025 - 31/08/2026,"291, YISHUN ST 22, #01-347, SINGAPORE(760291)"
NTUC FAIRPRICE CO-OPERATIVE LTD,01/09/2025 - 31/08/2026,"NTUC FAIRPRICE CO-OPERATIVE LTD, 71, WOODLANDS AVE 3, #01-01, MARSILING MRT STATION, SINGAPORE(739044)"
NTUC FAIRPRICE CO-OPERATIVE LTD,01/09/2025 - 31/08/2026,"NTUC FAIRPRICE CO-OPERATIVE LTD, 140, TECK WHYE LANE, #01-351, SINGAPORE(680140)"
NTUC FAIRPRICE CO-OPERATIVE LTD,01/09/2025 - 31/08/2026,"NTUC FAIRPRICE CO-OPERATIVE LTD, 135, JURONG ST 13, #01-337, SINGAPORE(600135)"
NTUC FAIRPRICE CO-OPERATIVE LTD,01/09/2025 - 31/08/2026,"NTUC FAIRPRICE CO-OPERATIVE LTD, 114, ALJUNIED AVE 2, #01-75, SINGAPORE(380114)"
NTUC FAIRPRICE CO-OPERATIVE LTD,01/09/2025 - 31/08/2026,"NTUC FAIRPRICE CO-OPERATIVE LTD, 745, BEDOK RESERVOIR RD, #01-3015, SINGAPORE(470745)"
NTUC FAIRPRICE CO-OPERATIVE LTD,01/09/2025 - 31/08/2026,"NTUC FAIRPRICE CO-OPERATIVE LTD, 587, BUKIT TIMAH RD, #01-01, CORONATION PLAZA, SINGAPORE(269707)"
NTUC FAIRPRICE CO-OPERATIVE LTD,01/09/2025 - 31/08/2026,"NTUC FAIRPRICE CO-OPERATIVE LTD, 50, HAVELOCK RD, #01-755, SINGAPORE(160050)"
NTUC FAIRPRICE CO-OPERATIVE LTD,01/09/2025 - 31/08/2026,"NTUC FAIRPRICE CO-OPERATIVE LTD, 10, BUKIT BATOK CENTRAL, #01-08, BUKIT BATOK MRT STATION, SINGAPORE(659958)"
NTUC FAIRPRICE CO-OPERATIVE LTD,01/09/2025 - 31/08/2026,"NTUC FAIRPRICE CO-OPERATIVE LTD, 1, PASIR RIS CENTRAL ST 3, #B1-10, SINGAPORE(518457)"
NTUC FAIRPRICE CO-OPERATIVE LTD,01/09/2025 - 31/08/2026,"NTUC FAIRPRICE CO-OPERATIVE LTD, 192, LORONG 4 TOA PAYOH, #01-670, SINGAPORE(310192)"
NTUC FAIRPRICE CO-OPERATIVE LTD,01/09/2025 - 31/08/2026,"301, UPPER THOMSON RD, #03-37, THOMSON PLAZA, SINGAPORE(574408)"
NTUC FAIRPRICE CO-OPERATIVE LTD,01/09/2025 - 31/08/2026,"NTUC FAIRPRICE CO-OPERATIVE LTD, 4, TAMPINES CENTRAL 5, #B1-12, TAMPINES MALL, SINGAPORE(529510)"
NTUC FAIRPRICE CO-OPERATIVE LTD,01/09/2025 - 31/08/2026,"NTUC FAIRPRICE CO-OPERATIVE LTD, 221, BOON LAY PLACE, #02-200, BOON LAY SHOPPING COMPLEX, SINGAPORE(640221)"
NTUC FAIRPRICE CO-OPERATIVE LTD,01/09/2025 - 31/08/2026,"1, JELEBU RD, #01-15, BUKIT PANJANG PLAZA, SINGAPORE(677743)"
NTUC FAIRPRICE CO-OPERATIVE LTD,01/09/2025 - 31/08/2026,"212, BEDOK NORTH ST 1, #01-147, SINGAPORE(460212)"
NTUC FAIRPRICE CO-OPERATIVE LTD,01/09/2025 - 31/08/2026,"1, JALAN ANAK BUKIT, #B1-01/2, BUKIT TIMAH PLAZA, SINGAPORE(588996)"
NTUC FAIRPRICE CO-OPERATIVE LTD,01/09/2025 - 31/08/2026,"510, BISHAN ST 13, #01-520, SINGAPORE(570510)"
NTUC FAIRPRICE CO-OPERATIVE LTD,01/09/2025 - 31/08/2026,"202, HOUGANG ST 12, #01-00, SINGAPORE(530202)"
NTUC FAIRPRICE CO-OPERATIVE LTD,01/09/2025 - 31/08/2026,"90, HOUGANG AVE 10, #B1-07, HOUGANG MALL, SINGAPORE(538766)"
NTUC FAIRPRICE CO-OPERATIVE LTD,01/09/2025 - 31/08/2026,"166, JALAN BUKIT MERAH, #01-3531, BUKIT MERAH CENTRAL, SINGAPORE(150166)"
NTUC FAIRPRICE CO-OPERATIVE LTD,01/09/2025 - 31/08/2026,"37, TEBAN GARDEN RD, #01-304, SINGAPORE(600037)"
NTUC FAIRPRICE CO-OPERATIVE LTD,01/09/2025 - 31/08/2026,"152B, SERANGOON NORTH AVE 1, #01-384, SINGAPORE(552152)"
NTUC FAIRPRICE CO-OPERATIVE LTD,01/09/2025 - 31/08/2026,"57, NEW UPPER CHANGI RD, #01-1334, SINGAPORE(461057)"
NTUC FAIRPRICE CO-OPERATIVE LTD,01/09/2025 - 31/08/2026,"498, JURONG WEST ST 41, #01-434, SINGAPORE(640498)"
NTUC FAIRPRICE CO-OPERATIVE LTD,01/09/2025 - 31/08/2026,"682, HOUGANG AVE 4, #01-310, SINGAPORE(530682)"
NTUC FAIRPRICE CO-OPERATIVE LTD,01/09/2025 - 31/08/2026,"352, CLEMENTI AVE 2, #01-141, SINGAPORE(120352)"
NTUC FAIRPRICE CO-OPERATIVE LTD,01/09/2025 - 31/08/2026,"89, BEDOK NORTH ST 4, #01-77/9, SINGAPORE(460089)"
NTUC FAIRPRICE CO-OPERATIVE LTD,01/09/2025 - 31/08/2026,"301, YISHUN AVE 2, #01-02, YISHUN MRT STATION, SINGAPORE(769093)"
NTUC FAIRPRICE CO-OPERATIVE LTD,01/09/2025 - 31/08/2026,"888, WOODLANDS DR 50, #01-757, SINGAPORE(730888)"
NTUC FAIRPRICE CO-OPERATIVE LTD,01/09/2025 - 31/08/2026,"399, YUNG SHENG RD, #01-35, TAMAN JURONG SHOPPING CENTRE, SINGAPORE(610399)"
NTUC FAIRPRICE CO-OPERATIVE LTD,01/09/2025 - 31/08/2026,"475, TAMPINES ST 44, #01-145, SINGAPORE(520475)"
NTUC FAIRPRICE CO-OPERATIVE LTD,01/09/2025 - 31/08/2026,"107, TAMPINES ST 11, #01-353, SINGAPORE(521107)"
NTUC FAIRPRICE CO-OPERATIVE LTD,01/09/2025 - 31/08/2026,"FAIRPRICE, 1, TANJONG PAGAR PLAZA, #01-01, TANJONG PAGAR PLAZA, SINGAPORE(082001)"
HENG TONG HUAT,01/09/2025 - 31/08/2026,"138, TAMPINES ST 11, #01-128, SINGAPORE(521138)"
SIN LOON SUPERMARKET,01/09/2025 - 31/08/2026,"528, BUKIT BATOK ST 51, #01-62, SINGAPORE(650528)"
NEO GUAN HUAT,01/09/2025 - 31/08/2026,"350, UBI AVE 1, #01-945, SINGAPORE(400350)"
YAM THYE & COMPANY,01/09/2025 - 31/08/2026,"53, CHIN SWEE ROAD, #02-17, SINGAPORE(160053)"
AIK SENG (SINGAPORE) TRADING,01/09/2025 - 31/08/2026,"322, HOUGANG AVE 5, #01-72, SINGAPORE(530322)"
SING BEE COMPANY,01/09/2025 - 31/08/2026,"213, BUKIT BATOK ST 21, #01-207, SINGAPORE(650213)"
HAJIA STORE,01/09/2025 - 31/08/2026,"36, CHAI CHEE AVE, #01-161, SINGAPORE(461036)"
SENG GUAN,01/09/2025 - 31/08/2026,"311, CHANGI RD, SINGAPORE(419789)"
CHAO BROTHERS SUPER MINI MARKET,01/09/2025 - 31/08/2026,"406, TAMPINES ST 41, #01-27, SINGAPORE(520406)"
CHNG HOE HENG CO,01/09/2025 - 31/08/2026,"121, BEDOK RESERVOIR RD, #01-200, SINGAPORE(470121)"
MAY JIT HIANG,01/09/2025 - 31/08/2026,"321, JURONG EAST ST 31, #01-K1, SINGAPORE(600321)"
KOH CHEE YONG,01/09/2025 - 31/08/2026,"622, CHOA CHU KANG ST 62, #01-01, SINGAPORE(689140)"
LIANG KEE MINI-MART,01/09/2025 - 31/08/2026,"8, JALAN BATU, #01-17, SINGAPORE(431008)"
CHEW TAI HIN,01/09/2025 - 31/08/2026,"611, HOUGANG AVE 8, #01-K1, SINGAPORE(530611)"
GUAN HOCK TIONG EATING HOUSE,01/09/2025 - 31/08/2026,"153, SERANGOON NORTH AVE 1, #01-512, SINGAPORE(550153)"
GUAN CHUAN HENG CO,01/09/2025 - 31/08/2026,"412, BEDOK NORTH AVE 2, #01-136, SINGAPORE(460412)"
NEW TREND EATING HOUSE,01/09/2025 - 31/08/2026,"120, POTONG PASIR AVE 1, #01-806, SINGAPORE(350120)"
HOCK SENG GUAN HUP KEE KIOSK,01/09/2025 - 31/08/2026,"32, BEDOK SOUTH AVE 2, #01-313, SINGAPORE(460032)"
ANG GUAN MOH,01/09/2025 - 31/08/2026,"252, JURONG EAST ST 24, #01-K1, SINGAPORE(600252)"
EE HENG DEPARTMENT STORE,01/09/2025 - 31/08/2026,"EE HENG DEPARTMENT STORE, 662, BUFFALO ROAD, #01-18, SINGAPORE(210662)"
YEOW LIAN HENG,01/09/2025 - 31/08/2026,"YEOW LIAN HENG, 20, LORONG 7 TOA PAYOH, #01-740, SINGAPORE(310020)"
TECK HENG MINIMART,01/09/2025 - 31/08/2026,"254, TANJONG KATONG RD, SINGAPORE(437042)"
CHOON GUAN,01/09/2025 - 31/08/2026,"21, OLD AIRPORT RD, #01-111, SINGAPORE(390021)"
CHEE HOE SENG MINIMART,01/09/2025 - 31/08/2026,"121, BEDOK RESERVOIR RD, #01-204, SINGAPORE(470121)"
BINLI SUNDRY SHOP,01/09/2025 - 31/08/2026,"401, JURONG WEST ST 42, #01-K1, SINGAPORE(640401)"
QUE PASA PTE LTD,01/09/2025 - 31/08/2026,"QUE PASA, 7, EMERALD HILL RD, LEVEL 1, SINGAPORE(229291)"
PIAK LAN HIONG RELIGIOUS GOODS,01/09/2025 - 31/08/2026,"605, YISHUN ST 61, #01-311, SINGAPORE(760605)"
CHOP GUAN TECK HUP KEE,01/09/2025 - 31/08/2026,"1, JALAN BUKIT MERAH, #01-4522, SINGAPORE(150001)"
CORNWALL STORE,01/09/2025 - 31/08/2026,"CORNWALL STORE, CLEMENTI WEST ST 2 BLK 726, STALL NO #01-133, SINGAPORE"
CHNG WAH SENG MINIMART,01/09/2025 - 31/08/2026,"CHNG WAH SENG MINIMART, 2, LORONG LEW LIAN, #01-42, SINGAPORE(531002)"
TAN KIAM CHENG KIOSK,01/09/2025 - 31/08/2026,"449, TAMPINES ST 42, #01-K1, SINGAPORE(520449)"
HIAP SENG LEONG,01/09/2025 - 31/08/2026,"10, NORTH BRIDGE RD, #01-5109, SINGAPORE(190010)"
SIN HOE TIEN,01/09/2025 - 31/08/2026,"440, JOO CHIAT RD, SINGAPORE(427653)"
NG LIAN HUAT,01/09/2025 - 31/08/2026,"25, NEW UPPER CHANGI RD, #01-638, SINGAPORE(462025)"
PIAK LAN TENG,01/09/2025 - 31/08/2026,"PIAK LAN TENG, 338, ANG MO KIO AVENUE 1, #01-1609, SINGAPORE(560338)"
LIN DA MINI SUPERMART,01/09/2025 - 31/08/2026,"LIN DA MINI SUPERMART, 110, LENGKONG TIGA, #01-237, SINGAPORE(410110)"
KIM LIAT SENG,01/09/2026 - 31/08/2027,"2, JALAN KUKOH, #01-157, SINGAPORE(163002)"
LI LI CHENG,01/09/2025 - 31/08/2026,"977, JURONG WEST ST 93, #01-K1, SINGAPORE(640977)"
HAJEE KIOSK,01/09/2025 - 31/08/2026,"451, TAMPINES ST 42, #01-K1, SINGAPORE(520451)"
CHOP HWA TIONG,01/09/2025 - 31/08/2026,"171, UPPER PAYA LEBAR RD, SINGAPORE(534861)"
MENG SOON HUAT FOOD CENTRE,01/09/2025 - 31/08/2026,"359, BUKIT BATOK ST 31, #01-401, SINGAPORE(650359)"
GUAN SENG HUAT SUPERMARKET,01/09/2025 - 31/08/2026,"511, HOUGANG AVE 10, #01-149, SINGAPORE(530511)"
SHENG SIONG SUPERMARKET PTE LTD,01/09/2025 - 31/08/2026,"122, ANG MO KIO AVE 3, #01-1753, SINGAPORE(560122)"
5 EMERALD HILL PTE LTD,01/09/2025 - 31/08/2026,"NUMBER 5 COCKTAIL BAR, 5, EMERALD HILL RD, SINGAPORE(229289)"
ICE-COLD BEER PTE LTD,01/09/2025 - 31/08/2026,"ICE-COLD BEER, 9, EMERALD HILL RD, SINGAPORE(229293)"
HOE GUAN MINIMART,01/09/2025 - 31/08/2026,"HOE GUAN MINIMART, 338, JURONG EAST AVE 1, #01-1642, SINGAPORE(600338)"
NG NAM THYE,01/09/2025 - 31/08/2026,"130, RANGOON RD, SINGAPORE(218408)"
7-ELEVEN,01/09/2025 - 31/08/2026,"111, LORONG 1 TOA PAYOH, #01-358, SINGAPORE(310111)"
7-ELEVEN,01/09/2025 - 31/08/2026,"58, SENG POH RD, SINGAPORE(160058)"
7-ELEVEN,01/09/2025 - 31/08/2026,"423, RIVER VALLEY RD, SINGAPORE(248322)"
7-ELEVEN,01/09/2025 - 31/08/2026,"807, YISHUN RING RD, #01-4217, SINGAPORE(760807)"
7-ELEVEN,01/09/2025 - 31/08/2026,"912, UPPER THOMSON RD, SINGAPORE(787113)"
7-ELEVEN,01/09/2025 - 31/08/2026,"259, BUKIT PANJANG RING RD, #01-20, SINGAPORE(671259)"
7-ELEVEN,01/09/2025 - 31/08/2026,"291, YISHUN ST 22, #01-337, SINGAPORE(760291)"
7-ELEVEN,01/09/2025 - 31/08/2026,"6, SIXTH AVE, SINGAPORE(276472)"
7-ELEVEN,01/09/2025 - 31/08/2026,"445, FAJAR RD, #01-556, SINGAPORE(670445)"
7-ELEVEN,01/09/2025 - 31/08/2026,"244H, UPPER THOMSON RD, SINGAPORE(574369)"
7-ELEVEN,01/09/2025 - 31/08/2026,"339, ANG MO KIO AVE 1, #01-1579, SINGAPORE(560339)"
7-ELEVEN,01/09/2025 - 31/08/2026,"3, KESINGTON PARK RD, SINGAPORE(557255)"
7-ELEVEN,01/09/2025 - 31/08/2026,"446, PASIR RIS DRIVE 6, #01-112, SINGAPORE(510446)"
7-ELEVEN,01/09/2025 - 31/08/2026,"4, LORONG MAMBONG, SINGAPORE(277672)"
7-ELEVEN,01/09/2025 - 31/08/2026,"109, CLEMENTI ST 11, #01-15, SINGAPORE(120109)"
7-ELEVEN,01/09/2025 - 31/08/2026,"501, JURONG WEST ST 51, #01-255, SINGAPORE(640501)"
7-ELEVEN,01/09/2025 - 31/08/2026,"505, WEST COAST DRIVE, #01-216, SINGAPORE(120505)"
7-ELEVEN,01/09/2025 - 31/08/2026,"101, TOWNER RD, #01-234, SINGAPORE(322101)"
7-ELEVEN,01/09/2025 - 31/08/2026,"111, NORTH BRIDGE RD, #01-36/7, PENINSULA PLAZA, SINGAPORE(179098)"
7-ELEVEN,01/09/2025 - 31/08/2026,"400, ORCHARD RD, #01-29, ORCHARD TOWERS, SINGAPORE(238875)"
7-ELEVEN,01/09/2025 - 31/08/2026,"1, TANJONG PAGA RD, #01-32, TANJONG PAGAR PLAZA, SINGAPORE(082001)"
7-ELEVEN,01/09/2025 - 31/08/2026,"36, CIRCUIT RD, #01-422, SINGAPORE(370036)"
7-ELEVEN,01/09/2025 - 31/08/2026,"532, ANG MO KIO AVE 5, #01-2455, SINGAPORE(560532)"
7-ELEVEN,01/09/2025 - 31/08/2026,"210, HOUGANG ST 21, #01-275, SINGAPORE(530210)"
7-ELEVEN,01/09/2025 - 31/08/2026,"38A, CHANGI RD, SINGAPORE(419701)"
7-ELEVEN,01/09/2025 - 31/08/2026,"423, CHOA CHU KANG AVE 4, #01-260, SINGAPORE(680423)"
7-ELEVEN,01/09/2025 - 31/08/2026,"132, BUKIT BATOK WEST AVE 6, #01-304, SINGAPORE(650132)"
7-ELEVEN,01/09/2025 - 31/08/2026,"252, JURONG EAST ST 24, #01-129, SINGAPORE(600252)"
7-ELEVEN,01/09/2025 - 31/08/2026,"802, TAMPINES AVE 4, #01-09, SINGAPORE(520802)"
7-ELEVEN,01/09/2025 - 31/08/2026,"1, CHANGI VILLAGE RD, #01-2014, SINGAPORE(500001)"
7-ELEVEN,01/09/2025 - 31/08/2026,"366, TANJONG KATONG RD, SINGAPORE(437124)"
7-ELEVEN,01/09/2025 - 31/08/2026,"644, HOUGANG AVE 8, #01-273, SINGAPORE(530644)"
7-ELEVEN,01/09/2025 - 31/08/2026,"999, SERANGOON RD, SINGAPORE(328157)"
7-ELEVEN,01/09/2025 - 31/08/2026,"340, BALESTIER RD, SINGAPORE(329772)"
7-ELEVEN,01/09/2025 - 31/08/2026,"413, YISHUN RING RD, #01-1873, SINGAPORE(760413)"
100 SUPERMINIMARKET,01/09/2025 - 31/08/2026,"112, MCNAIR RD, #01-205, SINGAPORE(320112)"
CHOP ENG SENG,01/09/2025 - 31/08/2026,"356, HOUGANG AVE 7, #01-793, SINGAPORE(530356)"
SOON SOON FOONG PROVISION SHOP,01/09/2025 - 31/08/2026,"920, JURONG WEST ST 92, #01-K1, SINGAPORE(640920)"
CHIN HUAT SIONG KEE MINI-MART,01/09/2025 - 31/08/2026,"124, HOUGANG AVE 1, #01-1432, SINGAPORE(530124)"
NAM KEE,01/09/2025 - 31/08/2026,"681, RACE COURSE RD, #01-285, SINGAPORE(210681)"
YONG TECK SENG,01/09/2025 - 31/08/2026,"22, BOON KENG RD, #01-29, SINGAPORE(330022)"
YEO SOON LAI MINIMART,01/09/2025 - 31/08/2026,"554, ANG MO KIO AVE 10, #01-2052, SINGAPORE(560554)"
KIM SAN LENG FOOD CENTRE,01/09/2025 - 31/08/2026,"511, BISHAN ST 13, #01-522, SINGAPORE(570511)"
CHUA YAN KEE,01/09/2025 - 31/08/2026,"49, TANGLIN HALT RD, #01-349, SINGAPORE(142049)"
PEBBLE BAY MINIMART,01/09/2025 - 31/08/2026,"130, TANJONG RHU RD, #01-02, SINGAPORE(436918)"
KIM SOON GUAN,01/09/2025 - 31/08/2026,"603, CLEMENTI WEST ST 1, #01-33, SINGAPORE(120603)"
MEI TIAN XING,01/09/2025 - 31/08/2026,"630, HOUGANG AVE 8, #01-K1, SINGAPORE(530630)"
N&N CAFE,01/09/2025 - 31/08/2026,"416, EUNOS RD 5, #01-24, SINGAPORE(400416)"
TOP GUAN MINI-MART,01/09/2025 - 31/08/2026,"282A, TOH GUAN RD, #01-02, SINGAPORE(601282)"
ANG MO SUPERMARKET PTE LTD,01/09/2025 - 31/08/2026,"ANG MO SUPERMARKET, 407, ANG MO KIO AVE 10, #01-751, SINGAPORE(560407)"
GLORY MINIMART,01/09/2025 - 31/08/2026,"81, FARRER DR, #01-01/2, SOMMERVILLE PARK, SINGAPORE(259284)"
BRIGHT EATING HOUSE (1997),01/09/2025 - 31/08/2026,"2, JALAN SELASEH, SINGAPORE(808433)"
ANG MO SUPERMARKET PTE LTD,01/09/2025 - 31/08/2026,"ANG MO SUPERMARKET, 279, BISHAN ST 24, #01-30, SINGAPORE(570279)"
TAN AH LEEK,01/09/2025 - 31/08/2026,"409, ANG MO KIO AVE 10, #01-27, SINGAPORE(560409)"
MRS TENG BOON HOCK NEE LOH BEE ENG,01/09/2025 - 31/08/2026,"79, TELOK BLANGAH DR, #01-30, SINGAPORE(100079)"
KPT (J T) PTE LTD,01/09/2025 - 31/08/2026,"KPT (JT) PTE LTD, 651A, JALAN TENAGA, #01-01, SINGAPORE(411651)"
KPT KOPITIAM (HOUGANG) PTE LTD,01/09/2025 - 31/08/2026,"KPT , 401, HOUGANG AVE 10, #01-1158, (DRINK COUNTER), SINGAPORE(530401)"
KPT (S N AVE 4) PTE LTD,01/09/2025 - 31/08/2026,"KPT (S N AVE 4) PTE LTD, 504A, SERANGOON NORTH AVE 4, #01-01, SINGAPORE(555850)"
LIM'S PROVISION,01/09/2025 - 31/08/2026,"458, HOUGANG AVE 10, #01-K1, SINGAPORE(530458)"
CHOON HING MINIMART,01/09/2025 - 31/08/2026,"15, BEACH RD, #01-4681, SINGAPORE(190015)"
CHOP AH TAT,01/09/2025 - 31/08/2026,"309, HOUGANG AVE 5, #01-293, SINGAPORE(530309)"
JIA XIN ENTERPRISE,01/09/2025 - 31/08/2026,"336, BUKIT BATOK ST 32, #01-K1, SINGAPORE(650336)"
HAN HWA DEPARTMENTAL STORE,01/09/2025 - 31/08/2026,"101, YISHUN AVE 5, #01-33, SINGAPORE(760101)"
P KUNHAMMED BISMILAH PROVISION STORE,01/09/2025 - 31/08/2026,"HAJI. P. KUNHAMMAD BISMILAH PROVISION STORE, 6, HOUGANG AVE 3, #01-90, SINGAPORE(530006)"
MOUNT FABER LEISURE GROUP PTE. LTD.,01/09/2025 - 31/08/2026,"SINGAPORE CABLE CAR, 109, MOUNT FABER ROAD, JEWEL BOX, THE, SINGAPORE(099203)"
YI FENG ZA HUO SHANG DIAN,01/09/2026 - 31/08/2027,"17, DAIRY FARM RD, #B1-02, SINGAPORE(679043)"
BEPOH PROVISION STORE,01/09/2025 - 31/08/2026,"61, TELOK BLANGAH HEIGHTS, #01-111, SINGAPORE(100061)"
TAY HOCK CHOON,01/09/2025 - 31/08/2026,"371, BUKIT BATOK ST 31, #01-300, SINGAPORE(650371)"
SIN SIAN YUEN PTE LTD,01/09/2025 - 31/08/2026,"101, YISHUN AVE 5, #01-03, SINGAPORE(760101)"
GOH EK HWANG,01/09/2025 - 31/08/2026,"51, OLD AIRPORT ROAD, #02-33, OLD AIRPORT ROAD HAWKER'S CENTRE, SINGAPORE(390051)"
FULL-YEN TRADING,01/09/2025 - 31/08/2026,"601, CHOA CHU KANG ST 62, #01-09, SINGAPORE(680601)"
POH & ANN EATING HOUSE,01/09/2025 - 31/08/2026,"19, TOH YI DR, #01-115, SINGAPORE(590019)"
GENOA RESTAURANTS (S) PTE LTD,01/09/2025 - 31/08/2026,"50, RAFFLES PLACE, #B1-01, SINGAPORE LAND TOWER, SINGAPORE(048623)"
PONGGOL CO,01/09/2025 - 31/08/2026,"703, HOUGANG AVE 2, #01-193, SINGAPORE(530703)"
BAN SENG PAINTS CO,01/09/2025 - 31/08/2026,"151, SERANGOON NORTH AVE 2, #01-39, SINGAPORE(550151)"
GRINDELWALD SUPERMARKET,01/09/2025 - 31/08/2026,"108, CLEMENTI ST 11, #01-001, SINGAPORE(120108)"
CUPPAGE BOOK CENTRE,01/09/2025 - 31/08/2026,"CUPPAGE BOOK CENTRE, 5, KOEK RD, #01-06, CUPPAGE PLAZA, SINGAPORE(228796)"
VASU BANGLES STORE,01/09/2025 - 31/08/2026,"138, DUNLOP ST, SINGAPORE(209456)"
M&L MINIMART,01/09/2025 - 31/08/2026,"433, TAMPINES ST 41, #01-75, SINGAPORE(520433)"
S SUBRAMANIAM,01/09/2025 - 31/08/2026,"116, SERANGOON RD, SINGAPORE(218021)"
CHUAN JIAN HUAT MINIMART,01/09/2025 - 31/08/2026,"116, LORONG 1 TOA PAYOH, #01-168, SINGAPORE(310116)"
112 MINI MARKET,01/09/2025 - 31/08/2026,"112, PENDING RD, #01-120, SINGAPORE(670112)"
POH YEE HUAY,01/09/2025 - 31/08/2026,"BOON HWA COFFEE STALL, ANG MO KIO AVE 4 BLK 628 (STALL NO. #01-95), SINGAPORE"
SIONG WAN COMPANY,01/09/2025 - 31/08/2026,"82, WHAMPOA DR, #01-957, SINGAPORE(320082)"
HENG'S FAMILY MINI MART,01/09/2025 - 31/08/2026,"HENG'S FAMILY MINI MART, 567, PASIR RIS ST 51, #01-100, SINGAPORE(510567)"
KHIAN AIK PROVISION STORE,01/09/2025 - 31/08/2026,"4-6, BRADDELL RD, SINGAPORE(359897)"
MESSRS LIM LEE YONG,01/09/2025 - 31/08/2026,"COLD BAR, 9A, WHITCHURCH ROAD, SINGAPORE(138839)"
ALAUDEEN TRADE,01/09/2025 - 31/08/2026,"206, MARSILING DR, #01-294, SINGAPORE(730206)"
ANN TENG HENG,01/09/2025 - 31/08/2026,"761, YISHUN ST 72, #01-344, SINGAPORE(760761)"
JOTHI STORE & FLOWER SHOP,01/09/2025 - 31/08/2026,"1, CAMPBELL LANE, JOTHI'S BLDG, SINGAPORE(209882)"
ECON MINIMART TONG SENG HUAT,01/09/2025 - 31/08/2026,"234, LORONG 8 TOA PAYOH, #01-274, SINGAPORE(310234)"
NEO CHIN HENG PROVISION SHOP,01/09/2025 - 31/08/2026,"108, JURONG EAST ST 13, #01-K1, SINGAPORE(600108)"
BAN ENG LEE MINI MART,01/09/2025 - 31/08/2026,"BAN ENG LEE MINI MART, 486, CHOA CHU KANG AVENUE 5, #01-152, SINGAPORE(680486)"
CHIA HUA PENG,01/09/2025 - 31/08/2026,"249, YISHUN AVE 9, #01-K1, SINGAPORE(760249)"
MAI-YA STORE,01/09/2025 - 31/08/2026,"763, PASIR RIS ST 71, #01-240, SINGAPORE(510763)"
JIA QUAN XIANG ZHUANG TRADING ENTERPRISE,01/09/2025 - 31/08/2026,"1, BEACH RD, #01-4743, SINGAPORE(190001)"
BEST COFFEE PTE LTD,01/09/2025 - 31/08/2026,"BEST COFFEE PTE LTD, 959, JURONG WEST ST 92, #01-150, SINGAPORE(640959)"
7-ELEVEN,01/09/2025 - 31/08/2026,"7-ELEVEN, 735, PASIR RIS STREET 72, #01-340, SINGAPORE(510735)"
7-ELEVEN,01/09/2025 - 31/08/2026,"5, TAMPINES ST 32, #01-19/20, SINGAPORE(529284)"
7-ELEVEN,01/09/2025 - 31/08/2026,"1A, EUNOS CRESCENT, #01-2469, SINGAPORE(401001)"
SIRAJUDEEN STORE,01/09/2025 - 31/08/2026,"230, TAMPINES ST 24, #01-K1, SINGAPORE(524230)"
CHAN LIAN SENG PROVISION SHOP,01/09/2025 - 31/08/2026,"748, YISHUN ST 72, #01-224, SINGAPORE(760748)"
KENG WAH SUNG CAFE,01/09/2025 - 31/08/2026,"KENG WAH SUNG CAFE, 781, GEYLANG RD, SINGAPORE(389671)"
351 STORE,01/09/2025 - 31/08/2026,"351, HOUGANG AVE 7, #01-K1, SINGAPORE(530351)"
MOUNT FABER LEISURE GROUP PTE. LTD.,01/09/2025 - 31/08/2026,"SINGAPORE CABLE CAR - SENTOSA STATION, 42, IMBIAH ROAD, SENTOSA, SINGAPORE(099701)"
TANGLIN CLUB,01/09/2025 - 31/08/2026,"WET BAR, 5, STEVENS RD, #01-B, TANGLIN CLUB, SINGAPORE(257814)"
S S MYDEEN STORE,01/09/2025 - 31/08/2026,"103, DORSET RD, SINGAPORE(219495)"
SHAHUL HAMEED S/O ROWTHER ABDUL MOHAMMED,01/09/2025 - 31/08/2026,"105, YISHUN RING RD, #01-169, SINGAPORE(760105)"
KOH HUAT HENG MINIMART,01/09/2025 - 31/08/2026,"456, ANG MO KIO AVE 10, #01-1572, SINGAPORE(560456)"
SITI ZAHERA STORE,01/09/2025 - 31/08/2026,"224, SERANGOON AVE 4, #01-K1, SINGAPORE(550224)"
MIN LOCK YUEN CANTEEN,01/09/2025 - 31/08/2026,"1, KAKI BUKIT AVE 3, #03-12, SINGAPORE(416087)"
HENG SWEE HENG,01/09/2025 - 31/08/2026,"2, JALAN BUKIT MERAH, #01-5148, SINGAPORE(150002)"
MING HUAT MINIMARTS,01/09/2025 - 31/08/2026,"727, JURONG WEST AVE 5, #01-190, SINGAPORE(640727)"
SHERATON TOWERS SINGAPORE HOTEL,01/09/2025 - 31/08/2026,"LOBBY BAR, 39, SCOTTS ROAD, #01-LBAR, SHERATON TOWERS HOTEL, SINGAPORE(228230)"
GOODWOOD PARK HOTEL PRIVATE LIMITED,01/09/2025 - 31/08/2026,"COFFEE LOUNGE, 22, SCOTTS ROAD, #01-A, GOODWOOD PARK HOTEL, SINGAPORE(228221)"
DEVI STORE,01/09/2025 - 31/08/2026,"152, SERANGOON NORTH AVE 1, #01-K1, SINGAPORE(550152)"
COLD STORAGE SINGAPORE (1983) PTE LTD,01/09/2025 - 31/08/2026,"80, MARINE PARADE RD, #B1-84, PARKWAY PARADE SHOPPING COMPLEX, SINGAPORE(449269)"
CHIN SENG WINE MERCHANT TRADING,01/09/2025 - 31/08/2026,"285, YISHUN AVE 6, #01-08, SINGAPORE(760285)"
ONG JIT SANG SUNDRIES STORE,01/09/2025 - 31/08/2026,"203, TOA PAYOH NORTH, #01-1115, SINGAPORE(310203)"
HUI CHENG PROVISION SHOP,01/09/2025 - 31/08/2026,"HUI CHENG PROVISION SHOP, 416, PANDAN GARDENS, #01-127, SINGAPORE(600416)"
CHOP KENG BEE,01/09/2025 - 31/08/2026,"KENG BEE RESTAURANT, 271, TANJONG KATONG RD, SINGAPORE(437054)"
649 HOUGANG FOOD KIOSK,01/09/2025 - 31/08/2026,"649, HOUGANG AVE 8, #01-K1, SINGAPORE(530649)"
WONG POH KOPITIAM,01/09/2025 - 31/08/2026,"3004, UBI AVE 3, #01-124, SINGAPORE(408860)"
YEN INVESTMENTS PTE LTD,01/09/2025 - 31/08/2026,"YEN INVESTMENTS PTE LTD, 221, BOON LAY PLACE, #01-220, BOON LAY SHOPPING CENTRE, SINGAPORE(640221)"
POH HUAT KIOSK,01/09/2025 - 31/08/2026,"222, LORONG 8 TOA PAYOH , #01-709, SINGAPORE(310222)"
888 KOPITIAM PTE LTD,01/09/2025 - 31/08/2026,"888, WOODLANDS DR 50, #01-755, SINGAPORE(730888)"
CHUA TEO HENG,01/09/2025 - 31/08/2026,"703, HOUGANG AVE 2, #01-195, SINGAPORE(530703)"
COLD STORAGE SINGAPORE (1983) PTE LTD,01/09/2025 - 31/08/2026,"293, HOLLAND RD, #01-64, COLD STORAGE JELITA, SINGAPORE(278628)"
KWE KAH TRADING,01/09/2025 - 31/08/2026,"848, YISHUN ST 81, #01-154, SINGAPORE(760848)"
AHAMED STORE,01/09/2026 - 31/08/2027,"AHAMED STORE, 10, ANSON RD, #02-90, INTERNATIONAL PLAZA, SINGAPORE(079903)"
COLD STORAGE SINGAPORE (1983) PTE LTD,01/09/2025 - 31/08/2026,"101, THOMSON RD, #B1-52, UNITED SQUARE, SINGAPORE(307591)"
HONG GUAN,01/09/2025 - 31/08/2026,"46, JALAN BUKIT HO SWEE, #01-884, SINGAPORE(160046)"
TENAGA MINI MART,01/09/2025 - 31/08/2026,"649, JALAN TENAGA, #01-155, SINGAPORE(410649)"
LAM SENG HUAT,01/09/2025 - 31/08/2026,"18, JALAN SULTAN, #01-164, SINGAPORE(190018)"
COLD STORAGE SINGAPORE (1983) PTE LTD,01/09/2025 - 31/08/2026,"HOLLAND VILLAGE, 211, HOLLAND AVENUE, #01-05, HOLLAND ROAD SHOPPING CENTRE, SINGAPORE(278967)"
MARSILING TRADING CO,01/09/2025 - 31/08/2026,"10, MARSILING DR, #01-12, SINGAPORE(730010)"
L W EATING HOUSE,01/09/2025 - 31/08/2026,"26, TECK WHYE LANE, #01-170, SINGAPORE(680026)"
TONG YUAN EATING HOUSE,01/09/2025 - 31/08/2026,"151, BEDOK RESERVOIR RD, #01-1735, SINGAPORE(470151)"
YORK LAND TRADERS,01/09/2025 - 31/08/2026,"119, ALJUNIED AVE 2, #01-K5, SINGAPORE(380119)"
MAJFA MINI MARKET,01/09/2025 - 31/08/2026,"MAJFA MINI MARKET, 436, HOUGANG AVE 8, #01-K1, SINGAPORE(530436)"
HENG CHEONG HENG MINIMART,01/09/2025 - 31/08/2026,"194, KIM KEAT AVE, #01-424, SINGAPORE(310194)"
"SINGAPORE ISLAND COUNTRY CLUB, THE",01/09/2025 - 31/08/2026,"LOOK OUT, 180, ISLAND CLUB ROAD, #01-B, THE SINGAPORE ISLAND COUNTRY CLUB, SINGAPORE(578774)"
"SINGAPORE ISLAND COUNTRY CLUB, THE",01/09/2025 - 31/08/2026,"BUKIT 19 HOLE TO THE CANOPY, 240, SIME RD, #01-A, THE SINGAPORE ISLAND COUNTRY CLUB, SINGAPORE(288303)"
SAN CHUNG MINIMART,01/09/2026 - 31/08/2027,"24, BENDEMEER RD, #01-547, SINGAPORE(330024)"
LI FENG YUAN MINI-MART,01/09/2025 - 31/08/2026,"LI FENG YUAN MINI-MART, 78, CIRCUIT RD, #01-484, SINGAPORE(370078)"
HOCK CHOO CO,01/09/2025 - 31/08/2026,"427, CHANGI RD, SINGAPORE(419870)"
CHOP AH CHAI REFRESHMENT CORNER,01/09/2025 - 31/08/2026,"61, TEBAN GARDENS RD, #01-03, SINGAPORE(600061)"
TAN HAI LIAN,01/09/2025 - 31/08/2026,"59, PULAU UBIN, SINGAPORE(508306)"
S.S.YEOW KEE FRUITS & FLOWERS TRADING (1997),01/09/2025 - 31/08/2026,"373, BUKIT BATOK ST 31, #01-244, SINGAPORE(650373)"
KOH JIN SAN,01/09/2025 - 31/08/2026,"503, WEST COAST DR, #01-11, SINGAPORE(120503)"
LION VIEW MINIMART,01/09/2025 - 31/08/2026,"102, JALAN RAJAH, #01-K1, SINGAPORE(321102)"
NAM HO,01/09/2025 - 31/08/2026,"NAM HO, 6, HOUGANG AVE 3, #01-88, SINGAPORE(530006)"
SWEE HUAT LIQUOR,01/09/2025 - 31/08/2026,"46, OWEN RD, #01-271, SINGAPORE(210046)"
HOMES MINIMART,01/09/2025 - 31/08/2026,"2, BEACH RD, #01-4785, SINGAPORE(190002)"
COLD STORAGE SINGAPORE (1983) PTE LTD,01/09/2025 - 31/08/2026,"BUGIS JUNCTION, 200, VICTORIA STREET, #B1-27, BUGIS JUNCTION, SINGAPORE(188021)"
AZAR TRADING ENTERPRISE,01/09/2025 - 31/08/2026,"711, HOUGANG AVE 2, #01-K1, SINGAPORE(530711)"
CHIP HUAT (UNITED) MINI-MART (1996),01/09/2025 - 31/08/2026,"132, MARSILING RISE, #01-232, SINGAPORE(730132)"
S-11 (A M K 450) FOOD HOUSE,01/09/2025 - 31/08/2026,"450, ANG MO KIO AVE 10, #01-1747, SINGAPORE(560450)"
SOON YAK & CO,01/09/2025 - 31/08/2026,"113, ALJUNIED AVE 2, #01-29, SINGAPORE(380113)"
BROADWAY FOOD CENTRE (HOLDINGS) PTE LTD,01/09/2025 - 31/08/2026,"BROADWAY, 147, POTONG PASIR AVE 1, #01-93, SINGAPORE(350147)"
SIN YEE TECK MINI-MARKET,01/09/2025 - 31/08/2026,"619, YISHUN RING RD, #01-3228, SINGAPORE(760619)"
LEE ENG SENG PROVISION SHOP,01/09/2025 - 31/08/2026,"112, PENDING RD, #01-118, SINGAPORE(670112)"
SINGAPORE PETROLEUM CO LTD,01/09/2025 - 31/08/2026,"599, YISHUN RING RD, SINGAPORE(768683)"
SHNG SIONG SUPERMARKET,01/09/2025 - 31/08/2026,"SHENG SIONG, 301, WOODLANDS ST 31, #01-217, SINGAPORE(730301)"
R S M YASIN,01/09/2025 - 31/08/2026,"425, TAMPINES ST 41, #01-K1, SINGAPORE(520425)"
HOW CHIN BEE TRADING CO,01/09/2025 - 31/08/2026,"5, BANDA ST, #01-98, SINGAPORE(050005)"
BASARAH STORE,01/09/2025 - 31/08/2026,"BASARAH STORE, 503A, WEST COAST DRIVE, #01-322, SINGAPORE(121503)"
DOVER MICRO MART,01/09/2025 - 31/08/2026,"DOVER MICRO MART, 2, DOVER RD, #01-324, SINGAPORE(130002)"
THYE HWA HENG CANTEEN,01/09/2025 - 31/08/2026,"29, EUNOS AVE 6, #01-151, SINGAPORE(409619)"
ZONE MINIMART,01/09/2025 - 31/08/2026,"205D, COMPASSVALE LANE, #01-01, SINGAPORE(544205)"
DOULATH ENTERPRISE,01/09/2025 - 31/08/2026,"200, JALAN SULTAN, #01-K1, TEXTILE CENTRE, SINGAPORE(199018)"
PECK HOON TENG COFFEE SHOP,01/09/2025 - 31/08/2026,"PECK HOON TENG COFFEESHOP, 219, RIVER VALLEY RD, SINGAPORE(238277)"
HWA LEE PROVISION STORE,01/09/2025 - 31/08/2026,"304, SHUNFU RD, #01-K1, SINGAPORE(570304)"
CHYI YUAN MINI SUPERMART,01/09/2025 - 31/08/2026,"911, HOUGANG STREET 91, #01-58, SINGAPORE(530911)"
COLD STORAGE SINGAPORE (1983) PTE LTD,01/09/2025 - 31/08/2026,"464-484, UPPER BUKIT TIMAH RD, RAIL MALL COLD STORAGE, SINGAPORE(678077)"
SAMY PROVISION STORE,01/09/2025 - 31/08/2026,"283, YISHUN AVE 6, #01-K1, SINGAPORE(760283)"
POH HENG PROVISION SHOP,01/09/2025 - 31/08/2026,"445, PASIR RIS DR 6, #01-90, SINGAPORE(510445)"
KHO SOON HUAT,01/09/2025 - 31/08/2026,"11, YORK HILL, #01-90, SINGAPORE(162011)"
EURUFAN KIOSK,01/09/2025 - 31/08/2026,"278, YISHUN ST 22, #01-K1, SINGAPORE(760278)"
KHOR AH PHENG,01/09/2026 - 31/08/2027,"#02-88, TAMAN JURONG MARKET & FOOD CENTRE, SINGAPORE"
BROADWAY FOOD CENTRE (HOLDINGS) PTE LTD,01/09/2025 - 31/08/2026,"BROADWAY, 414, YISHUN RING ROAD AVE 11, #01-1871, SINGAPORE(760414)"
A ABDUL WAHEED,01/09/2025 - 31/08/2026,"221, YISHUN STREET 21, #01-K1, SINGAPORE(760221)"
LIM LEONG SOON,01/09/2026 - 31/08/2027,"265, BUKIT BATOK EAST AVE 4, #01-401, SINGAPORE(650265)"
NAM SOON TUAS DRY MARKET,01/09/2025 - 31/08/2026,"71, PIONEER RD, #01-04, SINGAPORE(639591)"
KIM YONG COLOR PHOTO SERVICE CENTRE,01/09/2025 - 31/08/2026,"302, CHOA CHU KANG AVE 4, #01-715, SINGAPORE(680302)"
AYSA STORE,01/09/2026 - 31/08/2027,"1, JOO CHIAT RD, #01-1043, JOO CHIAT COMPLEX, SINGAPORE(420001)"
MUN ANN CAFE,01/09/2025 - 31/08/2026,"6001, BEACH ROAD, #01-29, GOLDEN MILE TOWER, SINGAPORE(199589)"
DOUBLE ONE MINIMARKET,01/09/2025 - 31/08/2026,"787B, CHOA CHU KANG DR, #01-239, SINGAPORE(681787)"
SYED NOORUL ISLAM,01/09/2025 - 31/08/2026,"53, TELOK BLANGAH DR, #01-72, SINGAPORE(100053)"
A.R.A.WAHEED TRADING,01/09/2025 - 31/08/2026,"A.R.A. WAHEED TRADING, 69, WESTERHOUT RD, SINGAPORE(397664)"
SOH KIM CHOO,01/09/2025 - 31/08/2026,"#02-33, TIONG BAHRU MARKET, SINGAPORE"
"CHUA CHU KANG FRUITS, FOOD & BEVERAGE TRADING",01/09/2025 - 31/08/2026,"302, CHOA CHU KANG AVE 4, #01-711, SINGAPORE(680302)"
HAM WEE FONG,01/09/2025 - 31/08/2026,"#01-77, AMOY ST FOOD CENTRE, SINGAPORE"
773 PASIR RIS MINIMART,01/09/2025 - 31/08/2026,"773, PASIR RIS ST 71, #01-380, SINGAPORE(510773)"
SINGAPORE SWIMMING CLUB,01/09/2025 - 31/08/2026,"STRAITS OF MALACCA, 45, TANJONG RHU ROAD, #01-A, SINGAPORE SWIMMING CLUB, CABANA AREA, SINGAPORE(436899)"
KIAT HUAT MART,01/09/2025 - 31/08/2026,"KIAT HUAT MART, 618, CHAO CHU KANG NORTH 7, #01-421, SINGAPORE(680618)"
FORTUNE STORE,01/09/2025 - 31/08/2026,"166, WOODLANDS ST 13, #02-527, SINGAPORE(730166)"
SHANGRI-LA HOTEL LIMITED,01/09/2025 - 31/08/2026,"VALLEY WING, 22, ORANGE GROVE RD, #01-00, SHANGRI-LA HOTEL (VALLEY WING), SINGAPORE(258350)"
CHUA KIA JOO,01/09/2025 - 31/08/2026,"CHUA KIA JOO PROVISION STORE, 6, EUNOS CRESCENT, #01-2635, SINGAPORE(400006)"
GOH MINI-MART,01/09/2025 - 31/08/2026,"407, PASIR RIS DR 6, #01-K1, SINGAPORE(510407)"
98 TRADING,01/09/2025 - 31/08/2026,"304, WOODLANDS ST 31, #01-137, SINGAPORE(730304)"
TAN GUAN SOON,01/09/2025 - 31/08/2026,"149, SILAT AVE, #01-50, SINGAPORE(160149)"
LIEN SENG TRADING CO,01/09/2025 - 31/08/2026,"37, CIRCUIT RD, #01-407, SINGAPORE(370037)"
M MUHAMOOD RAHMATH FAIDAH STORE,01/09/2025 - 31/08/2026,"16, EUNOS CRESCENT, #01-2843, SINGAPORE(400016)"
ASLAM'S STORE,01/09/2025 - 31/08/2026,"238, HOUGANG AVE 1, #01-K1, SINGAPORE(530238)"
K M OTHUMAN & SONS,01/09/2025 - 31/08/2026,"423, BEDOK NORTH AVE 1, #01-228, SINGAPORE(460423)"
HOE LEONG MINI SUPERMARKET,01/09/2026 - 31/08/2027,"HOE LEONG MINI-SUPERMARKET, 134, GEYLANG EAST AVE 1, #01-221, SINGAPORE(380134)"
FAIZAL AND JAHABAR BROS,01/09/2025 - 31/08/2026,"175, LORONG 2 TOA PAYOH, #01-551, SINGAPORE(310175)"
HENG LAI LEE ENTERPRISE,01/09/2025 - 31/08/2026,"305, UBI AVE 1, #01-169, SINGAPORE(400305)"
KWEK SENG HUAT EATING HOUSE,01/09/2025 - 31/08/2026,"324, BEDOK RD, BEDOK SHOPPING COMPLEX, SINGAPORE(469493)"
THE OAKS CELLARS PTE LTD,01/09/2025 - 31/08/2026,"THE OAKS CELLARS, 1, TANGLIN RD, #01-04, ORCHARD PARADE HOTEL, SINGAPORE(247905)"
THE OAKS CELLARS PTE LTD,01/09/2025 - 31/08/2026,"THE OAKS CELLARS, 333A, ORCHARD RD, #03-12, MANDARIN GALLERY, SINGAPORE(238897)"
HIAP SOON HIN (SELF-SERVICE),01/09/2025 - 31/08/2026,"640, ROWELL RD, #01-64, ROWELL COURT, SINGAPORE(200640)"
MUI THIANG KEE EATING HOUSE,01/09/2025 - 31/08/2026,"34, CASSIA CRESCENT, #01-86, SINGAPORE(390034)"
DELUXE LIDO PALACE PTE LTD,01/09/2025 - 31/08/2026,"317, OUTRAM RD, #05-01, CONCORDE SHOPPING CENTRE, SINGAPORE(169075)"
REDHILL TRADERS,01/09/2025 - 31/08/2026,"28, HOY FATT RD, #01-28, SINGAPORE(151028)"
HUIWAH SUPERMARKET,01/09/2025 - 31/08/2026,"406, JURONG WEST ST 42, #01-601, SINGAPORE(640406)"
KPT (WOODLANDS) PTE LTD,01/09/2025 - 31/08/2026,"KPT KOPITIAM, 515A, WOODLANDS DR 14, #01-181, SINGAPORE(731515)"
GRAND HYATT SINGAPORE,01/09/2025 - 31/08/2026,"MARTINI BAR, 10, SCOTTS ROAD, #M-A, GRAND HYATT SINGAPORE, SINGAPORE(228211)"
INUL STORE,01/09/2025 - 31/08/2026,"211, YISHUN ST 21, #01-K1, SINGAPORE(760211)"
KENG CHYE EATING HOUSE,01/09/2025 - 31/08/2026,"7, KEPPEL RD, #01-16/17, PSA GATE 1 TANJONG PAGAR COMPLEX, SINGAPORE(089053)"
CHOP BAN WHATT HIN,01/09/2025 - 31/08/2026,"448, ANG MO KIO AVE 10, #01-1703, SINGAPORE(560448)"
KENG MUI HNG,01/09/2025 - 31/08/2026,"KENG MUI HENG, ANG MO KIO AVE 4 BLK 628 (STALL NO. #01-57), SINGAPORE"
BAN HENG RESTAURANT,01/09/2025 - 31/08/2026,"97, PASIR PANJANG RD, SINGAPORE(118515)"
HWA BENG COMPANY,01/09/2025 - 31/08/2026,"45, CLIVE ST, SINGAPORE(209789)"
PHUA SOON LEE,01/09/2025 - 31/08/2026,"236, YISHUN RING RD, #01-1006, SINGAPORE(760236)"
HOE PENG KIOSK,01/09/2025 - 31/08/2026,"HOE PENG KIOSK, 309, SHUNFU ROAD, #01-K1, SINGAPORE(570309)"
LIM HENG LEE,01/09/2025 - 31/08/2026,"137, TAMPINES ST 11, #01-11, SINGAPORE(520137)"
HONG HONG MINI MART,01/09/2025 - 31/08/2026,"825, JURONG WEST ST 81, #01-410, SINGAPORE(640825)"
SELVI STORES PTE LTD,01/09/2025 - 31/08/2026,"662, BUFFALO RD, #01-20, SINGAPORE(210662)"
HOCK LIAN FOOD CENTRE PTE LTD,01/09/2025 - 31/08/2026,"2, JOO CHIAT RD, #01-1127, JOO CHIAT COMPLEX, SINGAPORE(420002)"
LEE CHIN AIK IND SUPPLY TRADING,01/09/2025 - 31/08/2026,"20, WOODLANDS LINK, #01-05, SINGAPORE(738733)"
TIONG GUAN MINI-MARKET,01/09/2025 - 31/08/2026,"605, YISHUN ST 61, #01-313, SINGAPORE(760605)"
28 MINI MARKET,01/09/2025 - 31/08/2026,"150, BEDOK RESERVOIR RD, #01-1723, SINGAPORE(470150)"
KECK SENG HOTEL PTE LTD,01/09/2025 - 31/08/2026,"FOUR POINTS EATERY, 382, HAVELOCK RD, #01-A, FOUR POINTS BY SHERATON SINGAPORE, RIVERVIEW, SINGAPORE(169629)"
MALANGSHA STORE,01/09/2025 - 31/08/2026,"431, ANG MO KIO AVE 10, #01-1465, SINGAPORE(560431)"
NATIONAL UNIVERSITY OF SINGAPORE SOCIETY,01/09/2025 - 31/08/2026,"NATIONAL UNIVERSITY OF SINGAPORE SOCIETY, 9, KENT RIDGE DR, KENT RIDGE GUILD HOUSE, SINGAPORE(119241)"
SIN HUAT EATING HOUSE,01/09/2025 - 31/08/2026,"659, GEYLANG RD, SINGAPORE(389589)"
DHANA FANCY STORE,01/09/2025 - 31/08/2026,"42, TELOK BLANGAH RISE, #01-614, SINGAPORE(090042)"
"SWISS CLUB, SINGAPOREÂ ",01/09/2025 - 31/08/2026,"GUESTHOUSE RECEPTION, 36, SWISS CLUB ROAD, SINGAPORE(288139)"
MOVON SUPERMARKET,01/09/2025 - 31/08/2026,"MOVON SUPERMARKET, 327, HOUGANG AVE 5, #01-170, SINGAPORE(530327)"
SOY EU TUA COFFEE SHOP,01/09/2025 - 31/08/2026,"15, UPPER EAST COAST ROAD, SINGAPORE(455207)"
KHONG GUAN RESTAURANT,01/09/2025 - 31/08/2026,"49, STIRLING RD, #01-481, SINGAPORE(141049)"
SHING SONG SUPERMARKET,01/09/2025 - 31/08/2026,"539A, BEDOK NORTH ST 3, #01-477, SINGAPORE(461539)"
TEO CHIN HUAT,01/09/2025 - 31/08/2026,"73, JALAN MALU-MALU, SINGAPORE(769685)"
CHINATOWN WHOLESALE CENTRE,01/09/2026 - 31/08/2027,"58, SMITH ST, SINGAPORE(058962)"
LIM SEW SENG,01/09/2025 - 31/08/2026,"302, UBI AVE 1, #01-75, SINGAPORE(400302)"
YEO BUAN HENG LIQUOR SHOP,01/09/2025 - 31/08/2026,"27, CHANDER RD, SINGAPORE(219536)"
GUAN KEAT PROVISION SHOP,01/09/2026 - 31/08/2027,"GUAN KEAT PROVISION SHOP, 117, PENDING RD, #01-224, SINGAPORE(670117)"
VALE STORE,01/09/2025 - 31/08/2026,"154, WOODLANDS ST 13, #01-K1, SINGAPORE(730154)"
FU KWEE PING TRADING,01/09/2025 - 31/08/2026,"1, PARK RD, #01-78E, PEOPLE'S PARK COMPLEX, SINGAPORE(059108)"
SIN YONG CHUN FARM MINIMARKET,01/09/2025 - 31/08/2026,"323, BUKIT BATOK STREET 33, #01-102, SINGAPORE(650323)"
LIM MONG LEE,01/09/2025 - 31/08/2026,"102, FABER DR, SINGAPORE(129409)"
CHEW SIM PROVISION SHOP,01/09/2025 - 31/08/2026,"267, TAMPINES ST 21, #01-45, SINGAPORE(520267)"
JOON SOON CONFECTIONERY AND BISCUITS,01/09/2025 - 31/08/2026,"505, BUKIT BATOK ST 52, #01-143, SINGAPORE(650505)"
"THE RITZ-CARLTON, MILLENIA SINGAPORE",01/09/2025 - 31/08/2026,"REPUBLIC, 7, RAFFLES AVENUE, #03-A, THE RITZ CARLTON MILLENIA SINGAPORE, SINGAPORE(039799)"
WARREN GOLF & COUNTRY CLUBÂ ,01/09/2025 - 31/08/2026,"GOLFERS' TERRACE (LEVEL 2 OF MAIN CLUB HOUSE), 81, CHOA CHU KANG WAY, WARREN GOLF & COUNTRY CLUB, SINGAPORE(688263)"
K & B PROVISION SHOP,01/09/2025 - 31/08/2026,"640, ROWELL RD, #01-60, SINGAPORE(200640)"
FAIR VIEW FOOD COURT,01/09/2025 - 31/08/2026,"FAIR VIEW FOOD COURT, 371A, WOODLANDS AVE 1, #01-01, SINGAPORE(731371)"
RAIMAH EATING HOUSE,01/10/2025 - 30/09/2026,"56, JALAN KEMBANGAN, SINGAPORE(419120)"
JOO GUAN HIN MINIMART,15/10/2025 - 14/10/2026,"286E, TOH GUAN RD, #01-02, SINGAPORE(605286)"
7-ELEVEN,16/10/2025 - 15/10/2026,"245, VICTORIA ST, BUGIS VILLAGE, SINGAPORE(188032)"
HENG ENG BOON MINIMART,06/01/2026 - 05/01/2027,"419, YISHUN AVE 11, #01-379, SINGAPORE(760419)"
COLD STORAGE SINGAPORE (1983) PTE LTD,28/01/2026 - 27/01/2027,"COLD STORAGE SINGAPORE (1983) PTE LTD, 1, FIFTH AVE, #01-05, GUTHRIE HOUSE, SINGAPORE(268802)"
THE PENNY BLACK PTE LTD,10/03/2026 - 09/03/2027,"THE PENNY BLACK, 27, BOAT QUAY, SINGAPORE(049817)"
ASPEN HEIGHT SUPERMART,12/02/2026 - 11/02/2027,"263, RIVER VALLEY RD, #B1-03, SINGAPORE(238309)"
7-ELEVEN,01/03/2026 - 28/02/2027,"623, CHOA CHU KANG ST 62, #01-216, YEW TEE SHOPPING CENTRE, SINGAPORE(680623)"
7-ELEVEN,15/04/2026 - 14/04/2027,"959, JURONG WEST ST 92, #01-156, SINGAPORE(640959)"
7-ELEVEN,15/04/2026 - 14/04/2027,"888, WOODLANDS DRIVE 50, #01-705, SINGAPORE(730888)"
S-11 (BUKIT BATOK) FOOD HOUSE,06/05/2026 - 05/05/2027,"S-11(BUKIT BATOK) FOOD HOUSE, 640, BUKIT BATOK CENTRAL, #01-40, SINGAPORE(650640)"
7-ELEVEN,20/05/2026 - 19/05/2027,"492, JURONG WEST ST 41, #01-72, SINGAPORE(640492)"
7-ELEVEN,20/05/2026 - 19/05/2027,"768, WOODLANDS AVE 6, #01-06, SINGAPORE(730768)"
ISETAN (SINGAPORE) LIMITED,27/07/2026 - 26/07/2027,"ISETAN, 350, ORCHARD RD, #B1-00, SHAW HOUSE, SINGAPORE(238868)"
7-ELEVEN,04/07/2026 - 03/07/2027,"744, BEDOK RESERVOIR RD, #01-3061, SINGAPORE(470744)"
7-ELEVEN,04/07/2026 - 03/07/2027,"304, ORCHARD RD, #B1-02/03, LUCKY PLAZA, SINGAPORE(238863)"
7-ELEVEN,04/07/2026 - 03/07/2027,"57, MARINE TERRACE, #01-125, SINGAPORE(440057)"
CHEVRON SINGAPORE PTE. LTD.,03/08/2026 - 02/08/2027,"STAR MART, 360, ALEXANDRA ROAD, CALTEX SERVICE STATION, SINGAPORE(159951)"
CHEVRON SINGAPORE PTE. LTD.,18/08/2025 - 17/08/2026,"STAR MART, 78, CHANGI ROAD, CALTEX SERVICE STATION, SINGAPORE(419714)"
CHEVRON SINGAPORE PTE. LTD.,13/08/2025 - 12/08/2026,"STAR MART, 265, TANJONG KATONG ROAD, CALTEX SERVICE STATION, SINGAPORE(437052)"
CHNG LI CHERN FOOD & BEVERAGE,13/08/2025 - 12/08/2026,"10, ANG MO KIO IND PARK 2A, #01-21, AUTOPOINT, SINGAPORE(568047)"
7-ELEVEN,20/08/2025 - 19/08/2026,"625, ELIAS RD, #01-308, ELIAS MALL, SINGAPORE(510625)"
7-ELEVEN,20/08/2025 - 19/08/2026,"118, RIVERVALE DRIVE, #01-05/06, RIVERVALE PLAZA, SINGAPORE(540118)"
SINGAPORE PETROLEUM CO LTD,21/08/2025 - 20/08/2026,"76, YIO CHU KANG RD, SINGAPORE(545570)"
TOP CHOICE SUPERMARKET,01/10/2025 - 30/09/2026,"TOP CHOICE SUPERMARKET, 84, BAYSHORE RD, #01-38, COSTA DEL SOL, SINGAPORE(469994)"
RELIANCE MEDIA ENTERPRISE,02/10/2025 - 01/10/2026,"287, CHOA CHU KANG AVE 2, #B1-203, SINGAPORE(680287)"
NTUC FAIRPRICE CO-OPERATIVE LTD,02/10/2025 - 01/10/2026,"1, HOUGANG ST 91, #02-01, HOUGANG POINT, SINGAPORE(538692)"
NTUC FAIRPRICE CO-OPERATIVE LTD,02/10/2025 - 01/10/2026,"118, RIVERVALE DR, #01-08, RIVERVALE PLAZA, SINGAPORE(540118)"
U & ME SUPERMARKET,11/11/2025 - 10/11/2026,"711, WOODLANDS DR 70, #01-65, SINGAPORE(730711)"
NTUC FAIRPRICE CO-OPERATIVE LTD,28/10/2025 - 27/10/2026,"30, SEMBAWANG DR, #B1-01/02, SUN PLAZA, SINGAPORE(757713)"
COLD STORAGE SINGAPORE (1983) PTE LTD,22/10/2025 - 21/10/2026,"COLD STORAGE, 1, KIM SENG PROMENADE, #B1-139, GREAT WORLD CITY, SINGAPORE(237994)"
COLD STORAGE SINGAPORE (1983) PTE LTD,22/10/2025 - 21/10/2026,"HEARTLAND MALL KOVAN, 205, HOUGANG ST 21, #01-133, SINGAPORE(530205)"
CHEVRON SINGAPORE PTE. LTD.,27/10/2025 - 26/10/2026,"STAR MART, 818, UPPER SERANGOON ROAD, CALTEX SERVICE STATION, SINGAPORE(534677)"
CHEVRON SINGAPORE PTE. LTD.,28/10/2025 - 27/10/2026,"STAR MART, 559, UPPER SERANGOON ROAD, CALTEX SERVICE STATION, SINGAPORE(534561)"
PHUA LAM SEA VEGETABLE SUPPLIER,04/11/2025 - 03/11/2026,"PHUA LAM SEA VEGETABLE SUPPLIER, 75, JALAN MALU-MALU, SINGAPORE(769686)"
7-ELEVEN,16/11/2025 - 15/11/2026,"89, BEDOK NORTH ST 4, #01-83, SINGAPORE(460089)"
7-ELEVEN,19/11/2025 - 18/11/2026,"226, GEYLANG RD, SINGAPORE(389286)"
CHEVRON SINGAPORE PTE. LTD.,16/11/2025 - 15/11/2026,"STAR MART, 3781, JALAN BUKIT MERAH, CALTEX SERVICE STATION, SINGAPORE(159463)"
FAIR MART SUPERSTORE SENG KANG,10/12/2025 - 09/12/2026,"297, COMPASSVALE ST, #01-01, SINGAPORE(540297)"
CHEVRON SINGAPORE PTE. LTD.,13/01/2026 - 12/01/2027,"STAR MART, 21, JURONG WEST STREET 93, CALTEX SERVICE STATION, SINGAPORE(648964)"
CHEVRON SINGAPORE PTE. LTD.,13/01/2026 - 12/01/2027,"STAR MART, 465, MACPHERSON ROAD, CALTEX SERVICE STATION, SINGAPORE(368183)"
CHEVRON SINGAPORE PTE. LTD.,16/01/2026 - 15/01/2027,"STAR MART, 210, JALAN BUROH, CALTEX SERVICE STATION, SINGAPORE(609831)"
CHEVRON SINGAPORE PTE. LTD.,28/01/2026 - 27/01/2027,"STAR MART, 400, JALAN AHMAD IBRAHIM, CALTEX SERVICE STATION, SINGAPORE(629153)"
SHENG SIONG 1 STATION MARKET,22/02/2026 - 21/02/2027,"SHENG SIONG, 739A, BEDOK RESERVOIR RD, #01-01, SINGAPORE(471739)"
MINI SQUARE,01/03/2026 - 28/02/2027,"3, COLEMAN ST, #01-35, SINGAPORE(179804)"
7-ELEVEN,01/03/2026 - 28/02/2027,"201E, TAMPINES ST 23, #01-100, SINGAPORE(527201)"
CHEVRON SINGAPORE PTE. LTD.,12/04/2026 - 11/04/2027,"STAR MART, 128, PAYA LEBAR ROAD, CALTEX SERVICE STATION, SINGAPORE(409013)"
7-ELEVEN,12/05/2026 - 11/05/2027,"630, ANG MO KIO AVE 4, #01-970, SINGAPORE(560630)"
CHEVRON SINGAPORE PTE. LTD.,31/05/2026 - 30/05/2027,"STAR MART, 71, FRANKEL AVENUE, CALTEX SERVICE STATION, SINGAPORE(458200)"
M.R. PROVISIONS,09/06/2026 - 08/06/2027,"354, GEYLANG RD, SINGAPORE(389374)"
ONG YEW LIAN COMPANY,17/06/2026 - 16/06/2027,"603, ANG MO KIO AVE 5, #01-2673, SINGAPORE(560603)"
CHEE WAI FONG,01/07/2026 - 30/06/2027,"2, SEAH IM RD, #01-14, SINGAPORE(099114)"
7-ELEVEN,05/07/2026 - 04/07/2027,"399, YUNG SHENG RD, #01-49, TAMAN JURONG SHOPPING CENTRE, SINGAPORE(610399)"
7-ELEVEN,05/07/2026 - 04/07/2027,"524A, JELAPANG RD, #02-16, GREENRIDGE SHOPPING CENTRE, SINGAPORE(571524)"
JING CAI PROVISION SHOP,21/07/2026 - 20/07/2027,"153, MEI LING STREET, #01-32, SINGAPORE(140153)"
K & M MINIMART,21/07/2026 - 20/07/2027,"4A, LOYANG LANE, #01-04, SINGAPORE(508923)"
HOCK TAI CHEONG,08/08/2026 - 07/08/2027,"664, YISHUN AVE 4, #01-279, SINGAPORE(760664)"
ANCHORVALE MINIMART,08/08/2025 - 07/08/2026,"303, ANCHORVALE LINK, #01-04, SINGAPORE(542303)"
CHEVRON SINGAPORE PTE. LTD.,26/08/2025 - 25/08/2026,"STAR MART, 130, DUNEARN ROAD, CALTEX SERVICE STATION, SINGAPORE(309436)"
SING HIN HUAT COFFEE TRADING,26/08/2025 - 25/08/2026,"244, UPPER THOMSON RD, SINGAPORE(574369)"
SOON HOCK MINI SUPERMARKET,08/09/2025 - 07/09/2026,"346, KANG CHING RD, #01-115, SINGAPORE(610346)"
Q MART,20/09/2025 - 19/09/2026,"Q MART, 125, BUKIT MERAH LANE 1, #01-152, SINGAPORE(150125)"
BEST & FAIR MINI MARKET,28/09/2025 - 27/09/2026,"139, SIMEI ST 1, #01-12, SINGAPORE(520139)"
ZHONG N ZHU MINI-MART,30/09/2025 - 29/09/2026,"GOODLUCK, 278, BUKIT BATOK EAST AVE 3, #01-345, SINGAPORE(650278)"
TECK WHYE PROVISION STORE,05/10/2025 - 04/10/2026,"16, TECK WHYE LANE, #01-121, SINGAPORE(680016)"
KPT (SEMBAWANG) PTE LTD,06/10/2025 - 05/10/2026,"KPT (SEMBAWANG) PTE LTD, 313A, SEMBAWANG DR, #01-01, SINGAPORE(751313)"
7-ELEVEN,17/10/2025 - 16/10/2026,"168, BEDOK SOUTH AVE 3, #01-477, SINGAPORE(460168)"
ZHI YUAN COFFEE STALL,04/11/2025 - 03/11/2026,"151A, SERANGOON NORTH AVE 2, #01-81, SINGAPORE(551151)"
COLD STORAGE SINGAPORE (1983) PTE LTD,08/11/2025 - 07/11/2026,"290, ORCHARD RD, #B1-01, PARAGON, SINGAPORE(238859)"
PINE'S MART,16/11/2025 - 15/11/2026,"PINE'S MART, 1Q, PINE GROVE, #01-02, PINE GROVE CLUBHOUSE, SINGAPORE(597596)"
33 MART,07/12/2025 - 06/12/2026,"33 MART, 278, BUKIT BATOK EAST AVE 3, #01-349, SINGAPORE(650278)"
7-ELEVEN,15/12/2025 - 14/12/2026,"150, ORCHARD RD, #01-53, ORCHARD PLAZA, SINGAPORE(238841)"
7-ELEVEN,15/12/2025 - 14/12/2026,"14, SCOTTS RD, #01-05, FAR EAST PLAZA, SINGAPORE(228213)"
S-11 (AMK 530) FOOD HOUSE PTE LTD,22/12/2025 - 21/12/2026,"530, ANG MO KIO AVE 10, #01-2379, SINGAPORE(560530)"
S-11 (SIANG GARDEN) FOOD HOUSE,22/12/2025 - 21/12/2026,"107, HOUGANG AVE 1, #01-00, SINGAPORE(530107)"
7-ELEVEN,27/12/2025 - 26/12/2026,"123, YISHUN ST 11, #01-495, SINGAPORE(760123)"
NTUC FAIRPRICE CO-OPERATIVE LTD,27/12/2025 - 26/12/2026,"414, YISHUN RING RD, #01-1853, SINGAPORE(760414)"
CHAN AH KUM,30/12/2025 - 29/12/2026,"114, SIMS AVE, SINGAPORE(387438)"
KEEN WAH COFFEE HOUSE,01/02/2026 - 31/01/2027,"264, TAMPINES ST 21, #01-102, SINGAPORE(520264)"
HOMEZONE HOUSEHOLD APPLIANCE,09/02/2026 - 08/02/2027,"HOMEZONE HOUSEHOLD APPILIANCE, 154, SERANGOON NORTH AVE 1, #01-406, SINGAPORE(550154)"
SINGAPORE PETROLEUM CO LTD,23/02/2026 - 22/02/2027,"1, JALAN LEBAN, SINGAPORE(577546)"
CHEVRON SINGAPORE PTE. LTD.,23/02/2026 - 22/02/2027,"STAR MART, 836, DUNEARN ROAD, CALTEX SERVICE STATION, SINGAPORE(589457)"
WAN JIN SIN MING CAFETERIA,25/03/2026 - 24/03/2027,"176, SIN MING DR, #04-19, AUTOCARE, SINGAPORE(575721)"
SOH ENG LIN,29/03/2026 - 28/03/2027,"CHONG HOCK EATING HOUSE, 18, GUL ST 3, SINGAPORE(629468)"
NAN FATT JOSS PAPER & JOSS STICK,28/04/2026 - 27/04/2027,"27A, CHAI CHEE RD, #01-361, SINGAPORE(460027)"
MING WAN HENG MINIMART & TRADING,03/05/2026 - 02/05/2027,"MING WAN HENG MINIMART & TRADING, 660, CHOA CHU KANG CRESCENT, #01-93, SINGAPORE(680660)"
7-ELEVEN,25/05/2026 - 24/05/2027,"201B, TAMPINES ST 21, #01-1063, SINGAPORE(623201)"
7-ELEVEN,25/05/2026 - 24/05/2027,"3, MCCALLUM ST, SINGAPORE(069044)"
SAVE MINI MART,31/05/2026 - 30/05/2027,"760, BEDOK RESERVOIR VIEW, #01-339, SINGAPORE(470760)"
RIDGEWOOD GOURMET,23/06/2026 - 22/06/2027,"5, RIDGEWOOD CLOSE, G3 RIDGEWOOD CONDO, SINGAPORE(276696)"
S-11 (WOODLAND 304) FOOD HOUSE,26/06/2026 - 25/06/2027,"304, WOODLANDS ST 31, #01-135, SINGAPORE(730304)"
33 CONVENIENCE MART,11/07/2026 - 10/07/2027,"33 CONVENIENCE MART, 768, WOODLANDS AVE 6, #01-29, SINGAPORE(730768)"
MARY'S CATERING SERVICE,11/07/2026 - 10/07/2027,"MARY'S CATERING SERVICE, 35, FISHERY PORT RD, G9 JURONG FISHING PORT CANTEEN B, STALL 16, SINGAPORE(619742)"
7-ELEVEN,18/07/2026 - 17/07/2027,"698, HOUGANG ST 61, #01-02, SINGAPORE(530698)"
SHAFEEK EXCHANGE,27/07/2026 - 26/07/2027,"SHAFEEK EXCHANGE, 180, BENCOOLEN ST, #01-42, THE BENCOOLEN SHOPPING MALL, SINGAPORE(189646)"
7-ELEVEN,31/07/2026 - 30/07/2027,"27, FOCH RD, #01-07/08, HOE NAM BLDG, SINGAPORE(209264)"
7-ELEVEN,31/07/2026 - 30/07/2027,"200, JALAN SULTAN , #01-03, TEXTILE CENTRE, SINGAPORE(199018)"
SEAH SEOK YONG,02/08/2025 - 01/08/2026,"#00-29, PASIR PANJANG FOOD CENTRE , SINGAPORE"
PEH CHEOW TEE,02/08/2026 - 01/08/2027,"85, REDHILL LANE, #01-84, SINGAPORE(150085)"
ANG MO SUPERMARKET PTE LTD,02/08/2026 - 01/08/2027,"ANG MO SUPERMARKET, 642, HOUGANG AVE 8, #01-197, SINGAPORE(530642)"
7-ELEVEN,02/08/2026 - 01/08/2027,"106, HOUGANG AVE 1, #01-1223, SINGAPORE(530106)"
KIAN LAI HENG RESTAURANT,02/08/2026 - 01/08/2027,"5, ANG MO KIO IND PARK 2A, #02-17, SINGAPORE(567760)"
SINCERE FISHING TACKLES PROVISION SHOP,05/08/2026 - 04/08/2027,"744, YISHUN ST 72, #01-187, SINGAPORE(760744)"
CHEVRON SINGAPORE PTE. LTD.,08/08/2025 - 07/08/2026,"STAR MART, 1, TAMPINES AVENUE 8, CALTEX SERVICE STATION, SINGAPORE(529594)"
YEOH WOON SIEW (YANG WENXIU),24/08/2025 - 23/08/2026,"HOTSPOT CAFE, 105, HOUGANG AVE 1, #02-15, SINGAPORE(530105)"
MIN LOCK EATING HOUSE,31/08/2025 - 30/08/2026,"MIN LOCK EATING HOUSE, 22, SENOKO LOOP, SINGAPORE(758154)"
MOORTHY MINIMART (S) PTE LTD,14/09/2025 - 13/09/2026,"214, SERANGOON AVE 4, #01-94, SINGAPORE(550214)"
FRESH PRODUCE SPECIALIST,19/09/2025 - 18/09/2026,"136, POTONG PASIR AVE 3, #01-162, SINGAPORE(350136)"
7-ELEVEN,20/09/2025 - 19/09/2026,"844, TAMPINES ST 82, #01-137, SINGAPORE(520844)"
7-ELEVEN,04/10/2025 - 03/10/2026,"689B, CHOA CHU KANG DRIVE, #01-306, SINGAPORE(682689)"
BROADWAY FOOD CENTRE (HOLDINGS) PTE LTD,20/10/2025 - 19/10/2026,"BROADWAY, 286E, TOH GUAN ROAD, #01-01, SINGAPORE(605286)"
7-ELEVEN,14/11/2025 - 13/11/2026,"18, JALAN MEMBINA, #01-02, SINGAPORE(164018)"
LING BROTHERS EATING HOUSE,04/12/2025 - 03/12/2026,"103, UPPER PAYA LEBAR RD, SINGAPORE(534828)"
7-ELEVEN,04/12/2025 - 03/12/2026,"15, SOUTH BRIDGE RD, SINGAPORE(058658)"
CHEVRON SINGAPORE PTE. LTD.,07/12/2025 - 06/12/2026,"STAR MART, 297, HOLLAND ROAD, CALTEX SERVICE STATION, SINGAPORE(278629)"
EARNEST RESTAURANT,09/02/2026 - 08/02/2027,"290, JALAN BESAR, SINGAPORE(208953)"
KOPITIAM INVESTMENT PTE. LTD.,08/03/2026 - 07/03/2027,"KOPITIAM INVESTMENT PTE LTD, 735, PASIR RIS ST 72, #01-364, SINGAPORE(510735)"
HONG ERN CORPORATION,23/03/2026 - 22/03/2027,"85, LORONG 4 TOA PAYOH, #01-320, SINGAPORE(311085)"
7-ELEVEN,30/04/2026 - 29/04/2027,"2, JALAN BUKIT MERAH, #01-5144, SINGAPORE(150002)"
NTUC FAIRPRICE CO-OPERATIVE LTD,24/05/2026 - 23/05/2027,"6, MARINE PARADE CENTRAL, SINGAPORE(449411)"
NTUC FAIRPRICE CO-OPERATIVE LTD,24/05/2026 - 23/05/2027,"78A, TELOK BLANGAH ST 32, #01-01, SINGAPORE(101078)"
UNCLE TIDBITS,29/05/2026 - 28/05/2027,"399, YUNG SHENG RD, #01-27, SINGAPORE(610399)"
7-ELEVEN,22/06/2026 - 21/06/2027,"101, THOMSON RD, #01-01A, UNITED SQUARE, SINGAPORE(307591)"
7-ELEVEN,22/06/2026 - 21/06/2027,"7-ELEVEN, 221, BOON LAY PLACE, #01-140, BOON LAY SHOPPING CENTRE, SINGAPORE(640221)"
KIM ENG MINI SUPERMARKET,11/07/2026 - 10/07/2027,"103, YISHUN RING RD, #01-79, SINGAPORE(760103)"
SIXTH CAFE LINK,19/07/2026 - 18/07/2027,"SIXTH CAFE LINK, 12, SIXTH AVENUE, SINGAPORE(276475)"
TAY SWEE KEONG,30/07/2026 - 29/07/2027,"10, NORTH BRIDGE RD, #01-5131, SINGAPORE(190010)"
PRIME SUPERMARKET LIMITED,30/07/2026 - 29/07/2027,"PRIME SUPERMARKET, 108, PUNGGOL FIELD, #01-02, SINGAPORE(820108)"
PRIME SUPERMARKET LIMITED,30/07/2026 - 29/07/2027,"PRIME SUPERMARKET, 263, COMPASSVALE ST, #01-01, SINGAPORE(541263)"
SHENG SIONG SUPERMARKET PTE LTD,06/08/2025 - 05/08/2026,"SHENG SIONG, 52, CHIN SWEE RD, #01-25, SINGAPORE(160052)"
KOUFU PTE LTD,22/08/2025 - 21/08/2026,"HAPPY HAWKERS, 406A, SEMBAWANG DR, #01-01, SINGAPORE(751406)"
KOUFU PTE LTD,22/08/2025 - 21/08/2026,"KOUFU, 768, WOODLANDS AVE 6, #01-30, SINGAPORE(730768)"
PRIME SUPERMARKET (1996) PTE LTD,28/08/2025 - 27/08/2026,"PRIME, 768, WOODLANDS AVE 6, #01-02, SINGAPORE(730768)"
7-ELEVEN,03/09/2025 - 02/09/2026,"3, PICKERING ST, #01-24, CHINA SQUARE CENTRAL, SINGAPORE(048660)"
7-ELEVEN,03/09/2025 - 02/09/2026,"45, OWEN RD, #01-295, SINGAPORE(210045)"
MAB MINIMART,13/09/2025 - 12/09/2026,"MAB MINIMART, 662, BUFFALO RD, #01-26, SINGAPORE(210662)"
S-11 (UPPER CROSS ST) FOOD HOUSE,24/09/2025 - 23/09/2026,"34, UPPER CROSS ST, #01-132, SINGAPORE(050034)"
DOVER COFFEE HUB,18/10/2025 - 17/10/2026,"DOVER COFFEE HUB, 19A, DOVER CRESCENT, #01-05, SINGAPORE(131019)"
TAN KAY SENG,12/11/2025 - 11/11/2026,"49A, SERANGOON GARDEN WAY, #01-09, SERANGOON GARDEN MARKET, SINGAPORE(555945)"
NTUC FAIRPRICE CO-OPERATIVE LTD,12/11/2025 - 11/11/2026,"849, YISHUN RING RD, #01-3703, SINGAPORE(760849)"
WONG LI MINIMART,04/12/2025 - 03/12/2026,"832, WOODLANDS ST 83, #01-69, SINGAPORE(730832)"
7-ELEVEN,06/12/2025 - 05/12/2026,"25, NEW UPPER CHANGI RD, #01-626, SINGAPORE(462025)"
M*MART@795,15/12/2025 - 14/12/2026,"795, WOODLANDS DR 72, #01-13, SINGAPORE(730795)"
HOCK KEE COFFEE,28/12/2025 - 27/12/2026,"HOCK KEE COFFEE, 682, HOUGANG AVE 4, #01-346, SINGAPORE(530682)"
FOO SAY TIONG,10/02/2026 - 09/02/2027,"347, JURONG EAST AVE 1, #01-203, SINGAPORE"
JEFF-YEE TRADING,18/02/2026 - 17/02/2027,"JEFF-YEE TRADING, 704, BEDOK RESERVOIR RD, #01-3620, SINGAPORE(470704)"
NTUC FAIRPRICE CO-OPERATIVE LTD,12/03/2026 - 11/03/2027,"9, BISHAN PLACE, #B1-01, JUNCTION 8 SHOPPING CENTRE, SINGAPORE(579837)"
NTUC FAIRPRICE CO-OPERATIVE LTD,12/03/2026 - 11/03/2027,"30, WOODLANDS AVE 1, #01-30, THE WOODGROVE , SINGAPORE(739065)"
K M PARISA KUTHUBUDEEN STORE,08/04/2026 - 07/04/2027,"85, LAVENDER ST, SINGAPORE(338716)"
PIN YANG TRADING ENTERPRISE,17/04/2026 - 16/04/2027,"118, RIVERVALE DR, #01-25, SINGAPORE(540118)"
TIAN TIAN LAI EATING HOUSE PTE LTD,22/04/2026 - 21/04/2027,"3018, BEDOK NORTH ST 5, #06-10, SINGAPORE(486132)"
BANGKIT RETAIL SHOP,29/04/2026 - 28/04/2027,"BANGKIT RETAIL SHOP, 20, BUKIT PANJANG RING RD, #01-K1, BANGKIT LRT STATION, SINGAPORE(679939)"
SUNGEI KADUT EATING HOUSE,20/05/2026 - 19/05/2027,"32, PIONEER SECTOR 2, SINGAPORE(628388)"
SHENG SIONG SUPERMARKET PTE LTD,28/05/2026 - 27/05/2027,"SHENG SIONG, 544, JURONG WEST ST 42, #01-99, SINGAPORE(640544)"
7-ELEVEN,02/06/2026 - 01/06/2027,"123, BEDOK NORTH ST 2, #01-158, SINGAPORE(460123)"
BROADWAY FOOD CENTRE (HOLDINGS) PTE LTD,05/06/2026 - 04/06/2027,"BROADWAY, 644, HOUGANG AVE 8, #01-257, SINGAPORE(530644)"
7-ELEVEN,10/06/2026 - 09/06/2027,"21, CHOA CHU KANG AVE 4, #01-07A, LOT 1 SHOPPERS` MALL, SINGAPORE(689812)"
CHYAU FWU WINE & SPIRITS PTE LTD,17/06/2026 - 16/06/2027,"600, NORTH BRIDGE RD, PARKVIEW SQUARE, SINGAPORE(188778)"
SIEW LAI TRADING CENTRE,30/06/2026 - 29/06/2027,"SIEW LAI TRADING CENTRE, 925, YISHUN CENTRAL 1, #01-243, SINGAPORE(760925)"
CHEERS HOLDINGS (2004) PTE LTD,30/06/2026 - 29/06/2027,"743, YISHUN AVENUE 5, #01-546, SINGAPORE(760743)"
FOOD & DRINKS CATERING PTE LTD,30/06/2026 - 29/06/2027,"282A, TOH GUAN ROAD, #01-01, MULTI STOREY CAR PARK, SINGAPORE(601282)"
7-ELEVEN,17/07/2026 - 16/07/2027,"545, ORCHARD ROAD, #01-14, FAR EAST SHOPPING CENTRE, SINGAPORE(238882)"
7-ELEVEN,17/07/2026 - 16/07/2027,"408, NORTH BRIDGE ROAD, #01-01, SINGAPORE(188725)"
7-ELEVEN,17/07/2026 - 16/07/2027,"583, ORCHARD ROAD, #01-K4, FORUM THE SHOPPING MALL, SINGAPORE(238884)"
7-ELEVEN,17/07/2026 - 16/07/2027,"18, JALAN MASJID, #01-05, KEMBANGAN PLAZA, SINGAPORE(418944)"
THE CONNOISSEUR DIVAN,05/08/2025 - 04/08/2026,"207, RIVER VALLEY ROAD, #01-62, SINGAPORE(238275)"
7-ELEVEN,15/08/2025 - 14/08/2026,"10, ANSON ROAD, #01-08, INTERNATIONAL PLAZA, SINGAPORE(079903)"
SOON SENG GROCERY MARKETING,18/08/2025 - 17/08/2026,"70 , LORONG 4 TOA PAYOH , #01-341, SINGAPORE(310070)"
CHEERS HOLDINGS (2004) PTE LTD,20/08/2025 - 19/08/2026,"151 , BOON LAY WAY , #01-03, CHINESE GARDEN MRT STATION , SINGAPORE(609959)"
NG SIEW ENG,23/08/2025 - 22/08/2026,"398 , PICCADILLY , SELETAR EAST CAMP, SINGAPORE(798368)"
TANG AH MOI,29/08/2025 - 28/08/2026,"1 , THOMSON ROAD , #01-326, BALESTIER HILL SHOPPING CENTRE , SINGAPORE(300001)"
7-ELEVEN,03/09/2025 - 02/09/2026,"7-ELEVEN, 163, TANGLIN ROAD, #01-112, TANGLIN MALL, SINGAPORE(247933)"
TITBITS N TITBITS,15/09/2025 - 14/09/2026,"548 , WOODLANDS DRIVE 44 , #01-30, VISTA POINT , SINGAPORE(730548)"
LOO HENG TRADING,26/09/2025 - 25/09/2026,"253 , JURONG EAST STREET 24 , #01-211, SINGAPORE(600253)"
SHENG SIONG SUPERMARKET PTE LTD,04/10/2025 - 03/10/2026,"SHENG SIONG, 3, YUAN CHING ROAD, #01-02, SINGAPORE(618642)"
FOOD MORE,07/10/2025 - 06/10/2026,"FOOD MORE, 3, YUAN CHING ROAD, #01-01, SINGAPORE(618642)"
KIM SAN LENG (BUKIT PANJANG) PTE. LTD.,22/10/2025 - 21/10/2026,"KIM SAN LENG, 259, BUKIT PANJANG RING ROAD, #01-36, DRINK STORE, SINGAPORE(671259)"
NTUC FAIRPRICE CO-OPERATIVE LIMITED,10/11/2025 - 09/11/2026,"628 , SENJA ROAD , #01-01, SINGAPORE(670628)"
CHEERS HOLDINGS (2004) PTE LTD,11/11/2025 - 10/11/2026,"231 , BAIN STREET , #01-21, BRAS BASAH COMPLEX , SINGAPORE(180231)"
7-ELEVEN,13/11/2025 - 12/11/2026,"271, BUKIT TIMAH ROAD, #01-03, BALMORAL PLAZA, SINGAPORE(259708)"
NTUC FAIRPRICE CO-OPERATIVE LIMITED,24/11/2025 - 23/11/2026,"280 , BUKIT BATOK EAST AVENUE 3 , #01-315, SINGAPORE(650280)"
7-ELEVEN,10/12/2025 - 09/12/2026,"58, CIRCULAR ROAD, #01-01, SINGAPORE(049413)"
7-ELEVEN,10/12/2025 - 09/12/2026,"39, JALAN TIGA, #01-04, SINGAPORE(390039)"
MANIS CAFETARIA PTE LTD,17/12/2025 - 16/12/2026,"3 , CHANGI SOUTH STREET 2 , C G AEROSPACE WAREHOUSE , SINGAPORE(486548)"
7-ELEVEN,18/12/2025 - 17/12/2026,"901, BUKIT TIMAH ROAD, SINGAPORE(589619)"
KOUFU PTE LTD,02/01/2026 - 01/01/2027,"KOUFU, 735, PASIR RIS STREET 72, #01-336, SINGAPORE(510735)"
LEE YEN YOON,09/01/2026 - 08/01/2027,"#00-016, KALLANG ESTATE MARKET, SINGAPORE"
KAUNG MON TRADING,14/01/2026 - 13/01/2027,"111 , NORTH BRIDGE ROAD , #03-54, PENINSULA PLAZA , SINGAPORE(179098)"
SINGAPORE PETROLEUM COMPANY LIMITED,16/01/2026 - 15/01/2027,"SPC HOUGANG, 120, HOUGANG AVENUE 2, SINGAPORE(538858)"
NTUC FAIRPRICE CO-OPERATIVE LTD,26/01/2026 - 25/01/2027,"57 , DAWSON ROAD , #01-07, DAWSON PLACE , SINGAPORE(142057)"
KOUFU PTE LTD,29/01/2026 - 28/01/2027,"KOUFU, 511, CANBERRA ROAD, #01-01, SINGAPORE(750511)"
S-11(YISHUN 744) FOOD HOUSE,04/02/2026 - 03/02/2027,"744 , YISHUN STREET 72 , #01-197, SINGAPORE(760744)"
7-ELEVEN,06/02/2026 - 05/02/2027,"700, GEYLANG ROAD, SINGAPORE(389617)"
7-ELEVEN,10/02/2026 - 09/02/2027,"548, WOODLANDS DRIVE 44, #01-09, VISTA POINT, SINGAPORE(730548)"
CHUAN HUAT GUAN DRY MARKET,12/02/2026 - 11/02/2027,"6 , JALAN SELASEH , SELETAR HILLS ESTATE , SINGAPORE(808435)"
KAILASAM S/O PERIANAN PUSALAN,12/02/2026 - 11/02/2027,"226H, ANG MO KIO ST 22, #01-28, SINGAPORE"
SHENG SIONG SUPERMARKET PTE LTD,01/03/2026 - 28/02/2027,"SHENG SIONG, 233, ANG MO KIO AVENUE 3, #01-1168, SINGAPORE(560233)"
7-ELEVEN,05/03/2026 - 04/03/2027,"347, BUKIT BATOK STREET 34, #01-262, SINGAPORE(650347)"
TENG SENG CHIEW,17/03/2026 - 16/03/2027,"BERSEH FOOD CENTRE, #01-15, SINGAPORE"
LOAU LANG HONG,22/03/2026 - 21/03/2027,"150, KAMPONG AMPAT, #02-01, SINGAPORE(368324)"
7-ELEVEN,23/03/2026 - 22/03/2027,"654, YISHUN AVENUE 4, #01-439, SINGAPORE(760654)"
YI JIA MINI MART,08/04/2026 - 07/04/2027,"57, GEYLANG BAHRU, #01-3499, SINGAPORE(330057)"
MAGNATON VENTURES,16/04/2026 - 15/04/2027,"SHELL SELECT, 98, PAYA LEBAR ROAD, SHELL PETROL SERVICE, SINGAPORE(409008)"
SHENG SIONG SUPERMARKET PTE LTD,30/04/2026 - 29/04/2027,"SHENG SIONG, 61, TEBAN GARDENS ROAD, #01-21, SINGAPORE(600061)"
7-ELEVEN,07/05/2026 - 06/05/2027,"318B, ANCHORVALE LINK, #01-255, SINGAPORE(542318)"
YEE HUAT TRADING,14/05/2026 - 13/05/2027,"539, BUKIT BATOK STREET 52, #01-573, SINGAPORE(650539)"
TEO TECK YEOW,31/05/2026 - 30/05/2027,"#01-56, WHAMPOA DRIVE BLK 92, SINGAPORE"
TIEW GIOK TRADING,07/06/2026 - 06/06/2027,"TIEW GIOK DEPARTMENT STORE, 511A, BEDOK NORTH STREET 3, #01-139, SINGAPORE(461511)"
COLD STORAGE SINGAPORE (1983) PTE LTD,18/06/2026 - 17/06/2027,"81, CLEMENCEAU AVENUE, #02-18, UE SQUARE, SINGAPORE(239917)"
JH SERVICES,22/06/2026 - 21/06/2027,"SHELL SELECT, 168, PASIR PANJANG ROAD, SHELL PETROL SERVICE, SINGAPORE(118556)"
SONIA SUNDRIES STORE,24/06/2026 - 23/06/2027,"SONIA SUNDRIES STORE, 88, SYED ALWI ROAD, SINGAPORE(207667)"
JH SERVICES,29/06/2026 - 28/06/2027,"SHELL SELECT, 328, PASIR PANJANG ROAD, SHELL PETROL SERVICE, SINGAPORE(118654)"
CHEERS HOLDINGS (2004) PTE LTD,09/07/2026 - 08/07/2027,"1, MARITIME SQUARE, #01-82, HARBOURFRONT CENTRE, SINGAPORE(099253)"
KOUFU PTE LTD,22/07/2026 - 21/07/2027,"KOUFU, 638A, JURONG WEST STREET 61, #01-22, PIONEER MALL, SINGAPORE(641638)"
MELODY PAVILION RESTAURANT PTE LTD,22/07/2026 - 21/07/2027,"19, SEMBAWANG ROAD, SINGAPORE(779075)"
THE MASONIC CLUB,22/07/2026 - 21/07/2027,"THE MASONIC CLUB, 23A, COLEMAN STREET, MASONIC HALL (GROUD FLOOR), SINGAPORE(179806)"
7-ELEVEN,28/07/2026 - 27/07/2027,"71, WOODLANDS AVENUE 3, #01-04, MARSILING MRT STATION, SINGAPORE(739044)"
7-ELEVEN,03/08/2026 - 02/08/2027,"12, TELOK BLANGAH CRESCENT, #01-113, SINGAPORE(090012)"
UNIVERSAL PRODUCTS ENTERPRISE,05/08/2026 - 04/08/2027,"153, BUKIT BATOK STREET 11, #01-298, SINGAPORE(650153)"
SHENG SIONG SUPERMARKET PTE LTD,11/08/2025 - 10/08/2026,"SHENG SIONG, 108, MCNAIR ROAD, #01-295, TOWNER HEIGHTS, SINGAPORE(321108)"
TONG XING FA SUPERMARKET PTE. LTD.,27/08/2025 - 26/08/2026,"410, CHOA CHU KANG AVENUE 3, #01-341, SINGAPORE(680410)"
NTUC FAIRPRICE CO-OPERATIVE LTD,02/09/2025 - 01/09/2026,"168, PUNGGOL FIELD, #03-01, PUNGGOL PLAZA, SINGAPORE(820168)"
NTUC FAIRPRICE CO-OPERATIVE LTD,06/09/2025 - 05/09/2026,"FAIRPRICE FINEST, 302, TIONG BAHRU ROAD, #B1-122, TIONG BAHRU PLAZA, SINGAPORE(168732)"
NTUC FAIRPRICE CO-OPERATIVE LTD,08/09/2025 - 07/09/2026,"108, DEPOT ROAD, #01-01, DEPOT HEIGHTS SHOPPING CENTRE, SINGAPORE(100108)"
KOUFU PTE LTD,08/09/2025 - 07/09/2026,"KOUFU, 168, PUNGGOL FIELD, #01-01, SINGAPORE(820168)"
7-ELEVEN,09/09/2025 - 08/09/2026,"109, BUKIT PURMEI ROAD, #01-137, SINGAPORE(090109)"
LIM CHEE SENG,09/09/2025 - 08/09/2026,"7500A, BEACH ROAD, #B1-323, THE PLAZA, SINGAPORE(199591)"
7-ELEVEN,13/09/2025 - 12/09/2026,"638A, JURONG WEST STREET 61, PIONEER MALL, SINGAPORE(641638)"
7-ELEVEN,04/10/2025 - 03/10/2026,"68, GEYLANG BAHRU, #01-3233, SINGAPORE(330068)"
7-ELEVEN,04/10/2025 - 03/10/2026,"883, WOODLANDS STREET 82, #01-494, WOODLANDS NORTH PLAZA, SINGAPORE(730883)"
FOOD VALUE,18/10/2025 - 17/10/2026,"FOOD VALUE, 683, HOUGANG AVENUE 8, #01-913, SINGAPORE(530683)"
SHENG SIONG SUPERMARKET PTE LTD,21/10/2025 - 20/10/2026,"SHENG SIONG, 19, SERANGOON NORTH AVENUE 5, #01-02, SINGAPORE(554913)"
7-ELEVEN,05/11/2025 - 04/11/2026,"60, LORONG 25A GEYLANG, SINGAPORE(388250)"
KAUNG SONE PTE LTD,18/11/2025 - 17/11/2026,"328, CLEMENTI AVENUE 2, #01-200, SINGAPORE(120328)"
7-ELEVEN,19/11/2025 - 18/11/2026,"5, RAFFLES PLACE, #B1-53, RAFFLES PLACE MRT STATION, SINGAPORE(048618)"
ERIC KERK HAN KHIM,03/12/2025 - 02/12/2026,"883, WOODLANDS STREET 82, #02-472, WOODLANDS NORTH PLAZA, SINGAPORE(730883)"
KOUFU PTE LTD,03/12/2025 - 02/12/2026,"KOUFU, 263, COMPASSVALE STREET, #01-09, SINGAPORE(540263)"
CHEERS HOLDINGS (2004) PTE LTD,03/12/2025 - 02/12/2026,"269, BALESTIER ROAD, #01-02, HOTEL 81, SINGAPORE(329720)"
NTUC FAIRPRICE CO-OPERATIVE LTD,17/12/2025 - 16/12/2026,"900, SOUTH WOODLANDS DRIVE, #B1-01, WOODLANDS CIVIC CENTRE, SINGAPORE(730900)"
FRESHPICK SUPERMARKET,28/12/2025 - 27/12/2026,"FRESHPICK SUPERMARKET, 814, JURONG WEST STREET 81, #01-190, SINGAPORE(640814)"
KOPITIAM INVESTMENT PTE. LTD.,06/01/2026 - 05/01/2027,"KOPITIAM INVESTMENT PTE LTD, 639, PUNGGOL DRIVE, #01-07, SINGAPORE(820639)"
SING LI FOOD JUNCTION,15/02/2026 - 14/02/2027,"177, MACPHERSON ROAD, SENNETT ESTATE, SINGAPORE(348538)"
GOH LIK HIN,25/02/2026 - 24/02/2027,"NEWTON FOOD CENTRE, #01-01, SINGAPORE"
MAGNATON VENTURES,28/02/2026 - 27/02/2027,"SHELL SELECT, 259, MACPHERSON ROAD, SHELL PETROL SERVICE, SINGAPORE(348584)"
PRIME SUPERMARKET (1996) PTE LTD,03/03/2026 - 02/03/2027,"PRIME SUPERMARKET, 106, HOUGANG AVENUE 1, #01-1213, SINGAPORE(530106)"
GAB MINIMART,11/03/2026 - 10/03/2027,"264, SERANGOON CENTRAL, #01-217, SINGAPORE(550264)"
CHEERS HOLDINGS (2004) PTE LTD,01/04/2026 - 31/03/2027,"810, HOUGANG CENTRAL, #01-214, HOUGANG CENTRAL, SINGAPORE(530810)"
7-ELEVEN,13/04/2026 - 12/04/2027,"7-ELEVEN, 190, MIDDLE ROAD, #01-03, FORTUNE CENTRE, SINGAPORE(188979)"
PRIME SUPERMARKET LIMITED,14/04/2026 - 13/04/2027,"PRIME SUPERMARKET, 962, JURONG WEST STREET 91, #01-300, SINGAPORE(640962)"
PRIME SUPERMARKET LIMITED,14/04/2026 - 13/04/2027,"PRIME SUPERMARKET, 763, JURONG WEST STREET 75, #01-01, SINGAPORE(640763)"
BENG GUAN MINI MART,18/04/2026 - 17/04/2027,"122, BEDOK NORTH STREET 2, #01-102, SINGAPORE(460122)"
BOON LAY PHOTO CENTRE,19/04/2026 - 18/04/2027,"221, BOON LAY PLACE, #01-160, BOON LAY SHOPPING CENTRE, SINGAPORE(640221)"
NTUC FAIRPRICE CO-OPERATIVE LTD,27/04/2026 - 26/04/2027,"138, TAMPINES STREET 11, #01-136, SINGAPORE(521138)"
NTUC FAIRPRICE CO-OPERATIVE LTD,27/04/2026 - 26/04/2027,"29B, CHAI CHEE AVENUE, #01-62, SINGAPORE(462029)"
7-ELEVEN,09/05/2026 - 08/05/2027,"7-ELEVEN, 627, YISHUN STREET 61, #01-61, SINGAPORE(760627)"
7-ELEVEN,17/05/2026 - 16/05/2027,"7-ELEVEN, 180, BENCOOLEN STREET, #01-66, BENCOOLEN, THE, SINGAPORE(189646)"
NTUC FAIRPRICE CO-OPERATIVE LTD,24/05/2026 - 23/05/2027,"253, SERANGOON CENTRAL DRIVE, #01-241, SINGAPORE(550253)"
S-11 (WOODLAND 630A) FOOD HOUSE PTE LTD,31/05/2026 - 30/05/2027,"S-11 (WOODLAND 630A) FOOD HOUSE PTE LTD, 630A, WOODLANDS RING ROAD, #01-01, SINGAPORE(731630)"
7-ELEVEN,30/06/2026 - 29/06/2027,"7-ELEVEN, 1, BEACH ROAD, #01-4769, SINGAPORE(190001)"
SHENG SIONG SUPERMARKET PTE LTD,13/07/2026 - 12/07/2027,"SHENG SIONG, 720, CLEMENTI WEST STREET 2, #01-144, SINGAPORE(120720)"
HOE KEE HUAT SUPERMART,25/07/2026 - 24/07/2027,"212, LORONG 8 TOA PAYOH, #01-43, SINGAPORE(310212)"
7-ELEVEN,27/07/2026 - 26/07/2027,"7-ELEVEN, 75D, REDHILL ROAD, #01-102, SINGAPORE(154075)"
ANCHORVALE MINIMART,11/08/2025 - 10/08/2026,"267, COMPASSVALE LINK, #01-01, MULTI STOREY CAR PARK, SINGAPORE(540267)"
CHONG HOCK PTE. LTD.,19/08/2025 - 18/08/2026,"CHONG HOCK PTE. LTD., 71, TUAS AVENUE 1, SINGAPORE(639511)"
PRIME SUPERMARKET LIMITED,23/08/2025 - 22/08/2026,"PRIME SUPERMARKET, 25A, CHAI CHEE ROAD, #01-459, SINGAPORE(461025)"
MAMA MINIMART,23/08/2025 - 22/08/2026,"478, SEMBAWANG DRIVE, #01-393, SINGAPORE(750478)"
KOUFU PTE LTD,25/08/2025 - 24/08/2026,"HAPPY HAWKERS, 267, COMPASSVALE LINK, #01-02, MULTI STOREY CAR PARK, SINGAPORE(540267)"
7-ELEVEN,26/08/2025 - 25/08/2026,"7-ELEVEN, 8, EMPRESS ROAD, #01-23, SINGAPORE(260008)"
7-ELEVEN,26/08/2025 - 25/08/2026,"7-ELEVEN, 60A, ORCHARD ROAD, #01-03, ATRIUM @ ORCHARD, THE (DHOBY GHAUT MRT STN), SINGAPORE(238890)"
TEO CHIN KEONG,29/08/2025 - 28/08/2026,"19, MARSILING LANE, #01-329, SINGAPORE(730019)"
H M HUSSAIN,05/09/2025 - 04/09/2026,"H M HUSSAIN, 6, HOLLAND CLOSE, #01-12, SINGAPORE(271006)"
PRIME SUPERMARKET LIMITED,12/09/2025 - 11/09/2026,"PRIME SUPERMARKET, 803, KING GEORGE'S AVENUE, #01-154, SINGAPORE(200803)"
NTUC FAIRPRICE CO-OPERATIVE LTD,13/09/2025 - 12/09/2026,"934, EAST COAST ROAD, SINGAPORE(459125)"
BROADWAY FOOD CENTRE (HOLDINGS) PTE LTD,14/09/2025 - 13/09/2026,"BROADWAY, 60, GUL LANE, SINGAPORE(629437)"
KHENG JUAN EATING HOUSE,21/09/2025 - 20/09/2026,"7, KEPPEL ROAD, #01-24, TANJONG PAGAR COMPLEX, SINGAPORE(089053)"
YONG AN NEIGHBOURHOOD MINIMART,11/10/2025 - 10/10/2026,"329, RIVER VALLEY ROAD, #01-01, YONG ANN PARK, SINGAPORE(238361)"
SHAHID MINI MART LLP,14/10/2025 - 13/10/2026,"SHAHID MINI MART LLP, 742A, TAMPINES STREET 72, #01-02, SINGAPORE(521742)"
7-ELEVEN,18/10/2025 - 17/10/2026,"7-ELEVEN, 285, YISHUN AVENUE 6, #01-04, SINGAPORE(760285)"
PARK (E) CRESCENT FOOD HOUSE PTE. LTD.,28/10/2025 - 27/10/2026,"PARK (E) CRESCENT FOOD HOUSE PTE LTD, 2A, EUNOS CRESCENT, #01-2431, SINGAPORE(401002)"
KIM SAN LENG (JURONG) FAMILY RESTAURANT,04/11/2025 - 03/11/2026,"202, JURONG EAST STREET 21, #01-109, SINGAPORE(600202)"
CHEERS HOLDINGS (2004) PTE LTD,10/11/2025 - 09/11/2026,"36, FOCH ROAD, SINGAPORE(209266)"
7-ELEVEN,10/11/2025 - 09/11/2026,"7-ELEVEN, 356, HOUGANG AVENUE 7, #01-781, (HALF SHOP), SINGAPORE(530356)"
7-ELEVEN,14/11/2025 - 13/11/2026,"7-ELEVEN, 77, DUNLOP STREET, (LEVEL ONE ONLY), SINGAPORE(209404)"
7-ELEVEN,14/11/2025 - 13/11/2026,"7-ELEVEN, 30, MERCHANT ROAD, #01-01B, RIVERSIDE POINT, SINGAPORE(058282)"
TAN BOON CHEW,16/11/2025 - 15/11/2026,"65, YUNG KUANG ROAD, #01-103, SINGAPORE(610065)"
7-ELEVEN,22/11/2025 - 21/11/2026,"7-ELEVEN, 85, KILLINEY ROAD, (LEVEL 1), SINGAPORE(239532)"
NTUC FAIRPRICE CO-OPERATIVE LTD,24/11/2025 - 23/11/2026,"734, PASIR RIS STREET 72, #01-37, PASIR RIS WEST PLAZA, SINGAPORE(510734)"
7-ELEVEN,07/12/2025 - 06/12/2026,"7-ELEVEN, 38, DUXTON ROAD, SINGAPORE(089502)"
7-ELEVEN,08/12/2025 - 07/12/2026,"7-ELEVEN, 50, CLUB STREET, SINGAPORE(069427)"
7-ELEVEN,08/12/2025 - 07/12/2026,"7-ELEVEN, 462, TAMPINES STREET 44, #01-72, SINGAPORE(520462)"
V2 MART,13/12/2025 - 12/12/2026,"59, HUME AVENUE, PARC PALAIS BASEMENT CARPARK, SINGAPORE(596301)"
SING POH EATING HOUSE,19/12/2025 - 18/12/2026,"285, YISHUN AVENUE 6, #01-02, SINGAPORE(760285)"
BROADWAY FOOD CENTRE (HOLDINGS) PTE LTD,03/01/2026 - 02/01/2027,"BROADWAY, 334A, SEMBAWANG CLOSE, #01-01, SINGAPORE(751334)"
CHEERS HOLDINGS (2004) PTE LTD,03/01/2026 - 02/01/2027,"CHEERS HOLDINGS (2004) PTE LTD, 135, JURONG EAST STREET 13, #01-337, LEFT WING, SINGAPORE(600135)"
MOHIDEEN ENTERPRISE,09/01/2026 - 08/01/2027,"MOHIDEEN ENTERPRISE, 11, PETIR ROAD, #01-K1, BUKIT PANJANG LRT STATION, SINGAPORE(678268)"
7-ELEVEN,09/01/2026 - 08/01/2027,"7-ELEVEN, 49, SCOTTS ROAD, #B1-01, NEWTON MRT STATION, SINGAPORE(228234)"
7-ELEVEN,09/01/2026 - 08/01/2027,"7-ELEVEN, 30, EUNOS CRESCENT, #01-03, EUNOS MRT STATION, SINGAPORE(409423)"
MENG HIN,16/01/2026 - 15/01/2027,"MENG HIN, 32, NEW MARKET ROAD, #01-1116A, SINGAPORE(050032)"
REYNETT XUE YI LING,19/01/2026 - 18/01/2027,"CHIN HENG DRINKS CORNER, 121, PASIR PANJANG ROAD, #01-16, PASIR PANJANG FOOD CENTRE, SINGAPORE(118543)"
FMC TRADING,27/01/2026 - 26/01/2027,"FMC TRADING, 391, ORCHARD ROAD, #03-15A, NGEE ANN CITY, SINGAPORE(238872)"
7-ELEVEN,14/02/2026 - 13/02/2027,"7-ELEVEN, 30, SIMEI STREET 3, #01-06, SIMEI MRT STATION, SINGAPORE(529888)"
M28 MINIMART,22/02/2026 - 21/02/2027,"M28 MINIMART, 465, SEGAR ROAD, #01-150, SINGAPORE(670465)"
SENTOSA GOLF CLUB,10/03/2026 - 09/03/2027,"GOLFERS' TERRACE, 27, BUKIT MANIS ROAD, #01-A, SENTOSA GOLF CLUB, SINGAPORE(099892)"
7-ELEVEN,14/03/2026 - 13/03/2027,"7-ELEVEN, 282, TAMPINES STREET 22, #01-302, SINGAPORE(520282)"
DOVER COFFEE SHOP,17/03/2026 - 16/03/2027,"DOVER COFFEE SHOP, 5, DOVER CRESCENT, #01-02, SINGAPORE(130005)"
SOON CHYE PROVISION SHOP,27/03/2026 - 26/03/2027,"452, JURONG WEST STREET 42, #01-K1, SINGAPORE(640452)"
7-ELEVEN,29/03/2026 - 28/03/2027,"7-ELEVEN, 768, UPPER SERANGOON ROAD, SINGAPORE(534636)"
ANG MO SUPERMARKET PTE LTD,03/04/2026 - 02/04/2027,"ANG MO SUPERMARKET, 85, LORONG 4 TOA PAYOH, #01-352, SINGAPORE(310085)"
COLD STORAGE SINGAPORE (1983) PTE LTD,07/04/2026 - 06/04/2027,"COLD STORAGE CLUNY COURT, 501, BUKIT TIMAH ROAD, #01-02, CLUNY COURT, SINGAPORE(259760)"
7-ELEVEN,12/04/2026 - 11/04/2027,"7-ELEVEN, 418, BALESTIER ROAD, #01-02, SINGAPORE(329808)"
7-ELEVEN,21/04/2026 - 20/04/2027,"7-ELEVEN, 148, POTONG PASIR AVENUE 1, #01-27, (LEVEL 1), SINGAPORE(350148)"
EMIRATES INTERNATIONAL TRADING PTE. LTD.,24/04/2026 - 23/04/2027,"EMIRATES INTERNATIONAL TRADING PTE LTD, 248, HOUGANG AVENUE 3, #01-K1, SINGAPORE(530248)"
HONG YUN FOOD PTE. LTD.,24/04/2026 - 23/04/2027,"73, SCIENCE PARK DRIVE, #B1-09, CINTECH BUILDING, SINGAPORE(118254)"
PRIME SUPERMARKET (1996) PTE LTD,27/04/2026 - 26/04/2027,"PRIME SUPERMARKET, 253, CHOA CHU KANG AVENUE 1, #B1-07, KEAT HONG SHOPPING CENTRE, SINGAPORE(680253)"
KOLA FOOD LLP,26/05/2026 - 25/05/2027,"36, SIN MING DRIVE, #01-371, SINGAPORE(575710)"
SELETAR COUNTRY CLUBÂ ,29/05/2026 - 28/05/2027,"SELETAR TERRACE, 101, SELETAR CLUB ROAD, SELETAR COUNTRY CLUB, SINGAPORE(798273)"
CHEVRON SINGAPORE PTE. LTD.,26/06/2026 - 25/06/2027,"STAR MART, 277, LORONG CHUAN, CALTEX SERVICE STATION, SINGAPORE(556771)"
CHEVRON SINGAPORE PTE. LTD.,26/06/2026 - 25/06/2027,"STAR MART, 542, BALESTIER ROAD, CALTEX SERVICE STATION, SINGAPORE(329864)"
CHEVRON SINGAPORE PTE. LTD.,26/06/2026 - 25/06/2027,"STAR MART, 236, WHITLEY ROAD, CALTEX SERVICE STATION, SINGAPORE(297826)"
KOPITIAM INVESTMENT PTE. LTD.,30/06/2026 - 29/06/2027,"KOPITIAM INVESTMENT PTE LTD, 248, SIMEI STREET 3, #01-136, SINGAPORE(520248)"
AR STORE,04/07/2026 - 03/07/2027,"331, BUKIT BATOK STREET 33, #01-K1, SINGAPORE(650331)"
ANNAM MINI-MART,18/07/2025 - 17/07/2026,"ANNAM MINI-MART, 306, CLEMENTI AVENUE 4, #01-449, SINGAPORE(120306)"
KARTHIKA ENTERPRISES PTE. LTD.,26/07/2026 - 25/07/2027,"KARTHIKA ENTERPRISES PTE LTD, 34, BUFFALO ROAD, SINGAPORE(219796)"
7-ELEVEN,14/08/2025 - 13/08/2026,"7-ELEVEN, 30, ROBERTSON QUAY, #01-02, RIVERSIDE VIEW, SINGAPORE(238251)"
7-ELEVEN,15/08/2025 - 14/08/2026,"7-ELEVEN, 760, UPPER SERANGOON ROAD, #01-02, SINGAPORE(534629)"
7-ELEVEN,18/08/2025 - 17/08/2026,"7-ELEVEN, 920, TIONG BAHRU ROAD, #01-01, REDHILL MRT STATION, SINGAPORE(158792)"
AJMAL MINIMART,21/09/2025 - 20/09/2026,"AJMAL MINI MART, 233, BUKIT BATOK EAST AVENUE 5, #01-51, SINGAPORE(650233)"
BROTZEIT PTE. LTD.,26/09/2025 - 25/09/2026,"BROTZEIT PTE. LTD., 1, HARBOURFRONT WALK, #01-149, VIVO CITY, SINGAPORE(098585)"
7-ELEVEN,06/10/2025 - 05/10/2026,"7-ELEVEN, 6, CLEMENTI ROAD, #01-04, SINGAPORE(129741)"
KOUFU PTE LTD,13/10/2025 - 12/10/2026,"HAPPY HAWKER, 739, BEDOK RESERVOIR ROAD, #01-3139, SINGAPORE(470739)"
LOO SUAT KEOW,26/10/2025 - 25/10/2026,"51, OLD AIRPORT ROAD, #02-39, OLD AIRPORT ROAD HAWKERS' CENTRE, SINGAPORE(390051)"
LALA'S MINI-MART,01/11/2025 - 31/10/2026,"402, BEDOK NORTH AVENUE 3, #01-269, SINGAPORE(460402)"
REPUBLIC OF SINGAPORE YACHT CLUB,06/11/2025 - 05/11/2026,"THE MESS, 52, WEST COAST FERRY ROAD, #02-A, REPUBLIC OF SINGAPORE YACHT CLUB, SINGAPORE(126887)"
MEERA'S CURRY BANANALEAF RESTAURANT PTE. LTD.,07/11/2025 - 06/11/2026,"910B, UPPER THOMSON ROAD, SINGAPORE(787112)"
MAJESTUOSO PTE. LTD.,10/11/2025 - 09/11/2026,"LA CASA CUBANA, 129, TANGLIN ROAD, #B1-01, TUDOR COURT, SINGAPORE(247923)"
LATERALCO TRADERS PTE. LTD.,10/11/2025 - 09/11/2026,"LATERALCO TRADERS PTE. LTD., 637, VEERASAMY ROAD, #01-103, SINGAPORE(200637)"
YOUR CHOICE CATERING PTE. LTD.,10/11/2025 - 09/11/2026,"688, WOODLANDS DRIVE 75, #01-01, MULTI STOREY CAR PARK, SINGAPORE(730688)"
TAN SWEE AI,13/11/2025 - 12/11/2026,"SINGA CAFE, #01-14, NEWTON FOOD CENTRE, SINGAPORE"
7-ELEVEN,15/11/2025 - 14/11/2026,"7-ELEVEN, 21, CHANGI SOUTH AVENUE 1, #01-02, EXPO MRT STATION, SINGAPORE(486065)"
TIAN TIAN LE CONVENIENT STORE,16/11/2025 - 15/11/2026,"688, WOODLANDS DRIVE 75, #01-02, MULTI STOREY CAR PARK, SINGAPORE(730688)"
7-ELEVEN,20/11/2025 - 19/11/2026,"7-ELEVEN, 131, MARSILING RISE, #01-194, SINGAPORE(730131)"
NTUC FAIRPRICE CO-OPERATIVE LTD,22/11/2025 - 21/11/2026,"10, SINARAN DRIVE, #04-47, SQUARE 2, SINGAPORE(307506)"
M28 MINIMART,01/12/2025 - 30/11/2026,"M28 MINIMART, 678A, CHOA CHU KANG CRESCENT, #01-02, MULTI STOREY CAR PARK, SINGAPORE(681678)"
7-ELEVEN,19/12/2025 - 18/12/2026,"7-ELEVEN, 1, RAFFLES QUAY, #B2-08, SINGAPORE(048583)"
NTUC FAIRPRICE CO-OPERATIVE LTD,20/12/2025 - 19/12/2026,"53, ANG MO KIO AVENUE 3, #B2-40, SINGAPORE(569933)"
NTUC FAIRPRICE CO-OPERATIVE LTD,27/12/2025 - 26/12/2026,"866A, TAMPINES STREET 83, #01-01, TAMPINES CENTRAL COMMUNITY COMPLEX, SINGAPORE(521866)"
KPT ( P R 440) PTE. LTD.,27/12/2025 - 26/12/2026,"KPT, 440, PASIR RIS DRIVE 4, #01-13, SINGAPORE(510440)"
CHEERS HOLDINGS (2004) PTE LTD,05/01/2026 - 04/01/2027,"53, ANG MO KIO AVENUE 3, #B1-82, ANK MO KIO HUB, SINGAPORE(569933)"
CHEERS HOLDINGS (2004) PTE LTD,05/01/2026 - 04/01/2027,"53, ANG MO KIO AVENUE 3, #01-37, ANG MO KIO HUB, SINGAPORE(569933)"
KPT (BUKIT MERAH) PTE. LTD.,08/01/2026 - 07/01/2027,"KPT (BUKIT MERAH) PTE. LTD., 127, BUKIT MERAH LANE 1, #01-230, SINGAPORE(150127)"
CHEERS HOLDINGS (2004) PTE LTD,15/01/2026 - 14/01/2027,"866A, TAMPINES STREET 83, #01-01, TAMPINES CENTRAL CC(RIGHT HAND SIDE OF NTUC), SINGAPORE(521866)"
KOUFU PTE LTD,15/01/2026 - 14/01/2027,"KOUFU, 1, KAKI BUKIT ROAD 1, #01-18, ENTERPRISE ONE, SINGAPORE(415934)"
YONG SHENG KOPITIAM,26/01/2026 - 25/01/2027,"YONG SHENG KOPITIAM, 349, JURONG EAST AVENUE 1, #01-1215, SINGAPORE(600349)"
CHNG WAH SENG SUPERMARKET,29/01/2026 - 28/01/2027,"CHNG WAH SENG SUPERMARKET, 309, HOUGANG AVENUE 5, #01-291, SINGAPORE(530309)"
7-ELEVEN,06/02/2026 - 05/02/2027,"7-ELEVEN, 5, KOEK ROAD, #01-16, CUPPAGE PLAZA, SINGAPORE(228796)"
THH ENTERPRISE,12/02/2026 - 11/02/2027,"960, WOODLANDS ROAD, #01-14, KRANJI MRT STATION, SINGAPORE(738702)"
7-ELEVEN,06/03/2026 - 05/03/2027,"7-ELEVEN, 21, TAMPINES NORTH DRIVE 2, #01-02, SINGAPORE(528765)"
NATURE FRESH MART PTE. LTD.,09/03/2026 - 08/03/2027,"2, JALAN KURAS, SEMBAWANG HILLS ESTATE, SINGAPORE(577722)"
CHEAM GEK HIANG,19/03/2026 - 18/03/2027,"41A, CAMBRIDGE ROAD, #01-31, SINGAPORE(211041)"
EZ HOME PRODUCTS PTE. LTD.,29/03/2026 - 28/03/2027,"EZ HOME PRODUCTS PTE LTD, 118, RIVERVALE DRIVE, #01-23, RIVERVALE PLAZA, SINGAPORE(540118)"
TAN POH CHOO,02/04/2026 - 01/04/2027,"TAN COFFEE STALL, 22, LORONG 7 TOA PAYOH, #01-33, KIM KEAT PALM MARKET & FOOD CENTRE, SINGAPORE(310022)"
MAGNATON VENTURES,09/04/2026 - 08/04/2027,"SHELL SELECT, 11, BUKIT BATOK WEST AVENUE 3, SHELL PETROL SERVICE, SINGAPORE(659166)"
SHAREEF VALIYA VALAPPIL,27/04/2026 - 26/04/2027,"ALSALAM RESTAURANT, 457, CHANGI ROAD, SINGAPORE(419881)"
SILVER SPOON F&B PTE. LTD.,09/05/2026 - 08/05/2027,"293, YISHUN STREET 22, #01-261, SINGAPORE(760293)"
NICE MINIMART PTE. LTD.,11/05/2026 - 10/05/2027,"44, OWEN ROAD, #01-301, SINGAPORE(210044)"
AL BISMI MINIMART,15/05/2026 - 14/05/2027,"AL BISMI MINIMART, 136, BEDOK RESERVOIR ROAD, #01-1421, SINGAPORE(470136)"
SHENG SIONG SUPERMARKET PTE LTD,28/05/2026 - 27/05/2027,"SHENG SIONG, 209, NEW UPPER CHANGI ROAD, #01-631, SINGAPORE(460209)"
KOUFU PTE LTD,04/06/2026 - 03/06/2027,"KOUFU, 258, PASIR RIS STREET 21, #02-09, LOYANG POINT, SINGAPORE(510258)"
KOPITIAM INVESTMENT PTE. LTD.,04/06/2026 - 03/06/2027,"KOPITIAM INVESTMENT PTE LTD, 450, CLEMENTI AVENUE 3, #01-271, SINGAPORE(120450)"
CHEERS HOLDINGS (2004) PTE LTD,05/06/2026 - 04/06/2027,"500, LORONG 6 TOA PAYOH, #01-33, HDB HUB (LEFT), SINGAPORE(310500)"
FOOD-JOY PTE LTD,05/06/2026 - 04/06/2027,"24, SOUTH BUONA VISTA ROAD, SINGAPORE(118157)"
7-ELEVEN,06/06/2026 - 05/06/2027,"70, WOODLANDS AVENUE 7, #01-03, ADMIRALTY MRT STATION, SINGAPORE(738344)"
NTUC FAIRPRICE CO-OPERATIVE LTD,25/06/2026 - 24/06/2027,"43, CAMBRIDGE ROAD, #01-15, SINGAPORE(210043)"
SHENG SIONG GROCERIES,05/07/2026 - 04/07/2027,"SHENG SIONG, 7, JURONG WEST AVENUE 5, #01-08, SINGAPORE(649486)"
7-ELEVEN,06/07/2026 - 05/07/2027,"802, BUKIT BATOK WEST AVENUE 5, #01-12, BUKIT GOMBAK MRT STATION, SINGAPORE(659083)"
F M FOOD MASTER,06/07/2026 - 05/07/2027,"F M FOOD MASTER, 9, JURONG WEST AVENUE 5, #01-09, SINGAPORE(649487)"
ASTRID MEADOWS MINIMART AND SNACK BAR,11/07/2026 - 10/07/2027,"50, CORONATION ROAD WEST, #01-02, ASTRID MEADOWS (SOMERSET COURT), SINGAPORE(269264)"
NTUC FAIRPRICE CO-OPERATIVE LTD,13/07/2026 - 12/07/2027,"170, STIRLING ROAD, #01-1147, SINGAPORE(140170)"
KRISHNA STORES PTE. LTD.,27/07/2026 - 26/07/2027,"KRISHNA STORES PTE LTD, 371, BUKIT BATOK STREET 31, #01-322, (UNIT B), SINGAPORE(650371)"
SHENG SIONG SUPERMARKET PTE LTD,20/08/2025 - 19/08/2026,"SHENG SIONG, 88, TANGLIN HALT ROAD, #01-10, MULTI STOREY CAR PARK, SINGAPORE(141088)"
SHENG SIONG SUPERMARKET PTE LTD,21/08/2025 - 20/08/2026,"SHENG SIONG, 352, CLEMENTI AVENUE 2, #01-99, CLEMENTI AVENUE 2 SHOPPING CENTRE, SINGAPORE(120352)"
SHAIK ABDUL KADER AL-JAILANI MAKAN PLACE PTE. LTD.,22/08/2025 - 21/08/2026,"527, BEDOK NORTH STREET 3, #01-500, SINGAPORE(460527)"
JIN BIAO COFFEESHOP,31/08/2025 - 30/08/2026,"136, POTONG PASIR AVENUE 3, #01-168, SINGAPORE(350136)"
BAN KEE GUAN,05/09/2025 - 04/09/2026,"5, JALAN MINYAK, #01-328, SINGAPORE(161005)"
LIT HENG SENG MINIMART,14/09/2025 - 13/09/2026,"632, BEDOK RESERVOIR ROAD, #01-846, SINGAPORE(470632)"
NTUC FAIRPRICE CO-OPERATIVE LTD,20/09/2025 - 19/09/2026,"355, SEMBAWANG WAY, #01-01, SINGAPORE(750355)"
KOUFU PTE LTD,21/09/2025 - 20/09/2026,"KOUFU, 88, TANGLIN HALT ROAD, #01-08, MULTI STOREY CAR PARK, SINGAPORE(141088)"
CHEERS HOLDINGS (2004) PTE LTD,28/09/2025 - 27/09/2026,"10, CHOA CHU KANG AVENUE 4, #01-20, CHOA CHU KANG MRT STATION, SINGAPORE(689810)"
7-ELEVEN,03/10/2025 - 02/10/2026,"379, LORONG 1 TOA PAYOH, #B1-02, BRADDEL MRT STATION, SINGAPORE(319757)"
CHOH DEE PLACE (163A) PTE LTD,04/10/2025 - 03/10/2026,"CHOH DEE PLACE (163A) PTE LTD, 163A, GANGSA ROAD, #01-01, MULTI STOREY CAR PARK, SINGAPORE(671163)"
GOURMET EXPRESS FOOD HOUSE PTE. LTD.,05/10/2025 - 04/10/2026,"GOURMET EXPRESS FOOD HOUSE PTE LTD, 514A, BISHAN STREET 13, #01-480, SINGAPORE(571514)"
JURONG WEST 651 FOOD HOUSE PTE LTD,08/10/2025 - 07/10/2026,"JURONG WEST 651 FOOD HOUSE PTE LTD, 651, JURONG WEST STREET 61, #01-02, MULTI STOREY CAR PARK, SINGAPORE(640651)"
CHOH DEE PLACE (346A) PTE LTD,08/10/2025 - 07/10/2026,"CHOH DEE PLACE (346A) PTE LTD, 346A, KANG CHING ROAD, #01-01, MULTI STOREY CAR PARK, SINGAPORE(611346)"
PP146 FOOD HOUSE PTE. LTD.,08/10/2025 - 07/10/2026,"PP146 FOOD HOUSE PTE LTD, 146, POTONG PASIR AVENUE 1, #01-127, SINGAPORE(350146)"
CENDEX CAFETERIA,12/10/2025 - 11/10/2026,"CENDEX CAFETERIA, 120, LOWER DELTA ROAD, #01-15, CENDEX CENTRE, SINGAPORE(169208)"
NTUC FAIRPRICE CO-OPERATIVE LTD,15/10/2025 - 14/10/2026,"28, DOVER CRESCENT, #01-83, MULTI STOREY CAR PARK, SINGAPORE(130028)"
TAN SENG ONG,17/10/2025 - 16/10/2026,"CHANG CHENG MEE WAH, 373, BUKIT BATOK STREET 31, #01-250, SINGAPORE(650373)"
CHEERS HOLDINGS (2004) PTE LTD,06/11/2025 - 05/11/2026,"65, AIRPORT BOULEVARD, CHANGI AIRPORT TERMINAL 3 (BASEMENT 2 NORTH), SINGAPORE(819663)"
NTUC FAIRPRICE CO-OPERATIVE LTD,07/11/2025 - 06/11/2026,"5, UPPER BOON KENG ROAD, #01-05, MULTI STOREY CAR PARK, SINGAPORE(380005)"
YI HONG MINIMART,12/11/2025 - 11/11/2026,"24, DESKER ROAD, SINGAPORE(209559)"
KOUFU PTE LTD,22/11/2025 - 21/11/2026,"HAPPY HAWKERS, 531, ANG MO KIO AVENUE 10, #01-2429, CHENG SAN CENTRE, SINGAPORE(560531)"
P.S. ANANTHA MINI MART PTE. LTD.,29/11/2025 - 28/11/2026,"P.S. ANANTHA MINIMART, 626A, WOODLANDS DRIVE 52, #01-02, SINGAPORE(730626)"
7-ELEVEN,11/12/2025 - 10/12/2026,"301, BOON LAY WAY, #01-27, BOON LAY MRT STATION, SINGAPORE(649846)"
NTUC FAIRPRICE CO-OPERATIVE LTD,14/12/2025 - 13/12/2026,"65, AIRPORT BOULEVARD, #B2-LS2, CHANGI AIRPORT TERMINAL 3, SINGAPORE(819663)"
KTM 11 SUPERMART,28/12/2025 - 27/12/2026,"KTM 11 SUPERMART, 401, HOUGANG AVENUE 10, #01-1166, SINGAPORE(530401)"
MEGA FOOD COURT,07/01/2026 - 06/01/2027,"MEGA FOODCOURT, 567, BALESTIER ROAD, SINGAPORE(329884)"
MWH MINIMART,23/01/2026 - 22/01/2027,"MWH MINIMART, 462A, CHOA CHU KANG AVENUE 4, #01-01, MULTI STOREY CAR PARK, SINGAPORE(681462)"
ADPOST TRADEX,21/02/2026 - 20/02/2027,"ADPOST TRADEX, 290, ORCHARD ROAD, #B1-19, PARAGON, THE, SINGAPORE(238859)"
NEEDS STATION,17/03/2026 - 16/03/2027,"NEEDS STATION, 757, GEYLANG ROAD, SINGAPORE(389659)"
SI FU EATING HOUSE PTE. LTD.,17/03/2026 - 16/03/2027,"SI FU EATING HOUSE PTE LTD, 19, PANDAN AVENUE, #01-09, SINGAPORE(609386)"
THE OLDE CUBAN,25/03/2026 - 24/03/2027,"THE OLDE CUBAN, 2, TRENGGANU STREET, #02-01, SINGAPORE(058456)"
CROWNE PLAZA CHANGI AIRPORT,27/03/2026 - 26/03/2027,"ALLORA, 75, AIRPORT BOULEVARD, #01-01, SINGAPORE(819664)"
NTUC FAIRPRICE CO-OPERATIVE LTD,28/03/2026 - 27/03/2027,"1, PASIR RIS CLOSE, #E02-03, DOWNTOWN EAST RESORT, SINGAPORE(519599)"
CHEERS HOLDINGS (2004) PTE LTD,03/04/2026 - 02/04/2027,"282, BISHAN STREET 22, #01-101, SINGAPORE(570282)"
ONE15 MARINA CLUB,08/04/2026 - 07/04/2027,"LATITUDE DELI, 11, COVE DRIVE, #01-01, SINGAPORE(098497)"
LI DUO XING PROVISION STORE,09/04/2026 - 08/04/2027,"LI DUO XING PROVISION STORE, 708, HOUGANG AVENUE 2, #01-K1, SINGAPORE(530708)"
SINGAPORE PETROLEUM COMPANY LIMITED,14/04/2026 - 13/04/2027,"SPC COMMONWEALTH, 490, COMMONWEALTH AVENUE, SINGAPORE(149736)"
SINGAPORE PETROLEUM CO LTD,14/04/2026 - 13/04/2027,"429, MACPHERSON ROAD, SPC SERVICE STATION, SINGAPORE(368140)"
SINGAPORE PETROLEUM CO LTD,14/04/2026 - 13/04/2027,"SPC SWANAGE, 1, SWANAGE ROAD, SINGAPORE(437168)"
SINGAPORE PETROLEUM CO LTD,14/04/2026 - 13/04/2027,"SPC TOA PAYOH, 180, LORONG 6 TOA PAYOH, SPC SERVICE STATION, SINGAPORE(319381)"
SINGAPORE PETROLEUM CO LTD,14/04/2026 - 13/04/2027,"SPC UPPER SERANGOON, 849, UPPER SERANGOON ROAD, SPC SERVICE STATION, SINGAPORE(534686)"
SINGAPORE PETROLEUM CO LTD,14/04/2026 - 13/04/2027,"SPC THOMSON, 327, THOMSON ROAD, SPC SERVICE STATION, SINGAPORE(307673)"
SINGAPORE PETROLEUM CO LTD,14/04/2026 - 13/04/2027,"SPC UPPER THOMSON, 98, UPPER THOMSON ROAD, SPC SERVICE STATION, SINGAPORE(574330)"
SINGAPORE PETROLEUM CO LTD,14/04/2026 - 13/04/2027,"SPC BEDOK NORTH, 101, BEDOK NORTH ROAD, SPC SERVICE STATION, SINGAPORE(469678)"
SINGAPORE PETROLEUM CO LTD,14/04/2026 - 13/04/2027,"SPC CHANGI, 337, CHANGI ROAD, SINGAPORE(419810)"
SINGAPORE PETROLEUM CO LTD,14/04/2026 - 13/04/2027,"SPC UPPER EAST COAST, 157, UPPER EAST COAST ROAD, SPC SERVICE STATION, SINGAPORE(455253)"
SINGAPORE PETROLEUM CO LTD,14/04/2026 - 13/04/2027,"SPC MOUNTBATTEN, 710, MOUNTBATTEN ROAD, SINGAPORE(437734)"
SINGAPORE PETROLEUM CO LTD,14/04/2026 - 13/04/2027,"SPC PUNGGOL, 100, PUNGGOL CENTRAL, SINGAPORE(828839)"
SINGAPORE PETROLEUM CO LTD,14/04/2026 - 13/04/2027,"SPC HAVELOCK, 397, HAVELOCK ROAD, SPC SERVICE STATION, SINGAPORE(169630)"
SINGAPORE PETROLEUM CO LTD,14/04/2026 - 13/04/2027,"SPC KILLINEY, 132, KILLINEY ROAD, SPC SERVICE STATION, SINGAPORE(239562)"
SINGAPORE PETROLEUM CO LTD,14/04/2026 - 13/04/2027,"SPC SEMBAWANG, 588, SEMBAWANG ROAD, SPC SERVICE STATION, SINGAPORE(758448)"
SINGAPORE PETROLEUM CO LTD,14/04/2026 - 13/04/2027,"SPC PASIR PANJANG, 158, PASIR PANJANG ROAD, SPC SERVICE STATION, SINGAPORE(118555)"
SINGAPORE PETROLEUM CO LTD,14/04/2026 - 13/04/2027,"SPC ADAM, 31, ADAM ROAD, SINGAPORE(289896)"
SINGAPORE PETROLEUM CO LTD,14/04/2026 - 13/04/2027,"SPC BUKIT TIMAH 1, 331, BUKIT TIMAH ROAD, SPC SERVICE STATION, SINGAPORE(259717)"
SINGAPORE PETROLEUM CO LTD,14/04/2026 - 13/04/2027,"SPC DUNEARN, 260, DUNEARN ROAD, SPC SERVICE STATION, SINGAPORE(299542)"
SINGAPORE PETROLEUM CO LTD,14/04/2026 - 13/04/2027,"SPC JURONG EAST, 91, JURONG EAST AVENUE 1, SINGAPORE(609786)"
SINGAPORE PETROLEUM CO LTD,14/04/2026 - 13/04/2027,"SPC QWEENSWAY, 264, QUEENSWAY, SPC SERVICE STATION, SINGAPORE(149062)"
SINGAPORE PETROLEUM CO LTD,14/04/2026 - 13/04/2027,"SPC TELOK BLANGAH, 616, TELOK BLANGAH ROAD, SINGAPORE(109027)"
SINGAPORE PETROLEUM CO LTD,14/04/2026 - 13/04/2027,"SPC ADMIRALTY, 250, ADMIRALTY ROAD, SINGAPORE(739981)"
SINGAPORE PETROLEUM CO LTD,14/04/2026 - 13/04/2027,"SPC ANG MO KIO, 793, ANG MO KIO AVENUE 1, SPC SERVICE STATION, SINGAPORE(569975)"
SINGAPORE PETROLEUM CO LTD,14/04/2026 - 13/04/2027,"SPC JALAN BUKIT MERAH, 3800, JALAN BUKIT MERAH, SHELL SERVICE STATION, SINGAPORE(159464)"
SINGAPORE PETROLEUM CO LTD,14/04/2026 - 13/04/2027,"SPC BALESTIER, 462, BALESTIER ROAD, SINGAPORE(329837)"
NTUC FAIRPRICE CO-OPERATIVE LTD,18/04/2026 - 17/04/2027,"277C, COMPASSVALE LINK, #01-13, SINGAPORE(543277)"
KOUFU PTE LTD,22/04/2026 - 21/04/2027,"HAPPY HAWKERS, 256, YISHUN RING ROAD, #01-1005, SINGAPORE(760256)"
DA JIA LAI ENTERPRISE,30/04/2026 - 29/04/2027,"256, TAMPINES STREET 21, #01-K1, SINGAPORE(522256)"
COLD STORAGE SINGAPORE (1983) PTE LTD,09/05/2026 - 08/05/2027,"COLD STORAGE CLEMENTI ARCADE, 41, SUNSET WAY, #01-01, SINGAPORE(597071)"
WAN CHEE KWAN,27/05/2026 - 26/05/2027,"TELOK BLANGAH DRIVE BLK 79, 79, TELOK BLANGAH DRIVE, #01-25, SINGAPORE(100079)"
AUNG PTE. LTD.,28/05/2026 - 27/05/2027,"351, CORPORATION DRIVE, #01-520, SINGAPORE(610351)"
SHINNING STAR ENTERPRISE,09/06/2026 - 08/06/2027,"SHINNING STAR ENTERPRISE, 410, ANG MO KIO AVENUE 10, #01-839, SINGAPORE(560410)"
7-ELEVEN,12/06/2026 - 11/06/2027,"7-ELEVEN, 200, COMMONWEALTH AVENUE WEST, #02-01, DOVER MRT STATION, SINGAPORE(138677)"
NTUC FAIRPRICE CO-OPERATIVE LTD,12/06/2026 - 11/06/2027,"41, JALAN TIGA, #01-05, SINGAPORE(390041)"
7-ELEVEN,20/06/2026 - 19/06/2027,"7-ELEVEN, 256, YISHUN RING ROAD, #01-1003, SINGAPORE(760256)"
HONG GUAN HUB,02/07/2026 - 01/07/2027,"HONG GUAN HUB, 137, YISHUN RING ROAD, #01-K1, SINGAPORE(760137)"
NTUC FAIRPRICE CO-OPERATIVE LTD,03/07/2026 - 02/07/2027,"21, CHOA CHU KANG AVENUE 4, #B1-05, LOT ONE SHOPPERS' MALL, SINGAPORE(689812)"
MANJARI MINI-MART PTE. LTD.,09/07/2026 - 08/07/2027,"MANJARI MINI MART PTE LTD, 888, WOODLANDS DRIVE 50, #01-721, 888 PLAZA, SINGAPORE(730888)"
JIN BIAO COFFEESHOP,09/07/2026 - 08/07/2027,"JIN BIAO COFFEESHOP, 280, TAMPINES STREET 22, #01-240, SINGAPORE(520280)"
CHIN GUAN HIN MINI MART,15/07/2026 - 14/07/2027,"CHIN GUAN HIN MINI MART, 6, HOUGANG AVENUE 3, #01-82, SINGAPORE(530006)"
NAFIA PROVISION STORE,15/07/2026 - 14/07/2027,"57, GEYLANG BAHRU, #01-3509, SINGAPORE(330057)"
K3 FOODPARK PTE. LTD.,25/07/2026 - 24/07/2027,"FOODPARK, 823A, TAMPINES STREET 81, #01-02, MULTI STOREY CAR PARK, SINGAPORE(521823)"
K3 FOODPARK PTE. LTD.,25/07/2026 - 24/07/2027,"FOODPARK, 107, CLEMENTI STREET 12, #01-K1, SINGAPORE(120107)"
LIM HUI ENG,31/07/2026 - 30/07/2027,"27, PENJURU LANE, #01-00, C & P LOGISTICS HUB 2, SINGAPORE(609195)"
GUAN ENG STORE,13/08/2026 - 12/08/2027,"GUAN ENG STORE, 217, BEDOK NORTH STREET 1, #01-61, SINGAPORE(460217)"
TIEN LONG TRADING,19/08/2026 - 18/08/2027,"108, DEPOT ROAD, #01-18, DEPOT HEIGHTS SHOPPING CENTRE, SINGAPORE(100108)"
ANG SOO KIAN,21/08/2025 - 20/08/2026,"37, JURONG PORT ROAD, #02-00, FREE TRADE ZONE CANTEEN, SINGAPORE(619110)"
7-ELEVEN,05/09/2025 - 04/09/2026,"7-ELEVEN, 5, SIMS AVENUE, #01-01, KALLANG MRT STATION, SINGAPORE(387405)"
SHENG SIONG SUPERMARKET PTE LTD,05/09/2025 - 04/09/2026,"SHENG SIONG, 845, YISHUN STREET 81, #01-184, SINGAPORE(760845)"
ENTRUST PROVISION,08/09/2025 - 07/09/2026,"ENTRUST PROVISION, 548, WOODLANDS DRIVE 44, #01-50, VISTA POINT, SINGAPORE(730548)"
NTUC FAIRPRICE CO-OPERATIVE LTD,18/09/2025 - 17/09/2026,"80, LORONG LIMAU, #01-191, BALESTIER AREA OFFICE, SINGAPORE(320080)"
7-ELEVEN,24/09/2025 - 23/09/2026,"7-ELEVEN, 33, MOHAMED SULTAN ROAD, #01-04, SINGAPORE(238977)"
SIMEI FRUITS TRADING,25/09/2025 - 24/09/2026,"SIMEI FRUITS TRADING, 139, SIMEI STREET 1, #01-14, SINGAPORE(520139)"
7-ELEVEN,03/10/2025 - 02/10/2026,"7-ELEVEN, 137, TECK WHYE LANE, #01-331, SINGAPORE(680137)"
7-ELEVEN,09/10/2025 - 08/10/2026,"7-ELEVEN, 225, SIMEI STREET 4, #01-68, SINGAPORE(520225)"
COLD STORAGE SINGAPORE (1983) PTE LTD,10/10/2025 - 09/10/2026,"COLD STORAGE WEST COAST PLAZA, 154, WEST COAST ROAD, #B1-19, WEST COAST PLAZA, SINGAPORE(127371)"
SRI LAKCHUMI SUPER MINIMART,13/10/2025 - 12/10/2026,"SRI LAKCHUMI SUPER MINIMART, 304, ORCHARD ROAD, #B1-104, LUCKY PLAZA, SINGAPORE(238863)"
7-ELEVEN,23/10/2025 - 22/10/2026,"7-ELEVEN, 445, TAMPINES STREET 42, #01-10, (PART), SINGAPORE(520445)"
7-ELEVEN,13/11/2025 - 12/11/2026,"7-ELEVEN, 232, COMPASSVALE WALK, #01-458, SINGAPORE(540232)"
CHAI CHEE 29 FOOD HOUSE PTE. LTD.,17/11/2025 - 16/11/2026,"CHAI CHEE 29 FOOD HOUSE PTE. LTD., 29B, CHAI CHEE AVENUE, #01-60, SINGAPORE(462029)"
NTUC FAIRPRICE CO-OPERATIVE LTD,27/11/2025 - 26/11/2026,"63, JURONG WEST CENTRAL 3, #03-01, SINGAPORE(648331)"
NTUC FAIRPRICE CO-OPERATIVE LTD,09/12/2025 - 08/12/2026,"36, HOLLAND DRIVE, #01-03, SINGAPORE(270036)"
7-ELEVEN,10/12/2025 - 09/12/2026,"7-ELEVEN, 144, ARAB STREET, #01-01, SINGAPORE(199829)"
FERNVALE MINI-MART,22/12/2025 - 21/12/2026,"FERNVALE MINI-MART, 408B, FERNVALE ROAD, #01-16, CORAL VALE, SINGAPORE(792408)"
PANS INTERNATIONAL (SINGAPORE) PTE. LTD.,14/01/2026 - 13/01/2027,"PANS INTERNATIONAL(S) PTE LTD, 763, WOODLANDS AVENUE 6, #01-70, SINGAPORE(730763)"
CHEERS HOLDINGS (2004) PTE LTD,20/01/2026 - 19/01/2027,"218, BALESTIER ROAD, #01-03, SINGAPORE(329684)"
NTUC FAIRPRICE CO-OPERATIVE LTD,30/01/2026 - 29/01/2027,"21, CHOA CHU KANG NORTH 6, #B1-01, YEWTEE POINT, SINGAPORE(689578)"
NTUC FAIRPRICE CO-OPERATIVE LTD,23/02/2026 - 22/02/2027,"2, JOO CHIAT ROAD, #01-1139, JOO CHIAT COMPLEX, SINGAPORE(420002)"
XUAN JING XIAO DIAN,02/03/2026 - 01/03/2027,"XUAN JING XIAO DIAN, 8, TECK WHYE AVENUE, #01-83, SINGAPORE(680008)"
BROADWAY FOOD CENTRE (HOLDINGS) PTE LTD,04/03/2026 - 03/03/2027,"BROADWAY, 19, MARSILING LANE, #01-283, SINGAPORE(730019)"
SRI AMBIKAS PTE. LTD.,05/03/2026 - 04/03/2027,"SRI AMBIKAS PTE. LTD., 261, YISHUN STREET 22, #01-127, SINGAPORE(760261)"
7-ELEVEN,05/03/2026 - 04/03/2027,"7-ELEVEN, 452, NORTH BRIDGE ROAD, #01-00, NAM PENG BUILDING, SINGAPORE(188733)"
SI FU EATING HOUSE PTE. LTD.,12/03/2026 - 11/03/2027,"SI FU EATING HOUSE PTE. LTD., 15, PIONEER WALK, #01-07, SINGAPORE(627753)"
YA - MAHYUDDIN AL JAILANI RESTAURANT PTE. LTD.,13/03/2026 - 12/03/2027,"89, KAMPONG BAHRU ROAD, #01-01, SINGAPORE(169382)"
KPO CAFE BAR PTE. LTD.,13/03/2026 - 12/03/2027,"KPO CAFE BAR PTE. LTD., 1, KILLINEY ROAD, #01-01, KILLINEY ROAD POST OFFICE, SINGAPORE(239518)"
7-ELEVEN,16/03/2026 - 15/03/2027,"7-ELEVEN, 435, ORCHARD ROAD, #03-14, WISMA ATRIA, SINGAPORE(238877)"
CHEERS HOLDINGS (2004) PTE LTD,19/03/2026 - 18/03/2027,"1, JURONG WEST CENTRAL 2, #01-26B, JURONG POINT, SINGAPORE(648886)"
AUNG CHAN MYAE TRADING,19/03/2026 - 18/03/2027,"AUNG CHAN MYAE TRADING, 111, NORTH BRIDGE ROAD, #02-54, PENINSULA PLAZA, SINGAPORE(179098)"
KOUFU PTE LTD,20/03/2026 - 19/03/2027,"KOUFU, 57, DAWSON ROAD, #02-10, DAWSON PLACE, SINGAPORE(142057)"
BUZZ SHOP PTE. LTD.,31/03/2026 - 30/03/2027,"BUZZ, 11A, SEMBAWANG VISTA, SINGAPORE(757527)"
SRI ESWAR TRADERS PTE. LTD.,02/04/2026 - 01/04/2027,"SRI ESWAR TRADERS PTE. LTD., 399, YUNG SHENG ROAD, #01-33, SINGAPORE(610399)"
7-ELEVEN,07/04/2026 - 06/04/2027,"7-ELEVEN, QUEENSTOWN MRT STATION (SHOP NO. 3), SINGAPORE"
"CAPELLA HOTEL, SINGAPORE",09/04/2026 - 08/04/2027,"BOB'S BAR, 1, THE KNOLLS, #02-B, CAPELLA HOTEL, SINGAPORE, SINGAPORE(098297)"
7-ELEVEN,14/04/2026 - 13/04/2027,"7-ELEVEN, 678D, JURONG WEST STREET 64, #01-345, SINGAPORE(644678)"
CHEVRON SINGAPORE PTE. LTD.,24/04/2026 - 23/04/2027,"STAR MART, 126, CLEMENTI AVENUE 2, CALTEX SERVICE STATION, SINGAPORE(129930)"
STARNET PTE. LTD.,11/05/2026 - 10/05/2027,"STARNET PTE LTD, 176, BOON LAY DRIVE, #01-358, SINGAPORE(640176)"
CHANDRA SEGAR PILLAI & SONS,21/05/2026 - 20/05/2027,"CHANDRA SEGAR PILLAI & SONS, 35, VEERASAMY ROAD, SINGAPORE(207339)"
7-ELEVEN,26/05/2026 - 25/05/2027,"7-ELEVEN, 185, PASIR RIS STREET 11, #01-60, SINGAPORE(510185)"
NTI FOOD COURT PTE. LTD.,26/05/2026 - 25/05/2027,"NTI FOOD COURT PTE LTD, 964, JURONG WEST STREET 91, #01-340, SINGAPORE(640964)"
7-ELEVEN,04/06/2026 - 03/06/2027,"7-ELEVEN, 170, BENCOOLEN STREET, #01-03, SINGAPORE(189657)"
KANG CHEK SONG,04/06/2026 - 03/06/2027,"TEBAN GARDENS ROAD BLK 37A, #01-02, SINGAPORE"
CHAN SIEW GOH,11/06/2026 - 10/06/2027,"MEI CHIN COLD AND HOT DRINKS, #02-20, MEI CHIN ROAD BLK 159, SINGAPORE"
7-ELEVEN,12/06/2026 - 11/06/2027,"7-ELEVEN, 338, JURONG EAST AVENUE 1, #01-1636, SINGAPORE(600338)"
GOOD PRICE CENTRE,19/06/2026 - 18/06/2027,"GOOD PRICE CENTRE, 631, ANG MO KIO AVENUE 4, #01-926, SINGAPORE(560631)"
GOOD PRICE CENTRE,23/06/2026 - 22/06/2027,"GOOD PRICE CENTRE, 148, POTONG PASIR AVENUE 1, #01-39, SINGAPORE(350148)"
HOHA EATING HOUSE PTE. LTD.,26/06/2026 - 25/06/2027,"HOHA EATING HOUSE, 33, UBI AVENUE 3, #01-35, SINGAPORE(408868)"
94 EATING HOUSE PRIVATE LIMITED,29/06/2026 - 28/06/2027,"94 EATING HOUSE PRIVATE LIMITED, 654, YISHUN AVENUE 4, #01-435, SINGAPORE(760654)"
CCK 253 F & B PTE. LTD.,02/07/2026 - 01/07/2027,"CCK 253 F&B PTE LTD, 253, CHOA CHU KANG AVENUE 1, #01-05, KEAT HONG SHOPPING CENTRE ( STALL NO. 1 ), SINGAPORE(680253)"
CHEERS HOLDINGS (2004) PTE LTD,02/07/2026 - 01/07/2027,"100, NORTH BUONA VISTA ROAD, #01-01, BUONA VISTA MRT STATION, SINGAPORE(139345)"
HO LAM CONTRACTORS AND ELECTRICAL SERVICE,13/07/2026 - 12/07/2027,"HO LAM CONTRACTELECTRICAL SERVICE, 175, BOON LAY DRIVE, #01-330, SINGAPORE(640175)"
GOOD PRICE CENTRE,15/07/2026 - 14/07/2027,"GOOD PRICE CENTRE, 25, BENDEMEER ROAD, #01-601, SINGAPORE(330025)"
RAHAMATH TRADING,03/08/2026 - 02/08/2027,"RAHAMATH TRADING, 910, TAMPINES STREET 91, #01-K1, SINGAPORE(520910)"
NEO TAI THENG,04/08/2025 - 03/08/2026,"HOT & COLD DRINKS, 665, BUFFALO ROAD, #01-310, ZHUJIAO CENTRE (TEKKA MARKET), SINGAPORE(210665)"
NTUC FAIRPRICE CO-OPERATIVE LTD,06/08/2025 - 05/08/2026,"100, HOUGANG AVENUE 10, #02-01, SINGAPORE(538767)"
7-ELEVEN,12/08/2025 - 11/08/2026,"7-ELEVEN, 301, UPPER THOMSON ROAD, #01-44, THOMSON PLAZA, SINGAPORE(574408)"
GOOD PRICE CENTRE,17/08/2025 - 16/08/2026,"GOOD PRICE CENTRE, 25, BENDEMEER ROAD, #01-569, SINGAPORE(330025)"
SELVI STORES PTE LTD,18/08/2025 - 17/08/2026,"SELVI STORES PTE LTD, 662, BUFFALO ROAD, #01-19, SINGAPORE(210662)"
MEILIM EATING HOUSE,25/08/2026 - 24/08/2027,"MEILIM EATING HOUSE, 546A, SERANGOON NORTH AVENUE 3, #01-01, MULTI STOREY CAR PARK, SINGAPORE(551546)"
OXYGEN HOLDINGS PTE. LTD.,25/08/2025 - 24/08/2026,"PALACE ONE SULTAN, 100, JALAN SULTAN, #04-55, SULTAN PLAZA, SINGAPORE(199001)"
YI FENG YUAN TRADING,31/08/2025 - 30/08/2026,"144, TECK WHYE LANE, #01-215, SINGAPORE(680144)"
RAINBOW SUPER MART PTE. LTD.,02/09/2025 - 01/09/2026,"RAINBOW SUPER MART PTE. LTD., 6, HOUGANG AVENUE 3, #01-68, SINGAPORE(530006)"
SOU TSAIR ER,08/09/2025 - 07/09/2026,"SOH ENG SIONG COFFEE STALL NO. 38, 49A, SERANGOON GARDEN WAY, #01-38, SERANGOON GARDEN MARKET, SINGAPORE(555945)"
7-ELEVEN,10/09/2025 - 09/09/2026,"7-ELEVEN, 238, THOMSON ROAD, #01-06A, NOVENA SQUARE, SINGAPORE(307683)"
7-ELEVEN,10/09/2025 - 09/09/2026,"7-ELEVEN, 659, JURONG WEST STREET 65, #01-01, MULTI STOREY CAR PARK, SINGAPORE(640659)"
NTUC FAIRPRICE CO-OPERATIVE LTD,17/09/2025 - 16/09/2026,"180, KITCHENER ROAD, #B1-09, CITY SQUARE MALL, SINGAPORE(208539)"
SHENG SIONG SUPERMARKET PTE LTD,22/09/2025 - 21/09/2026,"SHENG SIONG SUPERMARKET PTE LTD, 301, PUNGGOL CENTRAL, #01-01, MULTI STOREY CAR PARK, SINGAPORE(820301)"
7-ELEVEN,01/10/2025 - 30/09/2026,"7-ELEVEN, 735, JURONG WEST STREET 75, #01-35, SINGAPORE(640735)"
LIANGPO TRADING,06/10/2025 - 05/10/2026,"LIANGPO TRADING, 557, JURONG WEST STREET 42, #01-403, SINGAPORE(640557)"
7-ELEVEN,06/10/2025 - 05/10/2026,"7-ELEVEN, 91, JOO KOON CIRCLE, #02-04, JOO KOON MRT STATION, SINGAPORE(629116)"
7-ELEVEN,13/10/2025 - 12/10/2026,"7-ELEVEN, 1, CHANGI BUSINESS PARK CRESCENT, #01-20, SINGAPORE(486025)"
CHEERS HOLDINGS (2004) PTE. LTD.,16/10/2025 - 15/10/2026,"211, NEW BRIDGE ROAD, #01-06, LUCKY CHINATOWN, SINGAPORE(059432)"
WONG TEE KENG,27/10/2025 - 26/10/2026,"HE CHUN CHA SHI, 51, OLD AIRPORT ROAD, #01-140, OLD AIRPORT ROAD HAWKERS' CENTRE, SINGAPORE(390051)"
CHEERS HOLDINGS (2004) PTE. LTD.,28/10/2025 - 27/10/2026,"CHEERS HOLDINGS (2004) PTE. LTD., 1, ENG HOON STREET, #01-02, SINGAPORE(169753)"
7-ELEVEN,05/11/2025 - 04/11/2026,"7-ELEVEN, 201, BOON LAY WAY, #01-03, LAKESIDE MRT STATION, SINGAPORE(649845)"
TAY AH GECK,11/11/2025 - 10/11/2026,"120, BUKIT MERAH LANE 1, #01-40, SINGAPORE(150120)"
SADIA SUPERMARKET & TRADING (S) PTE. LTD.,19/11/2025 - 18/11/2026,"SADIA SUPERMARKET & TRADING (S) PTE LTD, 14, TECH PARK CRESCENT, #01-02, SINGAPORE(638118)"
COLD STORAGE SINGAPORE (1983) PTE LTD,19/11/2025 - 18/11/2026,"COLD STORAGE SPECIALTY - GREENWOOD, 20, GREENWOOD AVENUE, HILLCREST PARK, SINGAPORE(289215)"
NTUC FAIRPRICE CO-OPERATIVE LTD,19/11/2025 - 18/11/2026,"5, EUNOS CRESCENT, #01-2619, SINGAPORE(400005)"
GOOD PRICE CENTRE,20/11/2025 - 19/11/2026,"GOOD PRICE CENTRE, 59, NEW UPPER CHANGI ROAD, #01-1220, SINGAPORE(461059)"
NTUC FAIRPRICE CO-OPERATIVE LTD,03/12/2025 - 02/12/2026,"511, CANBERRA ROAD, #02-03, SEMBAWANG MART, SINGAPORE(750511)"
LOYANG WAY FOOD VILLAGE PTE. LTD.,03/12/2025 - 02/12/2026,"64, LOYANG WAY, SINGAPORE(508754)"
RESORTS WORLD AT SENTOSA PTE. LTD.,10/12/2025 - 09/12/2026,"ROYALE BAR, 8, SENTOSA GATEWAY, #B1-112, CASINO ROYALE BAR, SINGAPORE(098269)"
RESORTS WORLD AT SENTOSA PTE. LTD.,10/12/2025 - 09/12/2026,"PEONY, 8, SENTOSA GATEWAY, #B1M-003, (PEONY), SINGAPORE(098269)"
ADPOST TRADEX,22/12/2025 - 21/12/2026,"ADPOST TRADEX, 333A, ORCHARD ROAD, #04-20, SINGAPORE(238897)"
HENNY,24/12/2025 - 23/12/2026,"MARIA QI HENG COFFEE, 1, JALAN KUKOH, #01-12, FOOD CENTRE, SINGAPORE(161001)"
HO BEE FOOD PTE. LTD.,24/12/2025 - 23/12/2026,"BIG FAMILY, 87, BEDOK NORTH STREET 4, #01-191, SINGAPORE(460087)"
HONG YUN FOOD PTE. LTD.,24/12/2025 - 23/12/2026,"HONG YUN FOOD PTE. LTD., 50, SCIENCE PARK ROAD, #01-03, KENDALL, THE, SINGAPORE(117406)"
7-ELEVEN,24/12/2025 - 23/12/2026,"7-ELEVEN, 12, GOPENG STREET, #01-17, SINGAPORE(078877)"
7-ELEVEN,31/12/2025 - 30/12/2026,"7-ELEVEN, 202, JURONG EAST STREET 21, #01-111, SINGAPORE(600202)"
QS 269 C&B PTE. LTD.,05/01/2026 - 04/01/2027,"QS 269 FOOD HOUSE PTE. LTD., 269, QUEEN STREET, #01-236, SINGAPORE(180269)"
7-ELEVEN,05/01/2026 - 04/01/2027,"7-ELEVEN, 491D, TAMPINES STREET 45, #01-224, SINGAPORE(523491)"
KOPITIAM INVESTMENT PTE. LTD.,25/01/2026 - 24/01/2027,"KOPITIAM INVESTMENT PTE LTD, 10, SENG KANG SQUARE, #01-51, SENG KANG SQUARE, SINGAPORE(544829)"
KOPITIAM INVESTMENT PTE. LTD.,25/01/2026 - 24/01/2027,"KOPITIAM INVESTMENT PTE LTD, 10, SENG KANG SQUARE, #01-20, SENG KANG SQUARE, SINGAPORE(544829)"
SHWE YADANAR MINI MART,08/02/2026 - 07/02/2027,"SHWE YADANAR MINI MART, 111, NORTH BRIDGE ROAD, #03-51, PENINSULA PLAZA, SINGAPORE(179098)"
7-ELEVEN,08/02/2026 - 07/02/2027,"7-ELEVEN, 204, MARSILING DRIVE, #01-204, SINGAPORE(730204)"
7-ELEVEN,10/02/2026 - 09/02/2027,"7-ELEVEN, 151, NEW BRIDGE ROAD, #01-01, CHINATOWN MRT STATION, SINGAPORE(059443)"
7-ELEVEN,10/02/2026 - 09/02/2027,"7-ELEVEN, 55, UPPER SERANGOON ROAD, #B1-03, POTONG PASIR MRT STATION, SINGAPORE(347694)"
GM FOOD CENTRE PTE. LTD.,11/02/2026 - 10/02/2027,"GM, 198, PUNGGOL FIELD, #01-01, SINGAPORE(820198)"
ALLIANZ MART,23/02/2026 - 22/02/2027,"ALLIANZ MART, 253, BISHAN STREET 22, #01-K1, SINGAPORE(570253)"
7-ELEVEN,05/03/2026 - 04/03/2027,"7-ELEVEN, 250, THOMSON ROAD, #B1-01, NOVENA MRT STATION, SINGAPORE(307642)"
7-ELEVEN,05/03/2026 - 04/03/2027,"7-ELEVEN, 32, SENTOSA GATEWAY, #01-04, WATERFRONT STATION, SINGAPORE(098141)"
GOOD PRICE CENTRE,11/03/2026 - 10/03/2027,"GOOD PRICE CENTRE, 346, JURONG EAST STREET 31, #01-75, SINGAPORE(600346)"
FULL MOON,15/03/2026 - 14/03/2027,"FULLL MOON, 666B, JURONG WEST STREET 65, #01-211, SINGAPORE(642666)"
FU CHAN F&B GROUP PTE. LTD.,24/03/2026 - 23/03/2027,"FU CHAN F&B GROUP PTE. LTD., 632, ANG MO KIO AVENUE 4, #01-948, SINGAPORE(560632)"
FU CHAN F&B GROUP PTE. LTD.,24/03/2026 - 23/03/2027,"FU CHAN F&B GROUP PTE. LTD., 505, CANBERRA LINK, #01-04, MULTI STOREY CAR PARK, SINGAPORE(750505)"
RESORTS WORLD AT SENTOSA PTE. LTD.,06/04/2026 - 05/04/2027,"LILY, 26, SENTOSA GATEWAY, #B1-122, HOTEL MICHAEL BASEMENT 1M, SINGAPORE(098138)"
RESORTS WORLD AT SENTOSA PTE. LTD.,06/04/2026 - 05/04/2027,"WING CHOI, 26, SENTOSA GATEWAY, #B1-104, HOTEL MICHAEL BASEMENT 1, SINGAPORE(098138)"
YEO & SON,06/04/2026 - 05/04/2027,"YEO & SON, 134, BUKIT BATOK WEST AVENUE 6, #01-449, SINGAPORE(650134)"
MARINA BAY SANDS PTE. LTD.,09/04/2026 - 08/04/2027,"BEVERAGE PANTRY 3 - B2M-C, 1, BAYFRONT AVENUE, #B2M-C, BEVERAGE PANTRY 3, SINGAPORE(018971)"
MARINA BAY SANDS PTE. LTD.,09/04/2026 - 08/04/2027,"BEVERAGE PANTRY 2 - B2M-B, 1, BAYFRONT AVENUE, #B2M-B, SINGAPORE(018971)"
MARINA BAY SANDS PTE. LTD.,09/04/2026 - 08/04/2027,"BEVERAGE PANTRY 1 - B2M-A, 1, BAYFRONT AVENUE, #B2M-A, BEVERAGE PANTRY 1, SINGAPORE(018971)"
MARINA BAY SANDS PTE. LTD.,09/04/2026 - 08/04/2027,"BEVERAGE PANTRY 6 - L1-B, 1, BAYFRONT AVENUE, #L1-B, BEVERAGE PANTRY 6, SINGAPORE(018971)"
MARINA BAY SANDS PTE. LTD.,09/04/2026 - 08/04/2027,"ATRIUM SHOP H_L1008A, 1, BAYFRONT AVENUE, #H_L-1008A, MARINA BAY SANDS, SINGAPORE(018971)"
MARINA BAY SANDS PTE. LTD.,09/04/2026 - 08/04/2027,"PAIZA LEVEL 3A, 1, BAYFRONT AVENUE, #L03-A, SINGAPORE(018971)"
MARINA BAY SANDS PTE. LTD.,09/04/2026 - 08/04/2027,"BEVERAGE PANTRY 5, 1, BAYFRONT AVENUE, #L1-A, SINGAPORE(018971)"
MARINA BAY SANDS PTE. LTD.,09/04/2026 - 08/04/2027,"PAIZA LEVEL 2B, 1, BAYFRONT AVENUE, #L02-B, SINGAPORE(018971)"
MARINA BAY SANDS PTE. LTD.,09/04/2026 - 08/04/2027,"PAIZA LEVEL 2A, 1, BAYFRONT AVENUE, #L02-A, PAIZA LEVEL 2A, SINGAPORE(018971)"
MARINA BAY SANDS PTE. LTD.,09/04/2026 - 08/04/2027,"PAIZA LEVEL 3B, 1, BAYFRONT AVENUE, #L03-B, SINGAPORE(018971)"
MARINA BAY SANDS PTE. LTD.,09/04/2026 - 08/04/2027,"BEVERAGE PANTRY 4, 1, BAYFRONT AVENUE, #B2M-D, SINGAPORE(018971)"
7-ELEVEN,13/04/2026 - 12/04/2027,"7-ELEVEN, 1, BAYFRONT AVENUE, #B2-01, SINGAPORE(018971)"
7-ELEVEN,05/05/2026 - 04/05/2027,"7-ELEVEN, 33, MIDDLE ROAD, #01-02, PH BUILDING, SINGAPORE(188942)"
7-ELEVEN,05/05/2026 - 04/05/2027,"7-ELEVEN, 406, SEMBAWANG DRIVE, #01-822, SINGAPORE(750406)"
USHA S MARKETING PTE. LTD.,05/05/2026 - 04/05/2027,"USHA S MARKETING PTE. LTD., 20, EUNOS CRESCENT, #01-2955, SINGAPORE(400020)"
SRI MARKETING,06/05/2026 - 05/05/2027,"SRI MARKETING, 168, PUNGGOL FIELD, #01-03, PUNGGOL PLAZA, SINGAPORE(820168)"
632 FAMILY STORE,12/05/2026 - 11/05/2027,"632 FAMILY STORE, 632, ANG MO KIO AVENUE 4, #01-952, SINGAPORE(560632)"
BLUEBELL SINGAPORE PTE. LTD.,14/05/2026 - 13/05/2027,"DAVIDOFF OF GENEVA, 10, BAYFRONT AVENUE, #B1-90, SINGAPORE(018956)"
CHIA YONG LENG,17/05/2026 - 16/05/2027,"QUEEN STREET COFFEE STORE, 270, QUEEN STREET, #01-42, ALBERT CENTRE, SINGAPORE(180270)"
7-ELEVEN,24/05/2026 - 23/05/2027,"7-ELEVEN, 403A, FERNVALE LANE, #01-177, SINGAPORE(791403)"
WONG EE MEI,26/05/2026 - 25/05/2027,"DONG FANG CHA SHI, CIRCUIT RD FOOD CTR BLK 79 (STALL NO. #01-26), SINGAPORE"
ALI & ZEENATH (S) PTE. LTD.,27/05/2026 - 26/05/2027,"AZ MART, 390, VICTORIA STREET, #01-32, GOLDEN LANDMARK, THE, SINGAPORE(188061)"
BEGONIA PTE. LTD.,27/05/2026 - 26/05/2027,"BEGONIA PTE. LTD., 22, BEGONIA ROAD, SINGAPORE(809810)"
CHUAN HAO MINIMART,11/06/2026 - 10/06/2027,"CHUAN HAO MINIMART, 19A, DOVER CRESCENT, #01-03, DOVER VILLE, SINGAPORE(131019)"
KIM SI F&B PTE. LTD.,14/06/2026 - 13/06/2027,"KIM SI F&B PTE. LTD., 50, TUAS AVENUE 11, #01-29, TUAS LOT, SINGAPORE(639107)"
7-ELEVEN,15/06/2026 - 14/06/2027,"7-ELEVEN, 90, BRAS BASAH ROAD, #B1-20, SINGAPORE(189562)"
TANAH MERAH COUNTRY CLUB,15/06/2026 - 14/06/2027,"GARDEN GOLFERS TERRACE, 1, TANAH MERAH COAST ROAD, TANAH MERAH COUNTRY CLUB, SINGAPORE(498722)"
TANAH MERAH COUNTRY CLUB,15/06/2026 - 14/06/2027,"TAMPINES GOLFERS LOUNGE, 153, XILIN AVENUE, TANAH MERAH COUNTRY CLUB, SINGAPORE(486799)"
BOON KENG TRADING & MINIMART,19/06/2026 - 18/06/2027,"BOON KENG TRADING & MINIMART, 34, WHAMPOA WEST, #01-15, SINGAPORE(330034)"
7-ELEVEN,24/06/2026 - 23/06/2027,"7-ELEVEN, 156, SIMEI ROAD, #01-330, SINGAPORE(520156)"
7-ELEVEN,24/06/2026 - 23/06/2027,"7-LEVEN, 289H, BUKIT BATOK STREET 25, #01-02, MULTI STOREY CAR PARK, SINGAPORE(657289)"
7-ELEVEN,24/06/2026 - 23/06/2027,"7-ELEVEN, 242, BUKIT BATOK EAST AVENUE 5, #01-K1, SINGAPORE(650242)"
7-ELEVEN,28/06/2026 - 27/06/2027,"7-ELEVEN, 15, PAYA LEBAR ROAD, #B1-02, PAYA LEBAR MRT STATION, SINGAPORE(409049)"
7-ELEVEN,28/06/2026 - 27/06/2027,"7-ELEVEN, 2, TEMASEK AVENUE, #B1-01, PROMANADE MRT STATION, SINGAPORE(039193)"
7-ELEVEN,28/06/2026 - 27/06/2027,"7-ELEVEN, 65, BRAS BASAH ROAD, #B1-02, BRAS BASAH MRT STATION, SINGAPORE(189561)"
MUHIL MINIMART PTE. LTD.,02/07/2026 - 01/07/2027,"MUHIL MINIMART PTE. LTD., 13, NORTH BRIDGE ROAD, #01-3988, SINGAPORE(190013)"
CHEERS HOLDINGS (2004) PTE. LTD.,07/07/2026 - 06/07/2027,"631, HOUGANG AVENUE 8, #01-10, SINGAPORE(530631)"
ARFAH STORE,14/07/2026 - 13/07/2027,"ARFAH STORE, 150, SOUTH BRIDGE ROAD, #01-K22, FOOK HAI BUILDING, SINGAPORE(058727)"
GOOD PRICE CENTRE,14/07/2026 - 13/07/2027,"GOOD PRICE CENTRE, 11, UPPER BOON KENG ROAD, #01-917, SINGAPORE(380011)"
LI LI CHENG,20/07/2026 - 19/07/2027,"LI LI CHENG, 651, JURONG WEST STREET 61, #01-01, MULTI STOREY CAR PARK, SINGAPORE(640651)"
SINGAPORE PETROLEUM COMPANY LIMITED,20/07/2026 - 19/07/2027,"SPC BUKIT PANJANG, 41, BUKIT PANJANG RING ROAD, SINGAPORE(679945)"
SINGAPORE PETROLEUM COMPANY LIMITED,20/07/2026 - 19/07/2027,"SPC SENG KANG EAST WAY, 91, SENGKANG EASTWAY, SINGAPORE(544885)"
TIP TOP MINIMART,22/07/2026 - 21/07/2027,"TIP TOP MINIMART, 535, JURONG WEST STREET 52, #01-K1, SINGAPORE(640535)"
7-ELEVEN,22/07/2026 - 21/07/2027,"7-ELEVEN, 475, CHOA CHU KANG AVENUE 3, #01-21, SUNSHINE PLACE, SINGAPORE(680475)"
7-ELEVEN,23/07/2026 - 22/07/2027,"7-ELEVEN, 820, TAMPINES STREET 81, #01-528, ( GROUND FLOOR ), SINGAPORE(520820)"
7-ELEVEN,23/07/2026 - 22/07/2027,"7-ELEVEN, 668A, JURONG WEST STREET 64, #01-120, SINGAPORE(641668)"
SHING BOON HWA PTE. LTD.,29/07/2026 - 28/07/2027,"SHING BOON HWA PTE. LTD., 43, JALAN BESAR, SINGAPORE(208804)"
COLD STORAGE SINGAPORE (1983) PTE LTD,29/07/2026 - 28/07/2027,"COLD STORAGE ALOCASSIA, 383, BUKIT TIMAH ROAD, #01-09A, ALOCASSIA APARTMENTS, SINGAPORE(259727)"
7-ELEVEN,02/08/2026 - 01/08/2027,"7-ELEVEN, 523, BUKIT BATOK STREET 52, #01-721, SINGAPORE(650523)"
COFFEE EXPRESS 2000 PTE. LTD.,04/08/2026 - 03/08/2027,"COFFEE EXPRESS 2000 PTE. LTD., 443, PASIR RIS DRIVE 6, #01-02, SINGAPORE(510443)"
7-ELEVEN,06/08/2025 - 05/08/2026,"7-ELEVEN, 344, UBI AVENUE 1, #01-K1, SINGAPORE(400344)"
7-ELEVEN,11/08/2025 - 10/08/2026,"7-ELEVEN, 22, HAVELOCK ROAD, #01-707, SINGAPORE(160022)"
7-ELEVEN,18/08/2025 - 17/08/2026,"7-ELEVEN, 10, BUKIT BATOK CENTRAL, #01-13, BUKIT BATOK MRT STATION, SINGAPORE(659958)"
7-ELEVEN,18/08/2025 - 17/08/2026,"7-ELEVEN, 245, PASIR RIS STREET 21, #01-83, SINGAPORE(510245)"
MELLVIN SEAFOOD RESTAURANT,26/08/2026 - 25/08/2027,"MELLVIN SEAFOOD RESTAURANT, 354, JOO CHIAT ROAD, #01-01, SINGAPORE(427600)"
7-ELEVEN,26/08/2025 - 25/08/2026,"7-ELEVEN, 5, RAFFLES PLACE, #B2-01, RAFFLES PLACE MRT STATION, SINGAPORE(048618)"
7-ELEVEN,31/08/2025 - 30/08/2026,"7-ELEVEN, 46, EAST COAST ROAD, #01-02, EASTGATE, SINGAPORE(428766)"
POH LIAN SENG,02/09/2025 - 01/09/2026,"POH HIAP SOON COFFEE, 14, HAIG ROAD, #01-38, SINGAPORE(430014)"
7-ELEVEN,14/09/2025 - 13/09/2026,"7-ELEVEN, 50, KALLANG ROAD, #B1-03, LAVENDER MRT STATION, SINGAPORE(208699)"
HOME D.I.Y. STORE,14/09/2025 - 13/09/2026,"HOME D.I.Y. STORE, 301, PUNGGOL CENTRAL, #01-03, MULTI STOREY CAR PARK, SINGAPORE(820301)"
LEE CHAI KEOW,22/09/2025 - 21/09/2026,"HAI YAN COFFEE STALL, 36, TELOK BLANGAH RISE, #01-33, SINGAPORE(090036)"
THE OAKS CELLARS PTE LTD,22/09/2025 - 21/09/2026,"THE OAKS CELLARS, 2, ORCHARD TURN, #04-24, ION ORCHARD, SINGAPORE(238801)"
ICONIC LOCATIONS SINGAPORE PTE. LTD.,23/09/2025 - 22/09/2026,"CE LA VI, 1, BAYFRONT AVENUE, #57-01, MARINA BAY SANDS, SINGAPORE(018971)"
ICONIC LOCATIONS SINGAPORE PTE. LTD.,23/09/2025 - 22/09/2026,"CE LA VI, 1, BAYFRONT AVENUE, #57-02, MARINA BAY SANDS, SINGAPORE(018971)"
FU CHAN F&B GROUP PTE. LTD.,28/09/2025 - 27/09/2026,"FU CHAN F&B GROUP PTE. LTD., 145, TECK WHYE AVENUE, #01-151, SINGAPORE(680145)"
NTUC FAIRPRICE CO-OPERATIVE LTD,30/09/2025 - 29/09/2026,"NTUC FAIRPRICE CO-OPERATIVE LTD, 23, SERANGOON CENTRAL, #03-42, NEX, SINGAPORE(556083)"
FOOD MORE,01/10/2025 - 30/09/2026,"FOOD MORE, 115B, COMMONWEALTH DRIVE, #01-697, SINGAPORE(149597)"
HUP KIM,11/10/2025 - 10/10/2026,"HUP KIM, 191, LORONG 4 TOA PAYOH, #01-650, SINGAPORE(310191)"
ANCHORVALE 303 FOODCOURT LIMITED LIABILITY PARTNERSHIP,18/10/2025 - 17/10/2026,"ANCHORVALE 303 FOODCOURT LIMITED LIABILITY PARTNERSHIP, 303, ANCHORVALE LINK, #01-01, MULTI STOREY CAR PARK, SINGAPORE(540303)"
THE LEGENDS FORT CANNING PARK PTE. LTD.,19/10/2025 - 18/10/2026,"LOBBY LOUNGE, 11, CANNING WALK, SINGAPORE(178881)"
SALIH PTE. LTD.,09/11/2025 - 08/11/2026,"SALIH PTE. LTD., 390, VICTORIA STREET, #01-20, VILLAGE HOTEL BUGIS, SINGAPORE(188061)"
NTUC FAIRPRICE CO-OPERATIVE LTD,09/11/2025 - 08/11/2026,"NTUC FAIRPRICE CO-OPERATIVE LTD, 279, BISHAN STREET 24, #01-62, SINGAPORE(570279)"
SRM INTERNATIONAL TRADING PTE. LTD.,16/11/2025 - 15/11/2026,"SRM INTERNATIONAL TRADING PTE. LTD., 290A, BUKIT BATOK STREET 24, #01-87, SINGAPORE(652290)"
7-ELEVEN,22/11/2025 - 21/11/2026,"7-ELEVEN, 160A, JALAN TECK WHYE, #01-02, MULTI STOREY CAR PARK, SINGAPORE(681160)"
7-ELEVEN,23/11/2025 - 22/11/2026,"7-ELEVEN, 746, JURONG WEST STREET 73, #01-K1, SINGAPORE(640746)"
NIRJA MINI MART PTE. LTD.,23/11/2025 - 22/11/2026,"NIRJA MINI MART PTE. LTD., 51, ROWELL ROAD, SINGAPORE(207999)"
THE OAKS CELLARS PTE LTD,30/11/2025 - 29/11/2026,"THE OAKS CELLARS, 2, BAYFRONT AVENUE, #B1-51, THE SHOPPES AT MARINA BAY SANDS, SINGAPORE(018972)"
COLD STORAGE SINGAPORE (1983) PTE LTD,30/11/2025 - 29/11/2026,"COLD STORAGE SERANGOON NEX, 23, SERANGOON CENTRAL, #B2-44, NEX, SINGAPORE(556083)"
7-ELEVEN,03/12/2025 - 02/12/2026,"7-ELEVEN, 23, SERANGOON CENTRAL, #B2-16, NEX, SINGAPORE(556083)"
RAVI'S SUPERMART,03/12/2025 - 02/12/2026,"RAVI'S SUPERMART, 111, WOODLANDS STREET 13, #01-90, SINGAPORE(730111)"
HIN SHENG COFFEE HOUSE,03/12/2025 - 02/12/2026,"HIN SHENG COFFEE HOUSE, 346, LORONG 18 GEYLANG ROAD, ( GROUND FLOOR ), SINGAPORE(389367)"
7-ELEVEN,03/12/2025 - 02/12/2026,"7-ELEVEN, 139, TYRWHITT ROAD, #01-01, TYRWHITT 139, SINGAPORE(207557)"
SHAMITHAS STORES PTE. LTD.,08/12/2025 - 07/12/2026,"SHAMITHAS STORES PTE. LTD., 846, YISHUN RING ROAD, #01-3685, YISHUN NEW TOWN, SINGAPORE(760846)"
TANAH MERAH COUNTRY CLUB,22/12/2025 - 21/12/2026,"GARDEN LOUNGE, 1, TANAH MERAH COAST ROAD, TANAH MERAH COUNTRY CLUB, SINGAPORE(498722)"
NTUC FAIRPRICE CO-OPERATIVE LTD,29/12/2025 - 28/12/2026,"NTUC FAIRPRICE CO-OPERATIVE LTD, 1, MAJU AVENUE, #B1-11, SERANGOON GARDEN VILLAGE, SINGAPORE(556679)"
SARAVANA STORES PTE. LTD.,04/01/2026 - 03/01/2027,"SARAVANA STORES PTE. LTD., 81, RANGOON ROAD, #01-01, SINGAPORE(218367)"
7-ELEVEN,06/01/2026 - 05/01/2027,"7-ELEVEN, 437, ORCHARD ROAD, #B1-21, ORCHARD MRT STATION, SINGAPORE(238878)"
NAN HEONG HO KEE,11/01/2026 - 10/01/2027,"NAN HEONG HO KEE, 148, SILAT AVENUE, #01-14, SINGAPORE(160148)"
AANANDHAM TRADERS PTE. LTD.,11/01/2026 - 10/01/2027,"AANANDHAM TRADERS PTE. LTD., 289, CHOA CHU KANG AVENUE 3, #B1-268, SINGAPORE(680289)"
LIM THIONG BENG MINI MART,12/01/2026 - 11/01/2027,"LIM THIONG BENG MINI MART, 453, JURONG WEST STREET 42, #01-K1, SINGAPORE(640453)"
NTUC FAIRPRICE CO-OPERATIVE LTD,18/01/2026 - 17/01/2027,"NTUC FAIRPRICE CO-OPERATIVE LTD., 3155, COMMONWEALTH AVE WEST, #B1-14, THE CLEMENTI MALL, SINGAPORE(129588)"
CHEERS HOLDINGS (2004) PTE. LTD.,20/01/2026 - 19/01/2027,"CHEERS, 61, CHOA CHU KANG DRIVE, #01-09, YEW TEE MRT STATION, SINGAPORE(689715)"
7-ELEVEN,26/01/2026 - 25/01/2027,"7-ELEVEN, 375, COMMONWEALTH AVENUE, #02-01, COMMONWEALTH MRT STATION, SINGAPORE(149735)"
7-ELEVEN,02/02/2026 - 01/02/2027,"7-ELEVEN, 175, ALBERT STREET, #01-03, SINGAPORE(189970)"
NTUC FAIRPRICE CO-OPERATIVE LTD,08/02/2026 - 07/02/2027,"NTUC FAIRPRICE CO-OPERATIVE LTD, 110, LENGKONG TIGA, #01-235, SINGAPORE(410110)"
7-ELEVEN,09/02/2026 - 08/02/2027,"7-ELEVEN, 3000, ANG MO KIO AVENUE 8, #01-01, YIO CHU KANG MRT STATION, SINGAPORE(569813)"
S.K.K. MINIMART,14/02/2026 - 13/02/2027,"S.K.K. MINIMART, 31, GUILLEMARD ROAD, SINGAPORE(399699)"
AJITS SUNDRY AND HOUSEHOLD TRADING,14/02/2026 - 13/02/2027,"AJITS SUNDRY AND HOUSEHOLD TRADING, 511, CANBERRA ROAD, #01-08, SEMBAWANG MART, SINGAPORE(750511)"
KOUFU PTE LTD,14/02/2026 - 13/02/2027,"HAPPY HAWKERS, 632, BUKIT BATOK CENTRAL, #01-134, SINGAPORE(650632)"
PHONEBOX,17/02/2026 - 16/02/2027,"PHONEBOX, 17, UPPER BOON KENG ROAD, #01-93, SINGAPORE(380017)"
GOOD PRICE CENTRE,25/02/2026 - 24/02/2027,"GOOD PRICE CENTRE, 226A, ANG MO KIO AVENUE 1, #01-637, KEBUN BARU MALL, SINGAPORE(561226)"
LEI YUEN COFFEE & TEA PTE. LTD.,02/03/2026 - 01/03/2027,"LEI YUEN COFFEE & TEA PTE. LTD., 237, PANDAN LOOP, #01-01, WESTECH BUILDING, SINGAPORE(128424)"
VALLE,04/03/2026 - 03/03/2027,"VALLE, 5, RIDGEWOOD CLOSE, #01-G6, RIDGEWOOD CONDOMINIUM, SINGAPORE(276696)"
K11 FOODPARK PTE. LTD.,04/03/2026 - 03/03/2027,"FOODPARK, 69, BEDOK SOUTH AVENUE 3, #01-498, SINGAPORE(460069)"
WAN HAO DELICACIES,04/03/2026 - 03/03/2027,"WAN HAO, 217, BUKIT BATOK STREET 21, #01-365, SINGAPORE(650217)"
KIM SAN LENG (ANG MO KIO) PTE. LTD.,11/03/2026 - 10/03/2027,"KIM SAN LENG (ANG MO KIO) PTE. LTD., 226B, ANG MO KIO AVENUE 1, #01-645, KEBUN BARU MALL, SINGAPORE(562226)"
DAWN TRADERS,11/03/2026 - 10/03/2027,"DAWN TRADERS, 425, YISHUN AVENUE 11, #01-562, SINGAPORE(760425)"
7-ELEVEN,11/03/2026 - 10/03/2027,"7-ELEVEN, 504, SERANGOON NORTH AVENUE 4, #01-474, SINGAPORE(550504)"
CHENNAI TRADING & SUPERMART PTE. LTD.,01/04/2026 - 31/03/2027,"CHENNAI TRADING & SUPERMART PTE. LTD., 746, JURONG WEST STREET 73, #B1-111, SINGAPORE(640746)"
L.C. ANG ENTERPRISES PTE LTD,05/04/2026 - 04/04/2027,"L C FOOD CENTRE, 8, BURN ROAD, #01-12, TRIVEX, SINGAPORE(369977)"
PRIME VICTORY PTE. LTD.,05/04/2026 - 04/04/2027,"CHARLIE'S RESTAURANT & BAR, 32, BOAT QUAY, SINGAPORE(049821)"
KOH MENG MEE,05/04/2026 - 04/04/2027,"TIONG SENG COFFEE STALL, UPPER CROSS ST BLK 531A MKT & FD CTR (#02-22), SINGAPORE"
TONG BEE COFFEE SHOP,05/04/2026 - 04/04/2027,"TONG BEE COFFEE SHOP, 92, JALAN SENANG, (STALL NO. 01), SINGAPORE(418464)"
SP53 FOOD PARADISE PTE. LTD.,06/04/2026 - 05/04/2027,"SP53 FOOD PARADISE PTE. LTD., 53, SIMS PLACE, #01-150, SINGAPORE(380053)"
THINT MYAT PTE. LTD.,13/04/2026 - 12/04/2027,"THINT MYAT PTE. LTD., 111, NORTH BRIDGE ROAD, #01-38A, PENINSULA PLAZA, SINGAPORE(179098)"
LAI LAI MINI SUPERMARKET,14/04/2026 - 13/04/2027,"LAI LAI MINI SUPERMARKET, 403, SIN MING AVENUE, #01-309, SINGAPORE(570403)"
BAO SHENG MINI MART,15/04/2026 - 14/04/2027,"BAO SHENG MINI MART, 114, JURONG EAST STREET 13, #01-398, SINGAPORE(600114)"
LUCKY CREATION MINIMART,15/04/2026 - 14/04/2027,"LUCKY CREATION MINIMART, 14, UPPER SERANGOON VIEW, #B1-46, RIO VISTA, SINGAPORE(534200)"
COLD STORAGE SINGAPORE (1983) PTE LTD,15/04/2026 - 14/04/2027,"TAMPINES 1, 10, TAMPINES CENTRAL 1, #B1-02, TAMPINES ONE, SINGAPORE(529536)"
WHITE WATER EAST PTE. LTD.,19/04/2026 - 18/04/2027,"WHITE WATER EAST PTE LTD, 51, CHANGI BUSINESS PARK CENTRAL 2, #01-15A, SIGNATURE, THE, SINGAPORE(486066)"
CHEERS HOLDINGS (2004) PTE. LTD.,26/04/2026 - 25/04/2027,"CHEERS, 70, JELLICOE ROAD, #01-02, V HOTEL AT LAVENDER, SINGAPORE(208767)"
SHENG SIONG SUPERMARKET PTE LTD,27/04/2026 - 26/04/2027,"SHENG SIONG SUPERMARKET PTE. LTD., 18, TECK WHYE LANE, #01-95, SINGAPORE(680018)"
CHUAN NAM CO,13/05/2026 - 12/05/2027,"CHUAN NAM MINIMART, 151, BEDOK RESERVOIR ROAD, #01-1739, EUNOS SPRING, SINGAPORE(470151)"
WU FU (WOODLANDS) PTE. LTD.,13/05/2026 - 12/05/2027,"BEVERAGES, 892C, WOODLANDS DRIVE 50, #01-02, MULTI STOREY CAR PARK ( STALL NO. 10 ), SINGAPORE(732892)"
U-10 EATING HOUSE PTE. LTD.,20/05/2026 - 19/05/2027,"U-10 EATING HOUSE PTE. LTD., 8, UBI ROAD 2, #01-15, ZERVEX, SINGAPORE(408538)"
J-KEART CONTRACTS & SERVICES,27/05/2026 - 26/05/2027,"J-KEART CONTRACTS & SERVICES, 24, HOUGANG AVENUE 3, #01-414, SINGAPORE(530024)"
WEE WEE MART,31/05/2026 - 30/05/2027,"WEE WEE MART, 538, ANG MO KIO AVENUE 5, #01-4020, SINGAPORE(560538)"
CHANG CHENG FOOD & BEVERAGE PTE. LTD.,31/05/2026 - 30/05/2027,"CHANG CHENG MEE WAH PTE. LTD., 201C, TAMPINES STREET 21, #01-01, ( STALL NO. 1 ), SINGAPORE(523201)"
SENGKANG 266 FOOD HOUSE PTE. LTD.,31/05/2026 - 30/05/2027,"SENGKANG 266 FOOD HOUSE PTE. LTD., 266, COMPASSVALE BOW, #01-01, MULTI STOREY CAR PARK, SINGAPORE(540266)"
NICE MINIMART PTE. LTD.,07/06/2026 - 06/06/2027,"NICE MINIMART PTE. LTD., 7, TAMPINES STREET 32, #01-57, SINGAPORE(529285)"
NAM HO TRADING,09/06/2026 - 08/06/2027,"NAM HO TRADING, 661, YISHUN AVENUE 4, #01-429, SINGAPORE(760661)"
VIDYA SUPERMART,11/06/2026 - 10/06/2027,"VIDYA SUPERMART, 306B, CANBERRA ROAD, #01-01, SINGAPORE(750306)"
CHERRY MYINE MINIMART,21/06/2026 - 20/06/2027,"CHERRY MYINE MINI MART, 39, TEBAN GARDENS ROAD, #01-331, SINGAPORE(600039)"
64+4 PTE. LTD.,22/06/2026 - 21/06/2027,"64+4 PTE. LTD., 4A, LOYANG LANE, #01-06, ( DRINK STALL ), SINGAPORE(508923)"
PRIME SUPERMARKET (1996) PTE LTD,22/06/2026 - 21/06/2027,"PRIME SUPERMARKET, 159A, HOUGANG STREET 11, #01-01, MULTI STOREY CAR PARK, SINGAPORE(531159)"
GOOD PRICE CENTRE,22/06/2026 - 21/06/2027,"GOOD PRICE CENTRE, 95, ALJUNIED CRESCENT, #01-511, SINGAPORE(380095)"
LATTERIA PTE. LTD.,24/06/2026 - 23/06/2027,"LATTERIA MOZZARELLA BAR, 40, DUXTON HILL, FIRST STOREY, SINGAPORE(089618)"
LEE QUAN (HAI ZHONG BAO) PTE. LTD.,27/06/2026 - 26/06/2027,"LEE QUAN (HAI ZHONG BAO) PTE. LTD., 422, ANG MO KIO AVENUE 3, #01-2508, STALL NO. 9, SINGAPORE(560422)"
WIN & NING ENTERPRISE,05/07/2026 - 04/07/2027,"WIN & NING ENTERPRISE, 326, WOODLANDS STREET 32, #01-105, (GROUND FLOOR), SINGAPORE(730326)"
SRI LAVENDER MULTIMART PTE. LTD.,06/07/2026 - 05/07/2027,"SRI LAVENDER MULTIMART PTE LTD, 662, BUFFALO ROAD, #01-21, SINGAPORE(210662)"
9007 KOPITIAM PTE. LTD.,06/07/2026 - 05/07/2027,"9007 KOPITIAM, 9007, TAMPINES STREET 93, TAMPINES INDUSTRIAL PARK A, SINGAPORE(528841)"
SHOPMORE GROCERY,12/07/2026 - 11/07/2027,"SHOPMORE GROCERY, 168, LORONG 1 TOA PAYOH, #01-1038, SINGAPORE(310168)"
7-ELEVEN,13/07/2026 - 12/07/2027,"7-ELEVEN, 641, YISHUN STREET 61, #01-204, SINGAPORE(760641)"
7-ELEVEN,13/07/2026 - 12/07/2027,"7-ELEVEN, 335, SEMBAWANG CLOSE, #01-473, SINGAPORE(750335)"
7-ELEVEN,13/07/2026 - 12/07/2027,"7-ELEVEN, 988C, JURONG WEST STREET 93, #01-645, SINGAPORE(643988)"
NTUC FAIRPRICE CO-OPERATIVE LTD,14/07/2026 - 13/07/2027,"NTUC FAIRPRICE CO-OPERATIVE LTD, 612, GEYLANG ROAD, SINGAPORE(389551)"
INNOVATRIX PTE. LTD.,14/07/2026 - 13/07/2027,"INNO MART, 801, FRENCH ROAD, #01-31, SINGAPORE(200801)"
E- MINI MART,19/07/2026 - 18/07/2027,"E- MINI MART, 121, PASIR RIS STREET 11, #01-K1, SINGAPORE(510121)"
J. K. MINI SUPERMARKET PTE. LTD.,15/08/2025 - 14/08/2026,"J. K. MINI SUPERMARKET PTE. LTD., 7, EVERTON PARK, #01-25, SINGAPORE(080007)"
GOOD PRICE CENTRE,15/08/2025 - 14/08/2026,"GOOD PRICE CENTRE, 116, BUKIT MERAH VIEW, #01-227, SINGAPORE(151116)"
FU CHAN F&B GROUP PTE. LTD.,16/08/2025 - 15/08/2026,"FU CHAN F&B GROUP PTE LTD, 21, LORONG 7 TOA PAYOH, #01-298, SINGAPORE(310021)"
FU CHAN F&B GROUP PTE. LTD.,16/08/2025 - 15/08/2026,"FU CHAN F&B GROUP PTE LTD, 301, PUNGGOL CENTRAL, #01-06, MULTI STOREY CAR PARK, SINGAPORE(820301)"
FU CHAN F&B GROUP PTE. LTD.,16/08/2025 - 15/08/2026,"FU CHAN F&B GROUP PTE LTD, 101, YISHUN AVENUE 5, #01-93, SINGAPORE(760101)"
7-ELEVEN,24/08/2025 - 23/08/2026,"7-ELEVEN, 313, ORCHARD ROAD, #01-35, 313 @ SOMERSET, SINGAPORE(238895)"
NEW CENTURY @ G19,25/08/2025 - 24/08/2026,"NEW CENTURY @19, 19, GHIM MOH ROAD, #01-263, ( DRINK STALL NO. 8 ), SINGAPORE(270019)"
CHANG CHENG FOOD & BEVERAGE PTE. LTD.,26/08/2025 - 25/08/2026,"CHANG CHENG MEE WAH PTE. LTD., 12, TELOK BLANGAH CRESCENT, #01-91, STALL NO. 10 ( DRINKS COUNTER ), SINGAPORE(090012)"
CHANG CHENG FOOD & BEVERAGE PTE. LTD.,26/08/2025 - 25/08/2026,"CHANG CHENG MEE WAH PTE. LTD., 498, JURONG WEST STREET 41, #01-462, SINGAPORE(640498)"
CHANG CHENG FOOD & BEVERAGE PTE. LTD.,28/08/2025 - 27/08/2026,"CHANG CHENG MEE WAH PTE. LTD., 40, HOLLAND DRIVE, #01-39, STALL NO. 8 (DRINKS COUNTER), SINGAPORE(270040)"
CHANG CHENG FOOD & BEVERAGE PTE. LTD.,29/08/2025 - 28/08/2026,"CHANG CHENG MEE WAH PTE. LTD., 136, MARSILING ROAD, #01-2188, STALL NO. 8 ( DRINKS COUNTER ), SINGAPORE(730136)"
CHANG CHENG FOOD & BEVERAGE PTE. LTD.,31/08/2025 - 30/08/2026,"CHANG CHENG MEE WAH PTE. LTD., 802, TAMPINES AVENUE 4, #01-07, STALL NO. 9 ( DRINKS COUNTER ), SINGAPORE(520802)"
CHANG CHENG FOOD & BEVERAGE PTE. LTD.,02/09/2025 - 01/09/2026,"CHANG CHENG MEE WAH PTE. LTD., 59, MARINE TERRACE, #01-105, SINGAPORE(440059)"
SINGAPORE PETROLEUM COMPANY LIMITED,03/09/2025 - 02/09/2026,"SPC ANG MO KIO 2, 1351, ANG MO KIO AVENUE 1, SPC SERVICE STATION, SINGAPORE(569977)"
CHANG CHENG FOOD & BEVERAGE PTE. LTD.,05/09/2025 - 04/09/2026,"CHANG CHENG MEE WAH PTE.LTD., 111, LORONG 1 TOA PAYOH, #01-366, SINGAPORE(310111)"
CHANG CHENG FOOD & BEVERAGE PTE. LTD.,06/09/2025 - 05/09/2026,"CHANG CHENG MEE WAH PTE. LTD., 803, KING GEORGE'S AVENUE, #01-146, SINGAPORE(200803)"
JIN LING ENTERPRISE PTE LTD,07/09/2025 - 06/09/2026,"JUZ EAT, 11, SENOKO WAY, DRINK COUNTER (STALL NO. 12), SINGAPORE(758032)"
CHEERS HOLDINGS (2004) PTE. LTD.,11/09/2025 - 10/09/2026,"CHEERS AT BOTANIC GARDENS MRT STATION, 100, CLUNY PARK ROAD, #B2-K1, BOTANIC GARDENS MRT STATION, SINGAPORE(257494)"
7-ELEVEN,11/09/2025 - 10/09/2026,"7-ELEVEN, 416, ANG MO KIO AVENUE 10, #01-991, SINGAPORE(560416)"
HE JI FA MINIMART,16/09/2025 - 15/09/2026,"HE JI FA MINIMART, 451, ANG MO KIO AVENUE 10, #01-1751, SINGAPORE(560451)"
BIG CITY COFFEE HOUSE,20/09/2025 - 19/09/2026,"BIG CITY COFFEE HOUSE, 165, KITCHENER ROAD, ( GROUND FLOOR - DRINKS STALL ), SINGAPORE(208532)"
HAO GUAN MINI MART,21/09/2025 - 20/09/2026,"HAO GUAN MINI MART, 505, ANG MO KIO AVENUE 8, #01-2682, SINGAPORE(560505)"
KOPITIAM INVESTMENT PTE. LTD.,13/10/2025 - 12/10/2026,"437 FERNVALE, 437, FERNVALE ROAD, #01-01, MULTI STOREY CAR PARK, SINGAPORE(790437)"
CP MANAGEMENT SERVICES PRIVATE LIMITED,14/10/2025 - 13/10/2026,"ULTRA MART, 80, TANAH MERAH COAST ROAD, #01-02, CHANGI LODGE 2 (MINIMART), SINGAPORE(498736)"
SHENG SIONG SUPERMARKET PTE LTD,14/10/2025 - 13/10/2026,"SHENG SIONG, 200, UPPER THOMSON ROAD, #B1-01, SINGAPORE(574424)"
NTUC FAIRPRICE CO-OPERATIVE LTD,14/10/2025 - 13/10/2026,"NTUC FAIRPRICE CO-OPERATIVE LTD, 6, SCOTTS ROAD, #B1-03, SCOTTS SQUARE, SINGAPORE(228209)"
LIAN SOON MINI-MART,18/10/2025 - 17/10/2026,"LIAN SOON MINI-MART, 153, SERANGOON NORTH AVENUE 1, #01-466, SINGAPORE(550153)"
SHENG SIONG SUPERMARKET PTE LTD,21/10/2025 - 20/10/2026,"SHENG SIONG, 200, WOODLANDS INDUSTRIAL PARK E7, #01-30, WOODLANDS RECREATION CENTRE, SINGAPORE(757177)"
ANG MO SUPERMARKET PTE LTD,26/10/2025 - 25/10/2026,"ANG MO SUPERMARKET PTE LTD, 148, POTONG PASIR AVENUE 1, #01-67, SINGAPORE(350148)"
HARRY'S INTERNATIONAL PTE. LTD.,02/11/2025 - 01/11/2026,"HARRY'S @ DEMPSEY HILL, 11, DEMPSEY ROAD, #01-17A, SINGAPORE(249673)"
PRADEEP INTERNATIONAL TRADING (S) PTE. LTD.,02/11/2025 - 01/11/2026,"PRADEEP INTERNATIONAL TRADING(S) PTE LTD, 662, BUFFALO ROAD, #01-25A, SINGAPORE(210662)"
7-ELEVEN,02/11/2025 - 01/11/2026,"7-ELEVEN, 5, CHANGI BUSINESS PARK CENTRAL 1, #01-15, CHANGI CITY POINT, SINGAPORE(486038)"
COLD STORAGE SINGAPORE (1983) PTE LTD,06/11/2025 - 05/11/2026,"KATONG MARKET PLACE, 112, EAST COAST ROAD, #B1-14, 112 KATONG, SINGAPORE(428802)"
COLD STORAGE SINGAPORE (1983) PTE LTD,06/11/2025 - 05/11/2026,"JASON MARKET PLACE, 252, NORTH BRIDGE ROAD, #B1-01, RAFFLES CITY SHOPPING CENTRE, SINGAPORE(179103)"
ZAITUN TRADING PTE. LTD.,10/11/2025 - 09/11/2026,"ZAITUN TRADING PTE. LTD., 1A, EUNOS CRESCENT, #01-K1, SINGAPORE(401001)"
WAN JIA YI ZU PTE. LTD.,11/11/2025 - 10/11/2026,"WAN JIA YI ZU PTE.LTD., 11, LORONG 3 TOA PAYOH, #01-34, JACKSON SQUARE (BLOCK C), SINGAPORE(319579)"
7-ELEVEN,19/11/2025 - 18/11/2026,"7-ELEVEN, 1, MARITIME SQUARE, #02-32, HARBOURFRONT CENTRE, SINGAPORE(099253)"
MOOK YAW HENG,22/11/2025 - 21/11/2026,"XIANG FOO COFFEE STALL, BLK 166 BERSEH FOOD CENTRE (STALL NO. 51), SINGAPORE"
7-ELEVEN,22/11/2025 - 21/11/2026,"7-ELEVEN, 628, SENJA ROAD, #01-02, SENJA CENTRE, SINGAPORE(670628)"
C & L CAFE,24/11/2025 - 23/11/2026,"C & L CAFE, 81, UBI AVENUE 4, #01-07, UB. ONE (DRINK STALL 8), SINGAPORE(408830)"
NTUC FAIRPRICE CO-OPERATIVE LTD,24/11/2025 - 23/11/2026,"NTUC FAIRPRICE CO-OPERATIVE LTD, 460, ALEXANDRA ROAD, #01-09, PSA BUILDING, SINGAPORE(119963)"
7-ELEVEN,30/11/2025 - 29/11/2026,"7-ELEVEN, 20, HONGKONG STREET, #01-02, SINGAPORE(059663)"
YEW GUAN,30/11/2025 - 29/11/2026,"YEW GUAN, 443, ANG MO KIO AVENUE 10, #01-1231, (FIRST STOREY SHOP), SINGAPORE(560443)"
COLD STORAGE SINGAPORE (1983) PTE LTD,04/12/2025 - 03/12/2026,"COLD STORAGE GREENWICH V, 1, SELETAR ROAD, #01-11, GREENWICH, THE, SINGAPORE(807011)"
K15 FOODPARK PTE. LTD.,04/12/2025 - 03/12/2026,"FOODPARK, 339, ANG MO KIO AVENUE 1, #01-1565, SINGAPORE(560339)"
FIRST PRICE POWER,10/12/2025 - 09/12/2026,"POWER F P, 504, JURONG WEST STREET 51, #01-223, SINGAPORE(640504)"
7-ELEVEN,16/12/2025 - 15/12/2026,"7-ELEVEN, 460, ALEXANDRA ROAD, #01-26, PSA BUILDING, SINGAPORE(119963)"
TECK HUAT TOH KEE,21/12/2025 - 20/12/2026,"TECK HUAT TOH KEE, 20, LORONG 7 TOA PAYOH, #01-750, SINGAPORE(310020)"
FOODPRINTS INVESTMENTS PTE. LTD.,23/12/2025 - 22/12/2026,"FOODPRINTS INVESTMENTS, 71, PIONEER ROAD, #01-07, (DRINKS STALL NO. 1D), SINGAPORE(639591)"
GOOD PRICE CENTRE,23/12/2025 - 22/12/2026,"GOOD PRICE CENTRE, 84, REDHILL LANE, #01-360, SINGAPORE(150084)"
MAVELI STORE,07/01/2026 - 06/01/2027,"MAVELI STORE, 324, TAH CHING ROAD, #01-46, SINGAPORE(610324)"
KRISH IMPEX PTE. LTD.,07/01/2026 - 06/01/2027,"KRISH IMPEX PTE. LTD., 216, MARSILING LANE, #01-K1, SINGAPORE(730216)"
HELLO SUNSHINE,08/01/2026 - 07/01/2027,"HELLO SUNSHINE, 4, CHANGI VILLAGE ROAD, #01-2066, SINGAPORE(500004)"
P M HAJA STORE,08/01/2026 - 07/01/2027,"P M HAJA STORE, 23, MARSILING DRIVE, #01-145, SINGAPORE(730023)"
GOOD PRICE CENTRE,16/01/2026 - 15/01/2027,"GOOD PRICE CENTRE, 883, WOODLANDS STREET 82, #01-474, WOODLANDS NORTH PLAZA, SINGAPORE(730883)"
NETWORK PLUS ELECTRONICS PTE. LTD.,18/01/2026 - 17/01/2027,"NETWORK PLUS ELECTRONICS PTE. LTD., 112, ALJUNIED CRESCENT, #01-140, SINGAPORE(380112)"
7-ELEVEN,27/01/2026 - 26/01/2027,"7-ELEVEN, 60, ROBERTSON QUAY, #01-08, THE QUAKESIDE, SINGAPORE(238252)"
HOE HUAT SENG (2011) TRADING,30/01/2026 - 29/01/2027,"HOE HUAT SENG (2011) TRADING, 892C, WOODLANDS DRIVE 50, #01-01, MULTI STOREY CAR PARK, SINGAPORE(732892)"
BRIGHT BLOSSOM PTE. LTD.,30/01/2026 - 29/01/2027,"BRIGHT BLOSSOM PTE LTD, 111, NORTH BRIDGE ROAD, #01-40, PENINSULA PLAZA, SINGAPORE(179098)"
7-ELEVEN,01/02/2026 - 31/01/2027,"7-ELEVEN, 10, EU TONG SEN STREET, #B1-04, CLARKE QUAY MRT STATION, SINGAPORE(059815)"
TECK GUAN MINIMART,08/02/2026 - 07/02/2027,"TECK GUAN MINIMART, 523, HOUGANG AVENUE 6, #01-123, SINGAPORE(530523)"
NTUC FAIRPRICE CO-OPERATIVE LTD,15/02/2026 - 14/02/2027,"NTUC FAIRPRICE CO-OPERATIVE LTD, 612, PUNGGOL DRIVE, #01-06, MULTI STOREY CAR PARK, SINGAPORE(820612)"
MOEKAUNGKIN PTE. LTD.,21/02/2026 - 20/02/2027,"MOEKAUNGKIN PTE.LTD, 111, NORTH BRIDGE ROAD, #B1-02A, PENINSULA PLAZA, SINGAPORE(179098)"
TAY KIM HUA,28/02/2026 - 27/02/2027,"HUA COFFEE & DRINKS, 4A, JALAN BATU, #01-23, SINGAPORE(432004)"
TING TIONG MENG,28/02/2026 - 27/02/2027,"HENG HENG COFFEE STALL, 115, BUKIT MERAH VIEW, #01-23, MARKET & FOOD CENTRE, SINGAPORE(151115)"
SPMINIMART PTE. LTD.,02/03/2026 - 01/03/2027,"SPMINIMART PTE. LTD., 45, BENDEMEER ROAD, #01-1457B, SINGAPORE(330045)"
7-ELEVEN,14/03/2026 - 13/03/2027,"7-ELEVEN, 3150, COMMONWEALTH AVENUE WEST, #02-01, CLEMENTI MRT STATION (EW23), SINGAPORE(129580)"
TENG BWENG LEE,15/03/2026 - 14/03/2027,"LUCK SENG COFFEE STALL, 115, BUKIT MERAH VIEW, #01-31, SINGAPORE(151115)"
7-ELEVEN,16/03/2026 - 15/03/2027,"7-ELEVEN, 16, COLLYER QUAY, #01-09, HITACHI TOWER, SINGAPORE(049318)"
SHENG SIONG SUPERMARKET PTE LTD,16/03/2026 - 15/03/2027,"SHENG SIONG, 4, LORONG 7 TOA PAYOH, #01-107, SINGAPORE(310004)"
CHEERS HOLDINGS (2004) PTE. LTD.,20/03/2026 - 19/03/2027,"CHEERS, 2, KEPPEL BAY DRIVE, #B1-133, CARIBBEAN AT KEPPEL BAY, SINGAPORE(098636)"
IEAT CANTEEN,23/03/2026 - 22/03/2027,"IEAT CANTEEN, 47, TUAS SOUTH AVENUE 1, TUAS COVE INDUSTRIAL CENTRE (LVL 1, STALL 1), SINGAPORE(637328)"
KHANS FAMILY MART PTE. LTD.,30/03/2026 - 29/03/2027,"KHANS FAMILY MART PTE LTD, 365, YISHUN RING ROAD, #01-1558, SINGAPORE(760365)"
10 PLUS ADMIRAX FOOD PLACE PTE. LTD.,10/04/2026 - 09/04/2027,"10 PLUS ADMIRAX FOOD PLACE, 8, ADMIRALTY STREET, #01-05, ADMIRAX (STALL NO. 7), SINGAPORE(757438)"
SHENG SIONG SUPERMARKET PTE LTD,16/04/2026 - 15/04/2027,"SHENG SIONG, 1, JALAN BERSEH, #B1-02, NEW WORLD CENTRE, SINGAPORE(209037)"
MI JIAN DIAN TIBITS,26/04/2026 - 25/04/2027,"MI JIAN DIAN, 200, WOODLANDS INDUSTRIAL PARK E7, #01-19, SINGAPORE(757177)"
7-ELEVEN,27/04/2026 - 26/04/2027,"7-ELEVEN, 11, BAYFRONT AVENUE, #B1-03, BAYFRONT MRT STATION, SINGAPORE(018957)"
7-ELEVEN,27/04/2026 - 26/04/2027,"7-ELEVEN, 201, VICTORIA STREET, #01-09, ILUMA, SINGAPORE(188067)"
7-ELEVEN,27/04/2026 - 26/04/2027,"7-ELEVEN, 11, BAYFRONT AVENUE, #B1-02, BAYFRONT MRT STATION, SINGAPORE(018957)"
CHEERS HOLDINGS (2004) PTE. LTD.,27/04/2026 - 26/04/2027,"CHEERS, 545, ORCHARD ROAD, #01-18, FAR EAST SHOPPING CENTRE, SINGAPORE(238882)"
NTUC FAIRPRICE CO-OPERATIVE LTD,06/05/2026 - 05/05/2027,"NTUC FAIRPRICE CO-OPERATIVE LTD, 8, CHANGI BUSINESS PARK AVENUE 1, #01-51, UE BIZHUB EAST, SINGAPORE(486018)"
FU CHAN F&B GROUP PTE. LTD.,07/05/2026 - 06/05/2027,"FU CHAN, 139, TAMPINES STREET 11, #01-08, SINGAPORE(521139)"
HELLO THANK YOU,07/05/2026 - 06/05/2027,"HELLO THANK YOU, 1, CHANGI VILLAGE ROAD, #01-2030, SINGAPORE(500001)"
PEKING ROOM,07/05/2026 - 06/05/2027,"PEKING ROOM, 49, TANGLIN HALT ROAD, #01-365, ( STALL NO. 1 ), SINGAPORE(142049)"
SRI MURUGAN TRADING PTE. LTD.,07/05/2026 - 06/05/2027,"SRI MURUGAN TRADING PTE LTD, 71, PIONEER ROAD, #01-03, SINGAPORE(639591)"
SEN YAN,07/05/2026 - 06/05/2027,"SEN YAN, 24, SIN MING ROAD, #01-51, DRINK STALL 3, SINGAPORE(570024)"
KG. CHAI CHEE TRADERS,09/05/2026 - 08/05/2027,"KG. CHAI CHEE TRADERS, 42, CHAI CHEE STREET, #01-54, SINGAPORE(461042)"
BUZZ SHOP PTE. LTD.,16/05/2026 - 15/05/2027,"BUZZ, 768, WOODLANDS AVENUE 6, #01-K4, WOODLANDS MART, SINGAPORE(730768)"
7-ELEVEN,16/05/2026 - 15/05/2027,"7-ELEVEN, 81, CLEMENCEAU AVENUE, #01-24, SINGAPORE(239917)"
LEE GUAT HOON,16/05/2026 - 15/05/2027,"HUP HENG CAFE, 448, CLEMENTI AVENUE 3, #01-22, SINGAPORE(120448)"
JW FOOD HOLDINGS PTE. LTD.,22/05/2026 - 21/05/2027,"JW 498, 498, JURONG WEST STREET 41, #01-426, SINGAPORE(640498)"
7-ELEVEN,28/05/2026 - 27/05/2027,"7-ELEVEN, 126, KIM TIAN ROAD, #01-02, MULTI STOREY CAR PARK, SINGAPORE(160126)"
WHAMPOA TERMINAL CAFETERIA,28/05/2026 - 27/05/2027,"WHAMPOA TERMINAL CAFETERIA, 3026, UBI ROAD 1, #01-146, ( DRINK STALL NO. 12 ), SINGAPORE(408719)"
CHEERS HOLDINGS (2004) PTE. LTD.,04/06/2026 - 03/06/2027,"CHEERS, 6, EU TONG SEN STREET, #01-05, CENTRAL, THE, SINGAPORE(059817)"
BBQ MART 2062,13/06/2026 - 12/06/2027,"BBQ MART 2062, 4, CHANGI VILLAGE ROAD, #01-2062, SINGAPORE(500004)"
SHENG SIONG SUPERMARKET PTE LTD,14/06/2026 - 13/06/2027,"SHENG SIONG, 301, GEYLANG ROAD, #01-02, BCH@301, SINGAPORE(389344)"
RAMIYAA S MAARKETING PTE. LTD.,14/06/2026 - 13/06/2027,"RAMIYAA S MAARKETING PTE. LTD., 369, TAMPINES STREET 34, #01-21, SINGAPORE(520369)"
RAMIYAA S MAARKETING PTE. LTD.,14/06/2026 - 13/06/2027,"RAMIYAA S MAARKETING PTE. LTD., 321, TAMPINES STREET 33, #01-136, SINGAPORE(520321)"
RAMIYAA S MAARKETING PTE. LTD.,14/06/2026 - 13/06/2027,"RAMIYAA S MAARKETING PTE. LTD., 498A, TAMPINES STREET 45, #01-360, SINGAPORE(520498)"
276 CAFE PTE. LTD.,19/06/2026 - 18/06/2027,"276 CAFE PTE. LTD., 276, JURONG WEST STREET 25, #01-01, MULTI STOREY CAR PARK (DRINK STALL 1), SINGAPORE(640276)"
AI LYN ENTERPRISE,20/06/2026 - 19/06/2027,"AI LYN ENTERPRISE, 6, BEACH ROAD, #01-4861, SINGAPORE(190006)"
SRI MURUGAN TRADING PTE. LTD.,26/06/2026 - 25/06/2027,"SRI MURUGAN TRADING PTE LTD, 308, ANCHORVALE ROAD, #01-08, MULTI STOREY CAR PARK, SINGAPORE(540308)"
HL43 FOOD HOUSE,03/07/2026 - 02/07/2027,"HL43 FOOD HOUSE, 43, HOLLAND DRIVE, #01-75, ( DRINK STALL NO. 07 ), SINGAPORE(270043)"
COLD STORAGE SINGAPORE (1983) PTE LTD,13/07/2026 - 12/07/2027,"CS SENTOSA COVE, 1, COVE AVENUE, #02-07, SENTOSA COVE ARRIVAL PLAZA, SINGAPORE(098537)"
PG 416 F&B PTE. LTD.,20/07/2026 - 19/07/2027,"PG 416 COFFEE HOUSE, 416, PANDAN GARDENS, #01-122, STALL NO. 2, SINGAPORE(600416)"
7-ELEVEN,20/07/2026 - 19/07/2027,"7-ELEVEN, 3155, COMMONWEALTH AVENUE WEST, #01-03, THE CLEMENTI MALL, SINGAPORE(129588)"
SHENG SIONG SUPERMARKET PTE LTD,20/07/2026 - 19/07/2027,"SHENG SIONG, 154A, BUKIT BATOK WEST AVENUE 8, #01-01, SINGAPORE(651154)"
AH HWEE TRADING,24/07/2026 - 23/07/2027,"AH HWEE TRADING, 207, TAMPINES STREET 21, #01-K1, SINGAPORE(520207)"
7-ELEVEN,30/07/2026 - 29/07/2027,"7-ELEVEN, 65, BRAS BASAH ROAD, #B1-03, BRAS BASAH MRT STATION, SINGAPORE(189561)"
TWS PTE. LTD.,31/07/2026 - 30/07/2027,"QUAICH BAR, 390A, HAVELOCK ROAD, #01-09, GRAND COPTHORNE WATERFRONT, SINGAPORE(169664)"
MAYVIN TRADING,26/08/2025 - 25/08/2026,"MAYVIN TRADING, 2, UPPER ALJUNIED LANE, #01-25, SINGAPORE(360002)"
GOOD PRICE CENTRE,26/08/2025 - 25/08/2026,"GOOD PRICE CENTRE, 276, JURONG WEST STREET 25, #01-07, MULTI STOREY CAR PARK, SINGAPORE(640276)"
PRIME SUPERMARKET LIMITED,27/08/2025 - 26/08/2026,"PRIME SUPERMARKET, 1, UPPER ALJUNIED LANE, #01-01, SINGAPORE(360001)"
SHENG SIONG SUPERMARKET PTE LTD,28/08/2025 - 27/08/2026,"SHENG SIONG, 115, BEDOK NORTH ROAD, #01-319, SINGAPORE(460115)"
COLD STORAGE SINGAPORE (1983) PTE LTD,06/09/2025 - 05/09/2026,"TANGLIN MARKET PLACE, 163, TANGLIN ROAD, #B1-04, TANGLIN MALL, SINGAPORE(247933)"
CHANG CHENG FOOD & BEVERAGE PTE. LTD.,12/09/2025 - 11/09/2026,"GRAND CITY COFFEE SHOP PTE. LTD., 27, BENDEMEER ROAD, #01-659, BENDEMEER SHOPPING MALL (DRINKS STALL NO. 05), SINGAPORE(330027)"
COLD STORAGE SINGAPORE (1983) PTE LTD,14/09/2025 - 13/09/2026,"COLD STORAGE STAR VISTA, 1, VISTA EXCHANGE GREEN, #B1-35, THE STAR, SINGAPORE(138617)"
7-ELEVEN,20/09/2025 - 19/09/2026,"7-ELEVEN, 68, ORCHARD ROAD, #01-51, PLAZA SINGAPURA, SINGAPORE(238839)"
BROADWAY FOOD CENTRE (HOLDINGS) PTE LTD,26/09/2025 - 25/09/2026,"BROADWAY, 612, PUNGGOL DRIVE, #01-01, MULTI STOREY CAR PARK (DRINK STALL 4), SINGAPORE(820612)"
PEARL'S HILL 34 PTE. LTD.,26/09/2025 - 25/09/2026,"PEARL'S HILL 34 PTE. LTD., 34, UPPER CROSS STREET, #01-170, (DRINK STALL 1), SINGAPORE(050034)"
LEE GUAT HOON,01/10/2025 - 30/09/2026,"JIA PING COFFEE TEA STALL, 16, BEDOK SOUTH ROAD, #01-44, SINGAPORE(460016)"
W SINGAPORE SENTOSA COVE HOTEL,09/10/2025 - 08/10/2026,"WOOBAR, 21, OCEAN WAY, #02-A, SINGAPORE(098374)"
NAN YANG WANG LLP,09/10/2025 - 08/10/2026,"NAN YANG WANG, 10, MARSILING IND ESTATE ROAD 1, #01-01, STALL 8, SINGAPORE(739276)"
AJMAL TRADE MART PTE. LTD.,09/10/2025 - 08/10/2026,"AJMAL TRADE MART PTE. LTD., 12, KRANJI ROAD, KRANJI LODGE 1, SINGAPORE(739522)"
7-ELEVEN,11/10/2025 - 10/10/2026,"7-ELEVEN, 7500A, BEACH ROAD, #B1-306, THE PLAZA, SINGAPORE(199591)"
YUE HUA FOOD COURT PTE. LTD.,11/10/2025 - 10/10/2026,"YUE HUA FOOD COURT PTE. LTD., 108, DEPOT ROAD, #02-22, DEPOT HEIGHTS SHOPPING CENTRE (STALL 1), SINGAPORE(100108)"
GOH POO HUAT,12/10/2025 - 11/10/2026,"POPULAR CAFE, 16, BEDOK SOUTH ROAD, #01-03, ( FOOD CENTRE ), SINGAPORE(460016)"
CHEERS HOLDINGS (2004) PTE. LTD.,15/10/2025 - 14/10/2026,"CHEERS, 70, PUNGGOL CENTRAL, #01-02, PUNGGOL MRT STATION, SINGAPORE(828868)"
NICE MINIMART PTE. LTD.,16/10/2025 - 15/10/2026,"NICE MINIMART PTE. LTD., 126, LORONG 1 TOA PAYOH, #01-569, SINGAPORE(310126)"
UNIVERSAL HOMEMART,29/10/2025 - 28/10/2026,"UNIVERSAL HOMEMART, 399, YUNG SHENG ROAD, #01-21, SINGAPORE(610399)"
7-ELEVEN,29/10/2025 - 28/10/2026,"7-ELEVEN, 19, TOH YI DRIVE, #01-117, SINGAPORE(590019)"
ZHONG HUA MINI MART,31/10/2025 - 30/10/2026,"ZHONG HUA MINI MART, 260, SIMS AVENUE, #01-03, ECM BUILDING, SINGAPORE(387604)"
PRIME SUPERMARKET (1996) PTE LTD,04/11/2025 - 03/11/2026,"PRIME SUPERMARKET, 761, YISHUN STREET 72, #01-350, SINGAPORE(760761)"
BINSMART,07/11/2025 - 06/11/2026,"BINSMART, 66, KALLANG BAHRU, #01-509, SINGAPORE(330066)"
MANNAI TRADERS PTE. LTD.,09/11/2025 - 08/11/2026,"MANNAI TRADERS PTE. LTD., 33, JALAN BESAR, SINGAPORE(208799)"
FOOD CONCEPTS GROUP SINGAPORE PTE. LTD.,11/11/2025 - 10/11/2026,"ZAFFERANO, 10, COLLYER QUAY, #43-01, OCEAN FINANCIAL CENTRE, SINGAPORE(049315)"
MEETUP @ 494 PTE. LTD.,21/11/2025 - 20/11/2026,"MEETUP @ 494 PTE. LTD., 494, JURONG WEST STREET 41, #01-138, DRINK STALL 3, SINGAPORE(640494)"
JANE'S DEPARTMENTAL STORE PTE. LTD.,21/11/2025 - 20/11/2026,"JANE'S DEPARTMENTAL STORE, 443, PASIR RIS DRIVE 6, #01-08, SINGAPORE(510443)"
SHENG SIONG SUPERMARKET PTE LTD,23/11/2025 - 22/11/2026,"SHENG SIONG, 25, GHIM MOH LINK, #01-11, SINGAPORE(270025)"
SHENG SIONG SUPERMARKET PTE LTD,23/11/2025 - 22/11/2026,"SHENG SIONG, 420A, CLEMENTI AVENUE 1, #01-01, SINGAPORE(121420)"
SINGAPORE PETROLEUM COMPANY LIMITED,29/11/2025 - 28/11/2026,"CHOICE, 2761, ANG MO KIO AVENUE 5, SPC AMK5, SINGAPORE(569866)"
LAU MING CHYANG,30/11/2025 - 29/11/2026,"SOON LEE, 75, LORONG 5 TOA PAYOH, #01-36, FOOD CENTRE, SINGAPORE(310075)"
KIM SING KWANG,02/12/2025 - 01/12/2026,"MING SENG COFFEE STALL, 75, LORONG 5 TOA PAYOH, #01-19, FOOD CENTRE, SINGAPORE(310075)"
S.P. POWER,05/12/2025 - 04/12/2026,"POWER S P, 281, BUKIT BATOK EAST AVENUE 3, #01-307, SINGAPORE(650281)"
LI LI CHENG SUPERMARKET (PUNGGOL) PTE. LTD.,05/12/2025 - 04/12/2026,"LI LI CHENG SUPERMARKET, 273C, PUNGGOL PLACE, #01-884, SINGAPORE(823273)"
HOONG SIEW MING,05/12/2025 - 04/12/2026,"NAM PING CAFE, 37A, TEBAN GARDENS ROAD, #01-06, TEBAN GARDENS MKT & FOOD CENTRE, SINGAPORE(601037)"
MENG HUP EATING HOUSE,12/12/2025 - 11/12/2026,"MENG HUP EATING HOUSE, 164, STIRLING ROAD, #01-1200, ( SERVICE COUNTER ), SINGAPORE(140164)"
NTUC FAIRPRICE CO-OPERATIVE LTD,12/12/2025 - 11/12/2026,"FAIRPRICE FINEST, 100, TRAS STREET, #B1-01, 100 AM, SINGAPORE(079027)"
SMILES MART PTE. LTD.,13/12/2025 - 12/12/2026,"SMILES, 6, EUNOS CRESCENT, #01-2631, SINGAPORE(400006)"
HENG'S MINIMART PTE. LTD.,20/12/2025 - 19/12/2026,"HENG'S MINIMART PTE LTD, 302, HOUGANG AVENUE 5, #01-K1, SINGAPORE(530302)"
GOLDEN AVA INTERNATIONAL PTE. LTD.,24/12/2025 - 23/12/2026,"GOLDEN AVA INTERNATIONAL PTE. LTD., 111, NORTH BRIDGE ROAD, #03-16, PENINSULA PLAZA, SINGAPORE(179098)"
FU CHAN F&B GROUP PTE. LTD.,24/12/2025 - 23/12/2026,"FU CHAN F&B GROUP PTE. LTD., 447A, JALAN KAYU, #01-01, ( DRINKS STALL NO. 07 ), SINGAPORE(791447)"
7-ELEVEN,24/12/2025 - 23/12/2026,"7-ELEVEN, 91, BENCOOLEN STREET, #01-01, SUNSHINE PLAZA, SINGAPORE(189652)"
NTUC FAIRPRICE CO-OPERATIVE LTD,27/12/2025 - 26/12/2026,"FAIRPRICE, 133, NEW BRIDGE ROAD, #B1-01, CHINATOWN POINT, SINGAPORE(059413)"
CHAN GEK LAN,28/12/2025 - 27/12/2026,"SENG HENG, 3, CHANGI VILLAGE ROAD, #01-91, FOOD CENTRE, SINGAPORE(500003)"
NTUC FAIRPRICE CO-OPERATIVE LTD,28/12/2025 - 27/12/2026,"FAIRPRICE, 502, WEST COAST DRIVE, #01-41, SINGAPORE(120502)"
KIM SAN LENG (YISHUN) FOOD CENTRE PTE. LTD.,01/01/2026 - 31/12/2026,"KIM SAN LENG, 2, YISHUN INDUSTRIAL STREET 1, #01-12, NORTH POINT BIZHUB ( DRINKS STALL NO. 01 ), SINGAPORE(768159)"
ANG MO SUPERMARKET PTE LTD,02/01/2026 - 01/01/2027,"ANG MO SUPERMARKET, 196A, PUNGGOL FIELD, #01-519, SINGAPORE(821196)"
SAVANH PTE. LTD.,03/01/2026 - 02/01/2027,"SAVANH, 47, CLUB STREET, #01-00, SINGAPORE(069424)"
7-ELEVEN,04/01/2026 - 03/01/2027,"7-ELEVEN, 7, HAJI LANE, ( LEVEL ONE ), SINGAPORE(189200)"
7-ELEVEN,04/01/2026 - 03/01/2027,"7-ELEVEN, 7, RODYK STREET, #01-31, WATERMARK @ ROBERTSON QUAY, SINGAPORE(238215)"
SPRINGHILLS IMPEX AND TRADING PTE. LTD.,10/01/2026 - 09/01/2027,"LAO HUO GUO SHAO KAO CHENG, 50, BUKIT BATOK STREET 23, #03-20, MIDVIEW BUILDING ( DRINK STALL NO. 02 ), SINGAPORE(659578)"
4M CHANGI VILLAGE,16/01/2026 - 15/01/2027,"4M CHANGI VILLAGE, 3, CHANGI VILLAGE ROAD, #01-94, CHANGI VILLAGE FOOD CENTRE, SINGAPORE(500003)"
TANJONG BEACH CLUB PTE. LTD.,23/01/2026 - 22/01/2027,"TANJONG BEACH CLUB PTE LTD, 120, TANJONG BEACH WALK, SINGAPORE(098942)"
FOOD PAVILION PTE. LTD.,29/01/2026 - 28/01/2027,"FOODPAVILION, 443, CLEMENTI AVENUE 3, #01-55, ( DRINKS STALL NO. 01 ), SINGAPORE(120443)"
7-ELEVEN,30/01/2026 - 29/01/2027,"7-ELEVEN, 301, BOON LAY WAY, #01-35, BOON LAY MRT STATION, SINGAPORE(649846)"
CHOP SENG HENG,15/02/2026 - 14/02/2027,"CHOP SENG HENG, 150, LORONG 1 TOA PAYOH, #01-1009, SINGAPORE(310150)"
K3 FOODPARK PTE. LTD.,24/02/2026 - 23/02/2027,"FOODPARK, 182A, RIVERVALE CRESCENT, #01-01, ( DRINK STALL NO. 07 ), SINGAPORE(541182)"
LEE QUAN (WOODLANDS) PTE. LTD.,28/02/2026 - 27/02/2027,"HAI ZHONG BAO, 11, WOODLANDS CLOSE, #01-46, WOODLANDS 11 ( DRINK STALL NO. 10 ), SINGAPORE(737853)"
COLD STORAGE SINGAPORE (1983) PTE LTD,06/03/2026 - 05/03/2027,"COLD STORAGE PLAZA SINGAPURA, 68, ORCHARD ROAD, #B2-15, PLAZA SINGAPURA, SINGAPORE(238839)"
COLD STORAGE SINGAPORE (1983) PTE LTD,21/03/2026 - 20/03/2027,"GIANT EXPRESS, 406A, SEMBAWANG DRIVE, #01-02, MULTI STOREY CAR PARK, SINGAPORE(751406)"
NTUC FAIRPRICE CO-OPERATIVE LTD,21/03/2026 - 20/03/2027,"FAIRPRICE, 447A, JALAN KAYU, #01-02, SINGAPORE(791447)"
THE CONVENIENCE STORE,22/03/2026 - 21/03/2027,"THE CONVENIENCE STORE, 959, JURONG WEST STREET 92, #01-158, SINGAPORE(640959)"
COLD STORAGE SINGAPORE (1983) PTE LTD,01/04/2026 - 31/03/2027,"GIANT EXPRESS, 492, JURONG WEST STREET 41, #01-28, SINGAPORE(640492)"
COLD STORAGE SINGAPORE (1983) PTE LTD,01/04/2026 - 31/03/2027,"GIANT SUPER, 509, BEDOK NORTH STREET 3, #01-121, SINGAPORE(460509)"
COLD STORAGE SINGAPORE (1983) PTE LTD,01/04/2026 - 31/03/2027,"GIANT SUPER, 316B, ANG MO KIO STREET 31, #01-11, MULTI STOREY CAR PARK, SINGAPORE(563316)"
COLD STORAGE SINGAPORE (1983) PTE LTD,01/04/2026 - 31/03/2027,"GIANT SUPER, 883, WOODLANDS STREET 82, #01-498, WOODLANDS NORTH PLAZA, SINGAPORE(730883)"
COLD STORAGE SINGAPORE (1983) PTE LTD,01/04/2026 - 31/03/2027,"GIANT SUPER, 548, WOODLANDS DRIVE 44, #01-37, VISTA POINT, SINGAPORE(730548)"
COLD STORAGE SINGAPORE (1983) PTE LTD,01/04/2026 - 31/03/2027,"GIANT SUPER, 284, BUKIT BATOK EAST AVENUE 3, #01-251, SINGAPORE(650284)"
COLD STORAGE SINGAPORE (1983) PTE LTD,01/04/2026 - 31/03/2027,"GIANT SUPER, 256, BANGKIT ROAD, #01-69, SINGAPORE(670256)"
COLD STORAGE SINGAPORE (1983) PTE LTD,01/04/2026 - 31/03/2027,"GIANT EXPRESS, 26, JALAN MEMBINA, #01-09, MULTI STOREY CAR PARK, SINGAPORE(161026)"
COLD STORAGE SINGAPORE (1983) PTE LTD,01/04/2026 - 31/03/2027,"GIANT SUPER, 348, BEDOK ROAD, #01-01, BEDOK MARKET PLACE, SINGAPORE(469560)"
COLD STORAGE SINGAPORE (1983) PTE LTD,01/04/2026 - 31/03/2027,"GIANT SUPER, 376, BUKIT BATOK STREET 31, #01-116, SINGAPORE(650376)"
COLD STORAGE SINGAPORE (1983) PTE LTD,01/04/2026 - 31/03/2027,"GIANT SUPER, 293, YISHUN STREET 22, #01-261A, SINGAPORE(760293)"
COLD STORAGE SINGAPORE (1983) PTE LTD,01/04/2026 - 31/03/2027,"GIANT SUPER, 525, ANG MO KIO AVENUE 10, #01-2403, CHENG SAN CENTRE, SINGAPORE(560525)"
COLD STORAGE SINGAPORE (1983) PTE LTD,01/04/2026 - 31/03/2027,"GIANT EXPRESS, 56, MARINE TERRACE, #01-259, SINGAPORE(440056)"
COLD STORAGE SINGAPORE (1983) PTE LTD,01/04/2026 - 31/03/2027,"GIANT EXPRESS, 468B, ADMIRALTY DRIVE, #01-29, SINGAPORE(752468)"
COLD STORAGE SINGAPORE (1983) PTE LTD,01/04/2026 - 31/03/2027,"GIANT SUPER, 440, PASIR RIS DRIVE 4, #01-01, SINGAPORE(510440)"
COLD STORAGE SINGAPORE (1983) PTE LTD,01/04/2026 - 31/03/2027,"GIANT SUPER, 9, TAMPINES STREET 32, #01-30, SINGAPORE(529286)"
COLD STORAGE SINGAPORE (1983) PTE LTD,01/04/2026 - 31/03/2027,"GIANT SUPER, 266, SERANGOON CENTRAL DRIVE, #01-255, SINGAPORE(550266)"
COLD STORAGE SINGAPORE (1983) PTE LTD,01/04/2026 - 31/03/2027,"GIANT SUPER, 768, WOODLANDS AVENUE 6, #01-33, WOODLANDS MART, SINGAPORE(730768)"
COLD STORAGE SINGAPORE (1983) PTE LTD,01/04/2026 - 31/03/2027,"GIANT SUPER, 982, BUANGKOK CRESCENT, #01-01, SINGAPORE(530982)"
COLD STORAGE SINGAPORE (1983) PTE LTD,01/04/2026 - 31/03/2027,"GIANT SUPER, 306, UBI AVENUE 1, #01-185, SINGAPORE(400306)"
COLD STORAGE SINGAPORE (1983) PTE LTD,01/04/2026 - 31/03/2027,"GIANT SUPER, 144, UPPER BUKIT TIMAH ROAD, #B1-01, BEAUTY WORLD CENTRE, SINGAPORE(588177)"
COLD STORAGE SINGAPORE (1983) PTE LTD,01/04/2026 - 31/03/2027,"GIANT SUPER, 260, KIM KEAT AVENUE, #01-01, MULTI STOREY CAR PARK, SINGAPORE(310260)"
COLD STORAGE SINGAPORE (1983) PTE LTD,01/04/2026 - 31/03/2027,"GIANT EXPRESS, 21, GHIM MOH ROAD, #01-177, SINGAPORE(270021)"
COLD STORAGE SINGAPORE (1983) PTE LTD,01/04/2026 - 31/03/2027,"GIANT SUPER, 21, HOUGANG STREET 51, #01-52, HOUGANG GREEN SHOPPING MALL, SINGAPORE(538719)"
COLD STORAGE SINGAPORE (1983) PTE LTD,01/04/2026 - 31/03/2027,"GIANT SUPER, 8, TELOK BLANGAH CRESCENT, #01-171, SINGAPORE(090008)"
COLD STORAGE SINGAPORE (1983) PTE LTD,01/04/2026 - 31/03/2027,"COLD STORAGE, 291, JOO CHIAT ROAD, #01-01, JK CENTRE, SINGAPORE(427543)"
COLD STORAGE SINGAPORE (1983) PTE LTD,01/04/2026 - 31/03/2027,"GIANT EXPRESS, 70, WOODLANDS AVENUE 7, #01-05, ADMIRALTY MRT STATION, SINGAPORE(738344)"
COLD STORAGE SINGAPORE (1983) PTE LTD,01/04/2026 - 31/03/2027,"GIANT SUPER, 418, YISHUN AVENUE 11, #01-433, SINGAPORE(760418)"
COLD STORAGE SINGAPORE (1983) PTE LTD,01/04/2026 - 31/03/2027,"GIANT EXPRESS, 683, HOUGANG AVENUE 8, #01-903, SINGAPORE(530683)"
COLD STORAGE SINGAPORE (1983) PTE LTD,01/04/2026 - 31/03/2027,"GIANT SUPER, 201, YISHUN AVENUE 2, #01-03, KHATIB MRT STATION, SINGAPORE(769092)"
COLD STORAGE SINGAPORE (1983) PTE LTD,01/04/2026 - 31/03/2027,"GIANT HYPER, 2, JURONG EAST STREET 21, #01-100, IMM BUILDING, SINGAPORE(609601)"
COLD STORAGE SINGAPORE (1983) PTE LTD,01/04/2026 - 31/03/2027,"GIANT HYPER, 21, TAMPINES NORTH DRIVE 2, #03-01, GIANT, SINGAPORE(528765)"
COLD STORAGE SINGAPORE (1983) PTE LTD,01/04/2026 - 31/03/2027,"GIANT SUPER, 475, CHOA CHU KANG AVENUE 3, #01-01, SUNSHINE PLACE, SINGAPORE(680475)"
GOOD PRICE CENTRE,02/04/2026 - 01/04/2027,"GOOD PRICE CENTRE, 385, UPPER ALJUNIED ROAD, #01-385, SINGAPORE(367870)"
LIM SIONG HIN,11/04/2026 - 10/04/2027,"QI XIANG CHA SHI, 531A, UPPER CROSS STREET, #01-62, HONG LIM COMPLEX, SINGAPORE(051531)"
BISMILLAH MINIMART PTE. LTD.,12/04/2026 - 11/04/2027,"BISMILLAH MINIMART PTE. LTD., 32, MANDAI ESTATE, #01-02, SINGAPORE(729939)"
NTUC FAIRPRICE CO-OPERATIVE LTD,12/04/2026 - 11/04/2027,"FAIRPRICE, 570B, WOODLANDS AVENUE 1, #01-06, SINGAPORE(732570)"
COLD STORAGE SINGAPORE (1983) PTE LTD,16/04/2026 - 15/04/2027,"COLD STORAGE WEST MALL, 1, BUKIT BATOK CENTRAL LINK, #B1-01, WEST MALL, SINGAPORE(658713)"
HARRY'S INTERNATIONAL PTE. LTD.,19/04/2026 - 18/04/2027,"HARRY'S @ ESPLANADE, 8, RAFFLES AVENUE, #01-07, ESPLANADE MALL, SINGAPORE(039802)"
KOUFU PTE LTD,29/04/2026 - 28/04/2027,"KOUFU, 445, FAJAR ROAD, #01-548, FAJAR SHOPPING CENTRE ( STALL 09 ), SINGAPORE(670445)"
NTUC FAIRPRICE CO-OPERATIVE LTD,02/05/2026 - 01/05/2027,"FAIRPRICE FINEST, 20, AH HOOD ROAD, #02-01, ZHONGSHAN MALL, SINGAPORE(329984)"
AK SUPERSTORE,02/05/2026 - 01/05/2027,"AK SUPERSTORE, 39, KRANJI LINK, SINGAPORE(728649)"
EMMANUEL MINIMART,08/05/2026 - 07/05/2027,"EMMANUEL MINIMART, 819, TAMPINES STREET 81, #01-K1, SINGAPORE(520819)"
GOOD PRICE CENTRE,10/05/2026 - 09/05/2027,"GOOD PRICE CENTRE, 254, SERANGOON CENTRAL DRIVE, #01-223, SINGAPORE(550254)"
NTUC FAIRPRICE CO-OPERATIVE LTD,14/05/2026 - 13/05/2027,"FAIRPRICE FINEST, 491, RIVER VALLEY ROAD, #01-14, VALLEY POINT, SINGAPORE(248371)"
COASTES PRIVATE LIMITED,17/05/2026 - 16/05/2027,"BIKINI BAR, 50, SILOSO BEACH WALK, #01-01, SINGAPORE(099000)"
FVP TRADING AND SERVICES,17/05/2026 - 16/05/2027,"CABALEN GROCERY, 304, ORCHARD ROAD, #04-39, LUCKY PLAZA, SINGAPORE(238863)"
ZHENG HUA 257 F&B PTE. LTD.,22/05/2026 - 21/05/2027,"ZHENG HUA 257 COFFEE HOUSE, 257, BANGKIT ROAD, #01-61, BUKIT PANJANG NEW TOWN ( DRINK STALL NO. 08 ), SINGAPORE(670257)"
CHENNAI MART PTE. LTD.,31/05/2026 - 30/05/2027,"CHENNAI MART, 70, LORONG 4 TOA PAYOH, #01-353, SINGAPORE(310070)"
7-ELEVEN,06/06/2026 - 05/06/2027,"7-ELEVEN, 290, ORCHARD ROAD, #02-08B, PARAGON, THE, SINGAPORE(238859)"
MARINA (GU) PTE LTD,10/06/2026 - 09/06/2027,"MARINA FOOD HOUSE, 15, PHILLIP STREET, #01-00, TAN EAN KIAM BUILDING, SINGAPORE(048694)"
COLD STORAGE SINGAPORE (1983) PTE LTD,17/06/2026 - 16/06/2027,"COLD STORAGE SIGLAP V, 2, FIRST STREET, #01-05, SIGLAP V, SINGAPORE(458278)"
H M HUSSAIN,19/06/2026 - 18/06/2027,"H M HUSSAIN, 128, BUKIT MERAH VIEW, #01-26, SINGAPORE(150128)"
CHENG HUA S MART,28/06/2026 - 27/06/2027,"CHENG HUA S MART, 118, COMMONWEALTH CRESCENT, #01-19, SINGAPORE(140118)"
NTUC FAIRPRICE CO-OPERATIVE LTD,28/06/2026 - 27/06/2027,"FAIRPRICE XTRA, 50, JURONG GATEWAY ROAD, #B1-21, JEM, SINGAPORE(608549)"
EXTREMERS ADVENTURE PTE LTD,28/06/2026 - 27/06/2027,"GEORGES MAD GRILL, 687, EAST COAST ROAD, FRANKEL ESTATE, SINGAPORE(459055)"
TAN LAY KUAN,08/07/2026 - 07/07/2027,"YEH LAI SIANG COFFEE, 3, YUNG SHENG ROAD, #02-117, ( TAMAN JURONG MARKET & FOOD CENTRE ), SINGAPORE(618499)"
GOOD PRICE CENTRE,09/07/2026 - 08/07/2027,"GOOD PRICE CENTRE, 84, BEDOK NORTH STREET 4, #01-57, SINGAPORE(460084)"
ALJUNIED ENTERPRISE PTE. LTD.,10/07/2026 - 09/07/2027,"ALJUNIED COFFEE SHOP, 88, LORONG 25A GEYLANG, ( DRINK STALL NO. 04 ), SINGAPORE(388264)"
CHANG CHENG FOOD & BEVERAGE PTE. LTD.,15/07/2026 - 14/07/2027,"CHANG CHENG MEE WAH, 324, BUKIT BATOK STREET 33, #01-31, DRINK STALL 9, SINGAPORE(650324)"
BUZZ SHOP PTE. LTD.,18/07/2026 - 17/07/2027,"BUZZ, 4, SEAH IM ROAD, HARBOUR FRONT BUS INTERCHANGE, SINGAPORE(099115)"
E TRADING & COLOUR SERVICE CENTRE,19/07/2026 - 18/07/2027,"E TRADING & COLOUR SERVICE CENTRE, 150, BISHAN STREET 11, #01-145B, BISHAN GREEN, SINGAPORE(570150)"
NICE MINIMART PTE. LTD.,22/07/2026 - 21/07/2027,"NICE MINIMART PTE. LTD., 12, TELOK BLANGAH CRESCENT, #01-105, SINGAPORE(090012)"
YIMIN TRADING,23/07/2026 - 22/07/2027,"YIMIN TONG FONG MONEY CHANGER, 399, YUNG SHENG ROAD, #01-28, SINGAPORE(610399)"
5 MART,30/07/2026 - 29/07/2027,"5 MART SHOPPING, 808, FRENCH ROAD, #01-04, KITCHENER COMPLEX, SINGAPORE(200808)"
COLD STORAGE SINGAPORE (1983) PTE LTD,30/07/2026 - 29/07/2027,"JASONS, 31, OCEAN WAY, #01-26, QUAYSIDE ISLE, SINGAPORE(098375)"
KOUFU PTE LTD,31/07/2026 - 30/07/2027,"HAPPY HAWKERS, 622D, PUNGGOL CENTRAL, #01-01, ( DRINK STALL NO. 07 ), SINGAPORE(824622)"
014727 TRADING SHOP,31/07/2026 - 30/07/2027,"014727 TRADING SHOP, 1, BEACH ROAD, #01-4727, SINGAPORE(190001)"
YAFA CENTRE PTE. LTD.,02/08/2025 - 01/08/2026,"YAFA CENTRE PTE LTD, 66C, DESKER ROAD, SINGAPORE(209589)"
NTUC FAIRPRICE CO-OPERATIVE LTD,06/08/2025 - 05/08/2026,"FAIRPRICE FINEST, 30, EAST COAST ROAD, #01-08, EAST VILLAGE HOTEL, SINGAPORE(428751)"
NUR MUHD STORES,10/08/2025 - 09/08/2026,"NUR MUHD STORES, 70, RIVERVALE DRIVE, SE2 RUMBIA LRT STATION ( KIOSK ), SINGAPORE(545054)"
NTUC FAIRPRICE CO-OPERATIVE LTD,19/08/2025 - 18/08/2026,"NTUC FAIRPRICE, 808, FRENCH ROAD, #01-01, KITCHENER COMPLEX, SINGAPORE(200808)"
7-ELEVEN,20/08/2025 - 19/08/2026,"7-ELEVEN, 9, NORTH BUONA VISTA DRIVE, #01-11, THE METROPOLIS, SINGAPORE(138588)"
COOL & JOY TRADING,20/08/2026 - 19/08/2027,"COOL & JOY, 103, DUNLOP STREET, SINGAPORE(209422)"
CHEERS HOLDINGS (2004) PTE. LTD.,23/08/2025 - 22/08/2026,"CHEERS, 48, BENCOOLEN STREET, #01-03, V HOTEL BENCOOLEN, SINGAPORE(189627)"
SING THYE LOONG,25/08/2025 - 24/08/2026,"SING THYE LOONG, 491, JURONG WEST AVENUE 1, #01-157, SINGAPORE(640491)"
AA PLAZA LLP,30/08/2026 - 29/08/2027,"AA PLAZA MINI MART, 44, BENDEMEER ROAD, #01-1450, SINGAPORE(330044)"
COLD STORAGE SINGAPORE (1983) PTE LTD,06/09/2025 - 05/09/2026,"COLD STORAGE, 3, TEMASEK BOULEVARD, #B1-154, SUNTEC CITY MALL, SINGAPORE(038983)"
AL-MATHEENA PTE. LTD.,12/09/2025 - 11/09/2026,"AL MATHEENA PTE. LTD., 462, CRAWFORD LANE, #01-K1, SINGAPORE(190462)"
AUNG ZABU PTE. LTD.,23/09/2025 - 22/09/2026,"AUNG ZABU MINI MART, 207, BUKIT BATOK STREET 21, #01-116, SINGAPORE(650207)"
OFFER & SAVE SUPERSTORE,26/09/2025 - 25/09/2026,"OFFER & SAVE, 4, CHANGI VILLAGE ROAD, #01-2058, SINGAPORE(500004)"
HUA HIN FARMING AND SUPERMARKET,04/10/2025 - 03/10/2026,"HUA HIN FARMING AND SUPERMARKET, 716, YISHUN STREET 71, #01-250, SINGAPORE(760716)"
DALITECH INTERNATIONAL,04/10/2025 - 03/10/2026,"DALI STORE, 488, JURONG WEST AVENUE 1, #01-K1, SINGAPORE(640488)"
SIN HUAT CONVENIENCE STORE,07/10/2025 - 06/10/2026,"SIN HUAT CONVENIENCE STORE, 111, JALAN BUKIT MERAH, #01-1702B, TIONG BAHRU ORCHID, SINGAPORE(160111)"
KIM SAN LENG (SOON LEE) PTE. LTD.,19/10/2025 - 18/10/2026,"KIM SAN LENG, 3, SOON LEE STREET, #01-11, PIONEER JUNCTION (DRINK STALL 1), SINGAPORE(627606)"
BALESTIER MARKET PTE. LTD.,22/10/2025 - 21/10/2026,"BALESTIER MARKET, 411, BALESTIER ROAD, (DRINK STALL 1), SINGAPORE(329930)"
7 STARS (23) PTE. LTD.,28/10/2025 - 27/10/2026,"7 STARS, 23, HOUGANG AVENUE 3, #01-277, DRINK STALL 7, SINGAPORE(530023)"
AHSR ENTERPRISE,30/10/2025 - 29/10/2026,"AHSR ENTERPRISE, 58, DAKOTA CRESCENT, #01-K1, SINGAPORE(390058)"
PALANI VILAS PTE. LTD.,01/11/2025 - 31/10/2026,"PALANI VILAS EATING HOUSE, 139, WOODLANDS INDUSTRIAL PARK E5, DRINK STALL, SINGAPORE(757506)"
NTUC FAIRPRICE CO-OPERATIVE LTD,12/11/2025 - 11/11/2026,"NTUC FAIRPRICE, 451, CLEMENTI AVENUE 3, #01-307, SINGAPORE(120451)"
PRIME SUPERMARKET (1996) PTE LTD,12/11/2025 - 11/11/2026,"PRIME SUPERMARKET, 142, TECK WHYE LANE, #01-281, SINGAPORE(680142)"
GOOD PRICE CENTRE,12/11/2025 - 11/11/2026,"GOOD PRICE CENTRE, 302, UBI AVENUE 1, #01-69, SINGAPORE(400302)"
BROADWAY FOOD CENTRE (HOLDINGS) PTE LTD,19/11/2025 - 18/11/2026,"BROADWAY, 682, HOUGANG AVENUE 4, #01-300, DRINK COUNTER 11, SINGAPORE(530682)"
LC MART,19/11/2025 - 18/11/2026,"LC MART IECON, 515, BEDOK NORTH AVENUE 2, #01-189, SINGAPORE(460515)"
NEW LUCKY MINI MART,22/11/2025 - 21/11/2026,"NEW LUCKY MINI MART, 149, GEYLANG ROAD, #01-02A, SINGAPORE(389233)"
KAVI TRADERS PTE. LTD.,26/11/2025 - 25/11/2026,"KAVI MINIMART, 69R, TUAS SOUTH AVENUE 1, #01-02, SINGAPORE(639926)"
YICK HAI DEPARTMENTAL PTE. LTD.,09/12/2025 - 08/12/2026,"YICK HAI MINIMART, 504, WEST COAST DRIVE, #01-234 A, SINGAPORE(120504)"
NEW CENTURY FOOD HOUSE @151 PTE. LTD.,11/12/2025 - 10/12/2026,"NEW CENTURY FOOD HOUSE, 151, BISHAN STREET 11, #01-195, BISHAN GREEN (DRINK STALL 10), SINGAPORE(570151)"
NTUC FAIRPRICE CO-OPERATIVE LTD,12/12/2025 - 11/12/2026,"FAIRPRICE FINEST, 311, NEW UPPER CHANGI ROAD, #B2-60, BEDOK MALL, SINGAPORE(467360)"
CHEERS HOLDINGS (2004) PTE. LTD.,12/12/2025 - 11/12/2026,"CHEERS, 15, CENTRAL BOULEVARD, #B1-02, DOWNTOWN DTL MRT STATION, SINGAPORE(018969)"
KARTHIKA ENTERPRISES PTE. LTD.,09/01/2026 - 08/01/2027,"KARTHIKA ENTERPRISES PTE. LTD., 101, YISHUN AVENUE 5, #01-61, SINGAPORE(760101)"
FU EATING HOUSE PRIVATE LIMITED,10/01/2026 - 09/01/2027,"FU EATING H0USE, 25, BUKIT BATOK CRESCENT, #01-01, THE ELITIST (DRINK STALL 1), SINGAPORE(658066)"
CHEERS HOLDINGS (2004) PTE. LTD.,15/01/2026 - 14/01/2027,"FAIRPRICEXPRESS, 3551, ANG MO KIO AVENUE 3, #01-01, ESSO SERVICE STATION, SINGAPORE(569927)"
LIM YIANG SEE,21/01/2026 - 20/01/2027,"MUI YEE, 6, TANJONG PAGAR PLAZA, #01-10, TANJONG PAGAR PLAZA MARKET AND FOOD CENTRE, SINGAPORE(081006)"
S U STAR TRADING,22/01/2026 - 21/01/2027,"S U STAR TRADING, 18, MARSILING LANE, #01-279, SINGAPORE(730018)"
AMMAN HOUSEHOLD SUPPLIES PTE. LTD.,22/01/2026 - 21/01/2027,"AMMAN HOUSEHOLD SUPPLIES PTE. LTD., 961, JURONG WEST STREET 92, #01-200, SINGAPORE(640961)"
VINAYAGA'S FAIR PRICE PTE. LTD.,22/01/2026 - 21/01/2027,"VINAYAGA'S FAIR PRICE, 39, TEBAN GARDENS ROAD, #01-330, SINGAPORE(600039)"
YEW LEONG MINI-MART,24/01/2026 - 23/01/2027,"IECON - YEW LEONG MINI-MART, 217, BUKIT BATOK STREET 21, #01-359, SINGAPORE(650217)"
WU FU (HOUGANG) PTE. LTD.,24/01/2026 - 23/01/2027,"WUFU, 511, HOUGANG AVENUE 10, #01-151, DRINK STALL 1, SINGAPORE(530511)"
CHEERS HOLDINGS (2004) PTE. LTD.,29/01/2026 - 28/01/2027,"CHEERS, 30, PAYA LEBAR ROAD, #01-11, PAYA LEBAR MRT STATION, SINGAPORE(409006)"
WAI PO JIA,18/02/2026 - 17/02/2027,"WAI PO JIA, 520, ANG MO KIO AVENUE 5, #01-4222, SINGAPORE(560520)"
ONSHORE FOOD PTE. LTD.,20/02/2026 - 19/02/2027,"ONSHORE FOOD PTE. LTD., 236, TUAS SOUTH AVENUE 2, WEST POINT BIZHUB (DRINKS STALL 10), SINGAPORE(637223)"
G-DRINKS & CO PRIVATE LIMITED,26/02/2026 - 25/02/2027,"G-DRINKS & CO PRIVATE LIMITED, 18, SIN MING LANE, #01-01, MIDVIEW CITY ( DRINK STALL ), SINGAPORE(573960)"
CHUA POH HUAT,27/02/2026 - 26/02/2027,"FENG QUAN CHA SHI, 3, YUNG SHENG ROAD, #03-149, TAMAN JURONG MARKET & FOOD CENTRE, SINGAPORE(618499)"
NEO THIAM KIAT,06/03/2026 - 05/03/2027,"NEW GENERATION DRINK CORNER, 503, WEST COAST DRIVE, #01-01, ( FOOD CENTRE ), SINGAPORE(120503)"
BROADWAY FOOD CENTRE (HOLDINGS) PTE LTD,08/03/2026 - 07/03/2027,"BROADWAY, 760, BEDOK RESERVOIR VIEW, #01-337, (DRINK STALL 1), SINGAPORE(470760)"
HARRY'S INTERNATIONAL PTE. LTD.,08/03/2026 - 07/03/2027,"HARRY'S @ THE HARBOURFRONT, 1, MARITIME SQUARE, #01-64, HARBOURFRONT CENTRE (BAR COUNTER), SINGAPORE(099253)"
THS FOOD POINT PTE. LTD.,10/03/2026 - 09/03/2027,"BILLION FOOD POINT, 5008, ANG MO KIO AVENUE 5, #02-01, TECHPLACE II (DRINK STALL), SINGAPORE(569874)"
7-ELEVEN,13/03/2026 - 12/03/2027,"7-ELEVEN, 120, MAXWELL ROAD, #B1-02, TANJONG PAGAR MRT STATION, SINGAPORE(069119)"
GHK 407 FOOD HOUSE PTE. LTD.,14/03/2026 - 13/03/2027,"GHK 407 FOOD HOUSE, 407, ANG MO KIO AVENUE 10, #01-733, (DRINK STALL), SINGAPORE(560407)"
AS-SALAM MINIMART,14/03/2026 - 13/03/2027,"AS-SALAM MINIMART, 859, WOODLANDS STREET 83, #01-140, SINGAPORE(730859)"
"HABANOS, THE FINE CIGAR PEOPLE",19/03/2026 - 18/03/2027,"HABANOS, THE FINE CIGAR PEOPLE, 3, TEMASEK BOULEVARD, #01-653, SUNTEC CITY MALL, SINGAPORE(038983)"
HARRY'S INTERNATIONAL PTE. LTD.,22/03/2026 - 21/03/2027,"HARRY'S @ MARINA BAY LINK MALL, 8A, MARINA BOULEVARD, #01-03, MARINA BAY LINK MALL (BAR COUNTER), SINGAPORE(018984)"
7-ELEVEN,01/04/2026 - 31/03/2027,"7-ELEVEN, 1, SOMERSET ROAD, #B1-02, SOMERSET MRT STATION, SINGAPORE(238162)"
HOON TAI WEE,01/04/2026 - 31/03/2027,"MEI XIANG CHA SHI, 7, EMPRESS ROAD, #01-72, EMPRESS ROAD FOOD CENTRE, SINGAPORE(260007)"
KABAR KYAW TRADING,08/04/2026 - 07/04/2027,"KABAR KYAW TRADING, 703, YISHUN AVENUE 5, #01-K1, SINGAPORE(760703)"
FORTUNE SUPERMARKET PTE. LTD.,11/04/2026 - 10/04/2027,"FORTUNE SUPERMARKET, 463, SEMBAWANG DRIVE, #01-02, MULTI STOREY CAR PARK, SINGAPORE(750463)"
7-ELEVEN,11/04/2026 - 10/04/2027,"7-ELEVEN, 3, PUNGGOL POINT ROAD, #01-06, THE PUNGGOL SETTLEMENT, SINGAPORE(828694)"
BROADWAY FOOD CENTRE (HOLDINGS) PTE LTD,17/04/2026 - 16/04/2027,"BROADWAY, 727, ANG MO KIO AVENUE 6, #01-4236, (DRINK STALL 1), SINGAPORE(560727)"
JAYA AMBIGA TRADING PTE. LTD.,18/04/2026 - 17/04/2027,"JAYA AMBIGA TRADING PTE LTD, 176, BOON LAY DRIVE, #01-348, SINGAPORE(640176)"
GOOD PRICE CENTRE,22/04/2026 - 21/04/2027,"GOOD PRICE CENTRE, 221, BOON LAY PLACE, #01-206, BOON LAY SHOPPING CENTRE, SINGAPORE(640221)"
NANYANG MINIMART,22/04/2026 - 21/04/2027,"NANYANG MINIMART, 406, JURONG WEST STREET 42, #01-599, SINGAPORE(640406)"
WU FU (FAJAR) PTE. LTD.,22/04/2026 - 21/04/2027,"WUFU (FAJAR), 445, FAJAR ROAD, #01-538, FAJAR SHOPPING CENTRE (DRINKS COUNTER 8), SINGAPORE(670445)"
JAYA AMBIGA TRADING PTE. LTD.,22/04/2026 - 21/04/2027,"JAYA AMBIGA TRADING PTE. LTD., 432A, SENGKANG WEST WAY, #01-01, FERNVALE PALMS, SINGAPORE(791432)"
KOUFU PTE LTD,24/04/2026 - 23/04/2027,"HAPPY HAWKERS, 433A, SENGKANG WEST WAY, #01-01, (DRINKS COUNTER 7), SINGAPORE(791433)"
O 1 PLUS (PUNGGOL) PRIVATE LIMITED,09/05/2026 - 08/05/2027,"I-WEEKLY, 70A, PUNGGOL PLACE, SINGAPORE(828865)"
HENG'S FAMILY MINI MART,10/05/2026 - 09/05/2027,"HENG'S FAMILY MINIMART, 515, PASIR RIS STREET 52, #01-81, SINGAPORE(510515)"
HONG KIAT SEAFOOD RESTAURANT,16/05/2026 - 15/05/2027,"HONG KIAT SEAFOOD RESTAURANT, 216, CHOA CHU KANG AVENUE 1, COMFORT GARDEN (DRINKS COUNTER), SINGAPORE(689477)"
GOLDEN NATURALS PTE. LTD.,16/05/2026 - 15/05/2027,"GOLDEN NATURALS, 645, YISHUN STREET 61, #01-328, SINGAPORE(760645)"
GOOD PRICE CENTRE,28/05/2026 - 27/05/2027,"GOOD PRICE CENTRE, 525, ANG MO KIO AVENUE 10, #01-2393, CHENG SAN CENTRE, SINGAPORE(560525)"
MEIJU 56 ENTERPRISE,29/05/2026 - 28/05/2027,"MEIJU 56 ENTERPRISE, 201E, TAMPINES STREET 23, #01-106, SINGAPORE(527201)"
GOOD PRICE CENTRE,04/06/2026 - 03/06/2027,"GOOD PRICE CENTRE, 210, HOUGANG STREET 21, #01-251, SINGAPORE(530210)"
ROYAL GROUP HOLDINGS PTE. LTD.,04/06/2026 - 03/06/2027,"XPERIENCE RESTAURANT & BAR, 35, ROBINSON ROAD, #01-01, OGILVY CENTRE, THE, SINGAPORE(068876)"
LIN YUN,13/06/2026 - 12/06/2027,"NON STOP DRINKING, 3, YUNG SHENG ROAD, #03-153, TAMAN JURONG MARKET & FOOD CENTRE, SINGAPORE(618499)"
NICE MINIMART PTE. LTD.,24/06/2026 - 23/06/2027,"NICE SUPERMART, 301, SERANGOON AVENUE 2, #01-332, SINGAPORE(550301)"
CENTROFOOD INDUSTRIES PTE. LTD.,25/06/2026 - 24/06/2027,"FAMOUS KITCHEN, 54, SEMBAWANG ROAD, #01-01, (BAR COUNTER), SINGAPORE(779085)"
TAN POON ENG,25/06/2026 - 24/06/2027,"HIAP SENG LEE COFFEE STALL, 628, ANG MO KIO AVENUE 4, #01-51, SINGAPORE(560628)"
HAPPY SHOPPY PTE. LTD.,27/06/2026 - 26/06/2027,"HAPPY SHOPPY PTE. LTD. MINI MART, 333, UPPER PAYA LEBAR ROAD, QUEMOY BUILDING, SINGAPORE(534950)"
CHEERS HOLDINGS (2004) PTE. LTD.,09/07/2026 - 08/07/2027,"CHEERS, 18, RAFFLES QUAY, #01-66, TELOK AYER FESTIVAL MARKET, SINGAPORE(048582)"
NEW CENTURY FOOD HOUSE @151 PTE. LTD.,09/07/2026 - 08/07/2027,"NEW CENTURY FOOD HOUSE, 539, BEDOK NORTH STREET 3, #01-619, DRINKS STALL 8, SINGAPORE(460539)"
CTK F&B HOLDINGS PTE. LTD.,10/07/2025 - 09/07/2026,"46 CTK EATING HOUSE, 46, HOLLAND DRIVE, #01-359, (DRINK STALL NO.8), SINGAPORE(270046)"
MAY MYANMAR MINIMART,11/07/2026 - 10/07/2027,"MAY MYANMAR MINIMART, 156, YISHUN STREET 11, #01-110, SINGAPORE(760156)"
SRI MURUGAN TRADING PTE. LTD.,21/07/2026 - 20/07/2027,"SRI MURUGAN TRADING PTE. LTD., 283, BUKIT BATOK EAST AVENUE 3, #01-283, SINGAPORE(650283)"
FEI QIAN TRADING,21/07/2026 - 20/07/2027,"M MART, 275, BALESTIER ROAD, SINGAPORE(329725)"
LIM PENG CHONG,24/07/2026 - 23/07/2027,"HENG CHOON COFFEE HOUSE, 503, WEST COAST DRIVE, #01-41, AYER RAJAH FOOD CENTRE, SINGAPORE(120503)"
JULAIHA MUSLIM RESTAURANT PTE. LTD.,25/07/2026 - 24/07/2027,"JULAIHA MUSLIM RESTAURANT PTE. LTD., 536, MACPHERSON ROAD, SINGAPORE(368221)"
LIM KIM KEE,29/07/2026 - 28/07/2027,"HUA GUAN TING HOT/COLD DRINK STALL, 44, HOLLAND DRIVE, #02-16, MARKET & FOOD CENTRE, SINGAPORE(270044)"
COLD STORAGE SINGAPORE (1983) PTE LTD,29/07/2026 - 28/07/2027,"HILLVIEW MARKET PLACE, 4, HILLVIEW RISE, #02-07, HILLV2, SINGAPORE(667979)"
KIM SAN LENG (SOON LEE) FOOD CENTRE PTE. LTD.,06/08/2025 - 05/08/2026,"KIM SAN LENG, 5, SOON LEE STREET, #01-08, PIONEER POINT (DRINK STALL), SINGAPORE(627607)"
HAVEEN MINIMART PTE. LTD.,13/08/2025 - 12/08/2026,"HAVEEN MINIMART PTE. LTD., 326, JURONG EAST STREET 31, #01-114, SINGAPORE(600326)"
TRISHA EXPORT & IMPORT PTE. LTD.,15/08/2025 - 14/08/2026,"TRISHA EXPORT & IMPORT PTE LTD MINIMART, 20, DESKER ROAD, (FIRST FLOOR), SINGAPORE(209557)"
8082 F&B PTE. LTD.,18/08/2025 - 17/08/2026,"8082 F&B PTE LTD, 21, BENOI SECTOR, #01-05, MAPLETREE BENOI LOGISTICS HUB (BEV STALL 8), SINGAPORE(629853)"
GOOD PRICE HUB PTE. LTD.,19/08/2025 - 18/08/2026,"GOOD PRICE HUB, 463, JURONG WEST STREET 41, #01-566, SINGAPORE(640463)"
COLD STORAGE SINGAPORE (1983) PTE LTD,25/08/2025 - 24/08/2026,"COLD STORAGE APERIA, 12, KALLANG AVENUE, #01-47, APERIA, SINGAPORE(339511)"
LEE SIAM HOCK,26/08/2026 - 25/08/2027,"GUAN HOCK COFFEE STALL, 453A, ANG MO KIO AVENUE 10, #01-33, CHONG BOON MARKET & FOOD CENTRE, SINGAPORE(561453)"
YONG TET KHOON,04/09/2025 - 03/09/2026,"BAN SOON COFFEE STALL, 16, BEDOK SOUTH ROAD, #01-25, MARKET AND FOOD CENTRE, SINGAPORE(460016)"
NTUC FAIRPRICE CO-OPERATIVE LTD,08/09/2025 - 07/09/2026,"NTUC FAIRPRICE, 2, BUKIT BATOK WEST AVENUE 7, #01-10, HOME TEAMNS BUKIT BATOK CLUBHOUSE (LEVEL 1), SINGAPORE(659003)"
THE CORNER CONVENIENT STORE,15/09/2025 - 14/09/2026,"THE CORNER CONVENIENT STORE, 726, UPPER CHANGI ROAD EAST, SIA GROUP SPORTS CLUB, SINGAPORE(486046)"
CHEERS HOLDINGS (2004) PTE. LTD.,17/09/2025 - 16/09/2026,"CHEERS, 1, STADIUM PLACE, #01-03, KALLANG WAVE MALL, SINGAPORE(397628)"
A H SIDDEEQUE MART,17/09/2025 - 16/09/2026,"A H SIDDEEQUE MART, 49, KERBAU ROAD, SINGAPORE(219174)"
ATAS MINIMART,17/09/2025 - 16/09/2026,"ATAS MINIMART, 465, ANG MO KIO AVENUE 10, #01-1064, SINGAPORE(560465)"
AJMAL SUPER MART PTE. LTD.,20/09/2025 - 19/09/2026,"AJMAL SUPER MART PTE. LTD., 70, TUAS SOUTH AVENUE 1, #01-40, TUAS VIEW DORMITORY, SINGAPORE(637285)"
ENG KOON HUAT PROVISION STORE,22/09/2025 - 21/09/2026,"ENG KOON HUAT FOOD SUPPLIER, 25, ENG KONG TERRACE, ENG KONG PARK, SINGAPORE(598997)"
ONG SWEE GUAN DEPARTMENT STORE PTE. LTD.,26/09/2025 - 25/09/2026,"ONG SWEE GUAN DEPARTMENT STORE PTE. LTD., 710, CLEMENTI WEST STREET 2, #01-263, SINGAPORE(120710)"
HOE LYE F & B PTE. LTD.,26/09/2025 - 25/09/2026,"HOE LYE F & B, 97, RANGOON ROAD, TRADS BUILDING (STALL NO. 3), SINGAPORE(218382)"
SM PROVISION PTE. LTD.,09/10/2025 - 08/10/2026,"S.M. PROVISION PTE. LTD., 418, YISHUN AVENUE 11, #01-429, SINGAPORE(760418)"
NTUC FAIRPRICE CO-OPERATIVE LTD,13/10/2025 - 12/10/2026,"NTUC FAIRPRICE, 345, JURONG EAST STREET 31, #01-29, SINGAPORE(600345)"
MUBINA PTE. LTD.,28/10/2025 - 27/10/2026,"MUBINA PTE. LTD., 205, YISHUN STREET 21, #01-K1, SINGAPORE(760205)"
JAYS STORE,31/10/2025 - 30/10/2026,"JAYS STORE, 178, WOODLANDS STREET 13, #01-K1, SINGAPORE(730178)"
DAYS OF 7,31/10/2025 - 30/10/2026,"DAYS OF 7, 103, BEDOK RESERVOIR ROAD, #01-K1, SINGAPORE(470103)"
7 STARS (210) PTE. LTD.,31/10/2025 - 30/10/2026,"7 STARS, 210, HOUGANG STREET 21, #01-261, DRINK COUNTER 1, SINGAPORE(530210)"
HENG HOCK MINIMART,31/10/2025 - 30/10/2026,"HENG HOCK MINIMART, 210, MARSILING CRESCENT, #01-11, SINGAPORE(730210)"
SUN TRG & CON PTE. LTD.,31/10/2025 - 30/10/2026,"SUN SUPER MARKET, 280, WOODLANDS INDUSTRIAL PARK E5, #01-24, HARVEST @ WOODLANDS, SINGAPORE(757322)"
3838 ENTERPRISE PTE. LTD.,07/11/2025 - 06/11/2026,"3838 EATING PLACE, 269, QUEEN STREET, #01-235, SINGAPORE(180269)"
BLACK & WHITE IMAGE,14/11/2025 - 13/11/2026,"BLACK & WHITE IMAGE, 200, JALAN SULTAN, #01-34B, TEXTILE CENTRE, SINGAPORE(199018)"
MAY DAY STALL,24/11/2025 - 23/11/2026,"CONVENIENCE STORE@MAY DAY STALL, 208B, NEW UPPER CHANGI ROAD, #01-71, SINGAPORE(462208)"
7-ELEVEN,24/11/2025 - 23/11/2026,"7-ELEVEN, 809, FRENCH ROAD, #01-47, KITCHENER COMPLEX, SINGAPORE(200809)"
NTUC FAIRPRICE CO-OPERATIVE LTD,26/11/2025 - 25/11/2026,"FAIRPRICE FINEST, 33, SENGKANG WEST AVENUE, #B2-24, THE SELETAR MALL, SINGAPORE(797653)"
NTUC FAIRPRICE CO-OPERATIVE LTD,01/12/2025 - 30/11/2026,"NTUC FAIRPRICE, 3, SIMEI STREET 6, #05-01, EASTPOINT MALL, SINGAPORE(528833)"
FOOD HUB F&B (2014) PTE. LTD.,01/12/2025 - 30/11/2026,"FOODHUB, 61, UBI ROAD 1, #01-17, OXLEY BIZHUB (DRINK STALL 07), SINGAPORE(408727)"
BAO LING SUPERMART,03/12/2025 - 02/12/2026,"BAO LING SUPERMART, 27, PENJURU WALK, #01-11, PENJURU RECREATION CENTRE, SINGAPORE(608538)"
HAPPY SHOPPY PTE. LTD.,03/12/2025 - 02/12/2026,"HAPPY SHOPPY PTE. LTD. MINI MART, 517, JURONG WEST STREET 52, #01-95, SINGAPORE(640517)"
NTUC FAIRPRICE CO-OPERATIVE LTD,03/12/2025 - 02/12/2026,"FAIRPRICE HUB, 1, JOO KOON CIRCLE, #03-21, FAIRPRICE HUB, SINGAPORE(629117)"
YSW PTE. LTD.,11/12/2025 - 10/12/2026,"BAI WEI MEI SHI FANG, 25, KAKI BUKIT ROAD 4, #01-64, SYNERGY @ KB (DRINK STALL 1), SINGAPORE(417800)"
INSTAMART PTE. LTD.,15/12/2025 - 14/12/2026,"INSTAMART PTE LTD, 842H, TAMPINES STREET 82, #01-70, SINGAPORE(528842)"
INFORMAL GLOBAL HOUSE PTE. LTD.,15/12/2025 - 14/12/2026,"AUTHORISED MONEY CHANGER @ INFORMAL GLOBAL HOUSE PTE. LTD., 150, ORCHARD ROAD, #01-74, ORCHARD PLAZA, SINGAPORE(238841)"
NORTH SPRING CAFE,16/12/2025 - 15/12/2026,"NORTH SPRING CAFE, 9, YISHUN INDUSTRIAL STREET 1, #01-63, NORTH SPRING BIZHUB (DRINK STALL 1), SINGAPORE(768163)"
OK CAFE,16/12/2025 - 15/12/2026,"OK CAFE, 1, PARK ROAD, #02-68, PEOPLE'S PARK COMPLEX, SINGAPORE(059108)"
GOOD LUCK FOOD COURT LLP,18/12/2025 - 17/12/2026,"GOOD LUCK FOOD COURT, 9, TOA PAYOH INDUSTRIAL PARK, #01-1209, DRINKS STALL 1, SINGAPORE(319061)"
REPLENISH @ IRVING,18/12/2025 - 17/12/2026,"REPLENISH @ IRVING, 1, IRVING PLACE, #01-08, THE COMMERZE@IRVING, SINGAPORE(369546)"
7SEVEN PTE. LTD.,29/12/2025 - 28/12/2026,"7SEVEN SHOPPING FESTIVAL, 300, ADMIRALTY ROAD WEST, #01-03, NORTH COAST LODGE, SINGAPORE(757027)"
8EIGHT PTE. LTD.,29/12/2025 - 28/12/2026,"8EIGHT ICE COLD BEER, 51, NORTH COAST AVENUE, #01-02, NORTH COAST LODGE, SINGAPORE(756992)"
GHEE HUAT PROVISION SHOP,02/01/2026 - 01/01/2027,"GHEE HUAT PROVISION SHOP, 45, BENDEMEER ROAD, #01-1445, SINGAPORE(330045)"
TEO CHUAN KEE MINIMART PTE. LTD.,06/01/2026 - 05/01/2027,"TEO CHUAN KEE MINIMART, 629, ANG MO KIO AVENUE 4, #01-1016, SINGAPORE(560629)"
SHENG SIONG SUPERMARKET PTE LTD,09/01/2026 - 08/01/2027,"SHENG SIONG, 506, TAMPINES CENTRAL 1, #01-361, S11 COURT, SINGAPORE(520506)"
B & S MINI MART PTE. LTD.,12/01/2026 - 11/01/2027,"B & S MINI MART PTE. LTD., 310, GEYLANG ROAD, (GROUND FLOOR), SINGAPORE(389349)"
HIANKY PROVISION STORE,27/01/2026 - 26/01/2027,"HIANKY PROVISION STORE, 325, CLEMENTI AVENUE 5, #01-141, SINGAPORE(120325)"
S LUCK EATING HOUSE (2008) PTE. LTD.,28/01/2026 - 27/01/2027,"S-LUCK EATING HOUSE, 262, SERANGOON CENTRAL DRIVE, #01-97, DRINK COUNTER, SINGAPORE(550262)"
ST 82 C&B PTE. LTD.,13/02/2026 - 12/02/2027,"ST 82 COFFEE HOUSE, 844, TAMPINES STREET 82, #01-131, DRINKS STALL 1A, SINGAPORE(520844)"
KDS SUPERMARKET TRADING PTE. LTD.,16/02/2026 - 15/02/2027,"KDS SUPER MARKET, 491, JURONG WEST AVENUE 1, #01-167, SINGAPORE(640491)"
BAO LING SUPERMART,16/02/2026 - 15/02/2027,"BAO LING SUPERMART, 54, TEBAN GARDENS ROAD, #01-549, SINGAPORE(600054)"
CHINASTAR INTERNATIONAL TRADING PTE. LTD.,23/02/2026 - 22/02/2027,"CHINASTAR INT'L TRADING PTE LTD, 525, GEYLANG ROAD, ( 1ST STOREY ), SINGAPORE(389481)"
NUCLEUS STORE,23/02/2026 - 22/02/2027,"NUCLEUS STORE, 415, COMMONWEALTH AVENUE WEST, #01-3009, SINGAPORE(120415)"
M28 MINIMART (SG),24/02/2026 - 23/02/2027,"M28 MINIMART, 485, SEGAR ROAD, #01-516, SINGAPORE(670485)"
K3 FOODPARK PTE. LTD.,02/03/2026 - 01/03/2027,"FOODPARK, 485, SEGAR ROAD, #01-518, DRINKS STALL 1, SINGAPORE(670485)"
K3 FOODPARK PTE. LTD.,02/03/2026 - 01/03/2027,"FOODPARK, 780, WOODLANDS CRESCENT, #01-06, MULTI STOREY CAR PARK (DRINKS STALL 1), SINGAPORE(730780)"
KIM SAN LENG (TAMPINES) PTE. LTD.,03/03/2026 - 02/03/2027,"KIM SAN LENG, 138, TAMPINES STREET 11, #01-148, DRINKS STALL 1, SINGAPORE(521138)"
JUFU F&B PRIVATE LIMITED,11/03/2026 - 10/03/2027,"BEVERAGE, 132, JALAN BUKIT MERAH, #01-1320, DRINKS STALL 2, SINGAPORE(160132)"
CHER SEEN LEE,18/03/2026 - 17/03/2027,"SHUN HUA COFFEE STALL, 630, BEDOK RESERVOIR ROAD, #01-29, PASAR MAKAN @ RESERVOIR, SINGAPORE(470630)"
7-ELEVEN,19/03/2026 - 18/03/2027,"7-ELEVEN, 2, ORCHARD TURN, #B2-72, ION ORCHARD, SINGAPORE(238801)"
BADALING HOLDINGS PTE. LTD.,25/03/2026 - 24/03/2027,"BADALING HOLDINGS PTE. LTD., 547, SEGAR ROAD, #01-01, MULTI STOREY CAR PARK (DRINKS STALL 1), SINGAPORE(670547)"
ST 11 C&B PTE. LTD.,01/04/2026 - 31/03/2027,"ST 11 COFFEE HOUSE, 167, WOODLANDS STREET 11, #01-07, DRINKS STALL 9, SINGAPORE(730167)"
GOURMET STREET (KC) PTE. LTD.,07/04/2026 - 06/04/2027,"GOURMET STREET, 131, JALAN BUKIT MERAH, #01-1599, BEVERAGES (STALL NO. 6), SINGAPORE(160131)"
NTUC FAIRPRICE CO-OPERATIVE LTD,07/04/2026 - 06/04/2027,"NTUC FAIRPRICE, 712, ANG MO KIO AVENUE 6, #01-4056, SINGAPORE(560712)"
WAN HAO DELICACIES,10/04/2026 - 09/04/2027,"WAN HAO DELICACIES, 22, SIN MING ROAD, #01-244, DRINKS STALL 8, SINGAPORE(570022)"
SHENG SIONG SUPERMARKET PTE LTD,22/04/2026 - 21/04/2027,"SHENG SIONG, 547, SEGAR ROAD, #01-06, MULTI STOREY CAR PARK, SINGAPORE(670547)"
YEO KIM BOCK,24/04/2026 - 23/04/2027,"YONGXIN CAFE, 16, BEDOK SOUTH ROAD, #01-61, HAWKER CENTRE, SINGAPORE(460016)"
MM SUNDRY SHOP PTE. LTD.,28/04/2026 - 27/04/2027,"MM SUNDRY SHOP, 27, WOODLANDS SECTOR 1, #01-70, WOODLANDS DORMITORY, SINGAPORE(738252)"
TAY LAY HOON,29/04/2026 - 28/04/2027,"WHAMPOA HUA NAN 189 HOT AND COLD DRINKS, 90, WHAMPOA DRIVE, #01-89, FOOD CENTRE, SINGAPORE(320090)"
K3 FOODPARK PTE. LTD.,29/04/2026 - 28/04/2027,"FOODPARK, 519A, TAMPINES CENTRAL 8, #01-01, DRINK STALL 1, SINGAPORE(521519)"
SHENG SIONG SUPERMARKET PTE LTD,30/04/2026 - 29/04/2027,"SHENGSIONG, 312A, SUMANG LINK, #01-04, SINGAPORE(821312)"
PUSHPA TRADING PTE. LTD.,07/05/2026 - 06/05/2027,"PUSHPA TRADING PTE LTD, 640, ROWELL ROAD, #01-58A, ( MINIMART ), SINGAPORE(200640)"
LOH LAI HWA,11/05/2026 - 10/05/2027,"STEWART FRUIT JUICE, 2, ADAM ROAD, #01-28, ADAM ROAD FOOD CENTRE, SINGAPORE(289876)"
NTUC FAIRPRICE CO-OPERATIVE LTD,13/05/2026 - 12/05/2027,"NTUC FAIRPRICE, 71, KALLANG BAHRU, #02-531, SINGAPORE(330071)"
COLD STORAGE SINGAPORE (1983) PTE LTD,14/05/2026 - 13/05/2027,"COLD STORAGE, 442, ORCHARD ROAD, #B1-01, ORCHARD HOTEL, SINGAPORE(238879)"
RELIANCE SUPERMART PTE. LTD.,15/05/2026 - 14/05/2027,"RELIANCE SUPER MART P / L, 668A, CHOA CHU KANG CRESCENT, #01-02, MULTI STOREY CAR PARK, SINGAPORE(681668)"
KIAN TECK EATING HOUSE PTE. LTD.,15/05/2026 - 14/05/2027,"KIAN TECK EATING HOUSE PTE LTD, 4, KIAN TECK AVENUE, #01-01, KIAN TECK DORMITORY (DRINK STALL), SINGAPORE(628909)"
YAK HONG PRIVATE LIMITED,15/05/2026 - 14/05/2027,"YAK HONG MINIMART, 515A, WOODLANDS DRIVE 14, #01-183, SINGAPORE(731515)"
FORTUNE SUPERMARKET PTE. LTD.,20/05/2026 - 19/05/2027,"FORTUNE SUPERMARKET, 780, WOODLANDS CRESCENT, #01-01, MULTI STOREY CAR PARK, SINGAPORE(730780)"
7 STARS (312) PTE. LTD.,21/05/2026 - 20/05/2027,"7 STARS, 312A, SUMANG LINK, #01-05, PUNGGOL PARCVISTA (DRINK STALL), SINGAPORE(821312)"
KIM SAN LENG (HENDERSON) PTE. LTD.,22/05/2026 - 21/05/2027,"KIM SAN LENG, 116, BUKIT MERAH VIEW, #01-211, DRINK STALL COUNTER, SINGAPORE(151116)"
WU FU (GANGSA) PTE. LTD.,02/06/2026 - 01/06/2027,"WU FU (GANGSA) PTE. LTD., 103, GANGSA ROAD, #01-35, DRINK COUNTER 3, SINGAPORE(670103)"
NTUC FAIRPRICE CO-OPERATIVE LTD,02/06/2026 - 01/06/2027,"NTUC FAIRPRICE, 279, SENGKANG EAST AVENUE, #01-06, MULTI STOREY CAR PARK, SINGAPORE(540279)"
SHENG SIONG SUPERMARKET PTE LTD,10/06/2026 - 09/06/2027,"SHENGSIONG, 527D, PASIR RIS STREET 51, #01-01, SINGAPORE(514527)"
R MUNUSAMY ENTERPRISE PTE LTD,16/06/2026 - 15/06/2027,"R MUNUSAMY ENTERPRISE PTE LTD, 2C, VEERASAMY ROAD, SINGAPORE(207308)"
EH155 F&B PTE. LTD.,17/06/2026 - 16/06/2027,"EH155 F&B PTE LTD, 155, BUKIT BATOK STREET 11, #01-324, DRINK STALL 13, SINGAPORE(650155)"
LINKTO FNB PTE. LTD.,30/06/2026 - 29/06/2027,"ORANGE POINT, 3, ANG MO KIO STREET 62, #01-38, LINK@AMK (STALL 7), SINGAPORE(569139)"
KWEK SENG HUAT EATING HOUSE,03/07/2026 - 02/07/2027,"KWEK SENG HUAT EATING HOUSE, 350A, ANCHORVALE ROAD, #01-01, DRINK COUNTER, SINGAPORE(541350)"
E OCEAN MINIMART LP,03/07/2026 - 02/07/2027,"E OCEAN MINIMART, 673B, CHOA CHU KANG CRESCENT, #01-02, SINGAPORE(682673)"
7-ELEVEN,07/07/2026 - 06/07/2027,"7-ELEVEN, 1, WOODLANDS SQUARE, #01-K09, CAUSEWAY POINT, SINGAPORE(738099)"
7 STARS (3014) PTE. LTD.,08/07/2026 - 07/07/2027,"7 STARS, 3014, BEDOK INDUSTRIAL PARK E, #01-2152, DRINK COUNTER, SINGAPORE(489980)"
JAYA AMBIGA TRADING PTE. LTD.,14/07/2026 - 13/07/2027,"JAYA AMBIKAS TRADING, 221, BOON LAY PLACE, #01-208, BOON LAY SHOPPING CENTRE, SINGAPORE(640221)"
BARFOOD & CO PRIVATE LIMITED,15/07/2026 - 14/07/2027,"ESSEN @ THE PINNACLE, 1, CANTONMENT ROAD, #01-01, PINNACLE@DUXTON, THE (DRINK STALL), SINGAPORE(080001)"
U STARS SUPERMARKET PTE. LTD.,27/07/2025 - 26/07/2026,"U STARS SUPERMARKET, 330, ANCHORVALE STREET, #01-01, SINGAPORE(540330)"
ANG MO SUPERMARKET PTE LTD,29/07/2026 - 28/07/2027,"ANG MO SUPERMARKET, 639, PUNGGOL DRIVE, #01-01, SINGAPORE(820639)"
ZHEN BAO PTE. LTD.,06/08/2025 - 05/08/2026,"ZHEN BAO MINIMART, 735, TAMPINES STREET 72, #01-04, SINGAPORE(520735)"
7 STARS (YISHUN) PTE. LTD.,17/08/2025 - 16/08/2026,"7 STARS, 1, YISHUN STREET 23, #02-26, YS-ONE (DRINKS STALL 9), SINGAPORE(768441)"
FUJIANG FOOD COURT PTE. LTD.,17/08/2025 - 16/08/2026,"FU JIANG FOOD COURT, 2, BUKIT BATOK STREET 23, #01-17, DRINK STALL, SINGAPORE(659554)"
NTUC FAIRPRICE CO-OPERATIVE LTD,21/08/2025 - 20/08/2026,"NTUC FAIRPRICE, 166, BUKIT BATOK WEST AVENUE 8, #01-258, SINGAPORE(650166)"
M.CONNECT (YISHUN) PTE. LTD.,21/08/2026 - 20/08/2027,"M.CONNECT , 807, YISHUN RING ROAD, #01-4203, DRINK COUNTER, SINGAPORE(760807)"
NALLUR STORE,27/08/2025 - 26/08/2026,"MONEY CHANGER, 33, SENGKANG WEST AVENUE, #B1-12, THE SELETAR MALL ( BASEMENT 1 LEVEL ), SINGAPORE(797653)"
MIOSCO PTE. LTD.,28/08/2025 - 27/08/2026,"I WEEKLY, 301, YISHUN AVENUE 2, #NPK-606, YISHUN MRT STATION, SINGAPORE(769093)"
YUE HWA CHINESE PRODUCTS PTE LTD,02/09/2025 - 01/09/2026,"YUE HWA CHINESE PRODUCTS, 63, JURONG WEST CENTRAL 3, #03-05, JURONG POINT, SINGAPORE(648331)"
BADALING HOLDINGS PTE. LTD.,02/09/2025 - 01/09/2026,"ABUNDANCE EATING HOUSE, 413, BUKIT BATOK WEST AVENUE 4, #01-220, (DRINK STALL 1), SINGAPORE(650413)"
NTUC FAIRPRICE CO-OPERATIVE LTD,04/09/2025 - 03/09/2026,"NTUC FAIRPRICE, 476, UPPER SERANGOON VIEW, #02-18, MULTI STOREY CAR PARK, SINGAPORE(530476)"
U STARS SUPERMARKET PTE. LTD.,07/09/2025 - 06/09/2026,"U STARS SUPERMARKET, 261, PUNGGOL WAY, #01-02, MULTI STOREY CAR PARK, SINGAPORE(820261)"
HAO KOU WEI PTE. LTD.,07/09/2025 - 06/09/2026,"HAO KOU WEI, 271, BUKIT BATOK EAST AVENUE 4, #01-160, DRINK COUNTER, SINGAPORE(650271)"
MAKENA'S MART,07/09/2025 - 06/09/2026,"MAKENA'S MART, 121, MEYER ROAD, #01-05A, MAKENA, THE, SINGAPORE(437932)"
NEW-CASTLE KIOSK,10/09/2025 - 09/09/2026,"NEW-CASTLE KIOSK, 286, TAMPINES STREET 22, #01-K1, SINGAPORE(520286)"
TRIPLE TREE FOODCOURT LLP,16/09/2025 - 15/09/2026,"TRIPLE 3 EATING HOUSE, 107, TAMPINES STREET 11, #01-361, DRINK STALL 8, SINGAPORE(521107)"
BAI SHENG FOODCOURT PTE. LTD.,16/09/2025 - 15/09/2026,"BAI SHENG FOODCOURT, 888, WOODLANDS DRIVE 50, #01-733, 888 PLAZA (DRINK COUNTER, STALL 10), SINGAPORE(730888)"
SEA HORSE TRADING COMPANY,21/09/2025 - 20/09/2026,"SEA HORSE TRADING CO., 447, ANG MO KIO AVENUE 10, #01-1687, SINGAPORE(560447)"
XI YUE YUAN PTE. LTD.,22/09/2025 - 21/09/2026,"XI YUE YUAN PTE. LTD., 1, SOON LEE STREET, #01-32, PIONEER CENTRE (DRINK COUNTER, STALL 10), SINGAPORE(627605)"
KIM SAN LENG FOOD CENTRE (CHANGI) PTE. LTD.,28/09/2025 - 27/09/2026,"KIM SAN LENG (CHANGI), 324R, CHANGI ROAD, (DRINK STALL 5), SINGAPORE(419799)"
ONG & LAM TRADING,06/10/2025 - 05/10/2026,"ONG & LAM TRADING, 6, HOUGANG AVENUE 3, #01-72A, SINGAPORE(530006)"
CHIN LAI HING,08/10/2025 - 07/10/2026,"AH CHEN COFFEE BEER DRINK STALL, 3, YUNG SHENG ROAD, #02-81, TAMAN JURONG MARKET & FOOD CENTRE, SINGAPORE(618499)"
URBAN GLAM PTE. LTD.,13/10/2025 - 12/10/2026,"URBAN GLAM, 308, ANCHORVALE ROAD, #01-02, MULTI STOREY CAR PARK, SINGAPORE(540308)"
BADALING HOLDINGS PTE. LTD.,14/10/2025 - 13/10/2026,"BADALING HOLDINGS PTE LTD, 635C, SENJA ROAD, #01-01, (DRINK STALL 1), SINGAPORE(673635)"
SRI GHANA MINIMART,22/10/2025 - 21/10/2026,"SRI GHANA MINIMART, 353, CLEMENTI AVENUE 2, #01-155B, SINGAPORE(120353)"
RAINBOW PRINTS & TRADING LLP,28/10/2025 - 27/10/2026,"RAINBOW MART, 806, WOODLANDS STREET 81, #01-01, SINGAPORE(730806)"
EGOME PTE. LTD.,28/10/2025 - 27/10/2026,"EGOME, 624, CHOA CHU KANG STREET 62, #01-222A, YEW TEE SHOPPING CENTRE, SINGAPORE(680624)"
HE JI FA SUPERMART,28/10/2025 - 27/10/2026,"HE JI FA SUPERMART, 678, HOUGANG AVENUE 8, #01-517, SINGAPORE(530678)"
SIMEI 3C DAILY FRESH PTE. LTD.,13/11/2025 - 12/11/2026,"SIMEI 3C DAILY FRESH, 248, SIMEI STREET 3, #01-110, MULTI STOREY CAR PARK, SINGAPORE(520248)"
HP POWER PTE. LTD.,16/11/2025 - 15/11/2026,"HP POWER GROUP, 826, TAMPINES STREET 81, #01-100, SINGAPORE(520826)"
GIACOMO RESTAURANT PTE. LTD.,17/11/2025 - 16/11/2026,"OTTO, 32, MAXWELL ROAD, #01-03, MAXWELL CHAMBERS, SINGAPORE(069115)"
KOUFU PTE LTD,17/11/2025 - 16/11/2026,"HAPPY HAWKERS, 18, JALAN MEMBINA, #01-01, DRINK COUNTER, SINGAPORE(164018)"
AH SIONG ENTERPRISE,27/11/2025 - 26/11/2026,"HUANG MINIMART, 848, YISHUN STREET 81, #01-134, YISHUN NEW TOWN, SINGAPORE(760848)"
7-ELEVEN,27/11/2025 - 26/11/2026,"7-ELEVEN, 950, UPPER BUKIT TIMAH ROAD, #B2-02, BUKIT PANJANG MRT STATION, SINGAPORE(678213)"
GLAM (85) PTE. LTD.,01/12/2025 - 30/11/2026,"KOFFEE TIME, 85, DAWSON ROAD, #01-02, MULTI STOREY CAR PARK (DRINK COUNTER), SINGAPORE(141085)"
TPY 126 C&B PTE. LTD.,01/12/2025 - 30/11/2026,"TPY 126 FOOD HOUSE, 126, LORONG 1 TOA PAYOH, #01-577, (DRINK COUNTER), SINGAPORE(310126)"
SHENG SIONG SUPERMARKET PTE LTD,01/12/2025 - 30/11/2026,"SHENG SIONG, 85, DAWSON ROAD, #01-01, MULTI STOREY CAR PARK, SINGAPORE(141085)"
SRM INTERNATIONAL TRADING PTE. LTD.,01/12/2025 - 30/11/2026,"SRM INTERNATIONAL TRADING PTE LTD, 27, PENJURU WALK, #01-35, PENJURU RECREATION CENTRE, SINGAPORE(608538)"
31 COFFEESHOP PTE. LTD.,01/12/2025 - 30/11/2026,"31 COFFEE SHOP, 769, YISHUN AVENUE 3, #01-277, (DRINK COUNTER), SINGAPORE(760769)"
KIM SAN LENG (GEYLANG EAST) PTE LTD,03/12/2025 - 02/12/2026,"KIM SAN LENG, 134, GEYLANG EAST AVENUE 1, #01-229, (DRINK COUNTER), SINGAPORE(380134)"
SRI MURUGAN TRADING PTE. LTD.,03/12/2025 - 02/12/2026,"SRI MURUGAN, 201A, PUNGGOL FIELD, #01-202, SINGAPORE(821201)"
MCP FAIRMART PTE. LTD.,15/12/2025 - 14/12/2026,"MCP FAIRMART, 89, BEDOK NORTH STREET 4, #01-107, SINGAPORE(460089)"
POWER VALUE TRADING PTE. LTD.,15/12/2025 - 14/12/2026,"POWER VALUE, 304, UBI AVENUE 1, #01-83, SINGAPORE(400304)"
COFFEE & TEA 118 PTE. LTD.,17/12/2025 - 16/12/2026,"118 COFFEE & TEA, 118, HOUGANG AVENUE 1, #01-1186, (DRINK COUNTER), SINGAPORE(530118)"
NILA TRADERS PTE. LTD.,17/12/2025 - 16/12/2026,"NILA TRADERS PTE. LTD, 259, BUKIT PANJANG RING ROAD, #01-10B, BUKIT PANJANG NEW TOWN, SINGAPORE(671259)"
WELCOME MINI-MART PTE. LTD.,17/12/2025 - 16/12/2026,"WELCOME, 308, ANCHORVALE ROAD, #01-01, MULTI STOREY CAR PARK, SINGAPORE(540308)"
OS DEEN PTE. LTD.,24/12/2025 - 23/12/2026,"REFRESH, 2, FUSIONOPOLIS WAY, #01-08, INNOVIS, SINGAPORE(138634)"
VALUE CHOICE TRADING,25/12/2025 - 24/12/2026,"VALUE CHOICE TRADING, 526, ANG MO KIO AVENUE 10, #01-2411, CHENG SAN CENTRE, SINGAPORE(560526)"
BOSS JUNIOR GROUP PRIVATE LIMITED,25/12/2025 - 24/12/2026,"BOSS JUNIOR, 88, BEDOK NORTH STREET 4, #01-125, (DRINK COUNTER), SINGAPORE(460088)"
7-ELEVEN,25/12/2025 - 24/12/2026,"7-ELEVEN, 81, LORONG 25 GEYLANG, #01-09, ALJUNIED MRT STATION, SINGAPORE(388310)"
HAO MART PTE. LTD.,31/12/2025 - 30/12/2026,"HAO MART, 74, WHAMPOA DRIVE, #01-336, WHAMPOA COURT, SINGAPORE(320074)"
GOOD PRICE CENTRE,14/01/2026 - 13/01/2027,"GOOD PRICE CENTRE, 164, BUKIT BATOK STREET 11, #01-154, SINGAPORE(650164)"
NTUC FAIRPRICE CO-OPERATIVE LTD,18/01/2026 - 17/01/2027,"NTUC FAIRPRICE, 1, JALAN BUKIT MERAH, #01-4500, SINGAPORE(150001)"
NTUC FAIRPRICE CO-OPERATIVE LTD,18/01/2026 - 17/01/2027,"FAIRPRICE FINEST, 83, PUNGGOL CENTRAL, #B2-32, WATERTOWN, SINGAPORE(828761)"
AH HONG HOLDINGS PTE. LTD.,27/01/2026 - 26/01/2027,"AH HONG MINI MART, 880, WOODLANDS STREET 82, #01-08, SINGAPORE(730880)"
NEW CHENNAI STORE PTE. LTD.,28/01/2026 - 27/01/2027,"NEW CHENNAI STORE PTE. LTD., 318, JURONG EAST STREET 31, #01-44, SINGAPORE(600318)"
CHEERS HOLDINGS (2004) PTE. LTD.,29/01/2026 - 28/01/2027,"CHEERS, 10, MARINE VISTA, #01-33, NEPTUNE COURT, SINGAPORE(449034)"
CHEERS HOLDINGS (2004) PTE. LTD.,29/01/2026 - 28/01/2027,"CHEERS, 500, JALAN SULTAN, #01-16, SINGAPORE(199020)"
ACTIVE SUPERMARKET,29/01/2026 - 28/01/2027,"U MART ACTIVE SUPERMARKET, 36, CIRCUIT ROAD, #01-412, BALAM GARDENS, SINGAPORE(370036)"
SUPERLUCK FOOD COURT PTE. LTD.,19/02/2026 - 18/02/2027,"SUPERLUCK FOOD COURT, 317, YISHUN AVENUE 9, #01-01, YISHUN GREENWALK (DRINK COUNTER), SINGAPORE(760317)"
ONE FAMILY FOOD CENTRE,23/02/2026 - 22/02/2027,"ONE FAMILY FOOD CENTRE, 3, SAKRA ROAD, #01-05, OASIS @ SAKRA, SINGAPORE(627878)"
WU FU (MANDAI LINK) PTE. LTD.,28/02/2026 - 27/02/2027,"MANDAI CONNECT, 7, MANDAI LINK, #01-06, MANDAI CONNECTION (DRINK COUNTER), SINGAPORE(728653)"
ASHMI MINIMART PTE. LTD.,04/03/2026 - 03/03/2027,"ASHMI MINIMART, 126, PASIR PANJANG ROAD, SINGAPORE(118546)"
ABDUL RAHABU S/O M MOHAMED YUSOOF,07/03/2026 - 06/03/2027,"H M HUSSAIN, 20, GHIM MOH ROAD, #01-202, GHIM MOH GARDENS, SINGAPORE(270020)"
CHEERS MAMA,07/03/2026 - 06/03/2027,"CHEERS MA MA, 1, CHANGI VILLAGE ROAD, #01-2040, SINGAPORE(500001)"
NAWAS GLOBAL PTE. LTD.,09/03/2026 - 08/03/2027,"NAWAS GLOBAL PTE LTD, 3, TUAS SOUTH STREET 12, #01-16, TUAS SOUTH DORMITORY ( MINIMART ), SINGAPORE(636947)"
7-ELEVEN,11/03/2026 - 10/03/2027,"7-ELEVEN, 266C, PUNGGOL WAY, #01-376, PUNGGOL EMERALD, SINGAPORE(823266)"
LINN MINI MART & TRADING PTE. LTD.,14/03/2026 - 13/03/2027,"LINN MINI MART, 63, YUNG KUANG ROAD, #01-75, SINGAPORE(610063)"
GRACIE JOAN MINI-MART,17/03/2026 - 16/03/2027,"GRACIE JOAN MINIMART, 100, JALAN SULTAN, #01-24B, SULTAN PLAZA, SINGAPORE(199001)"
KOUFU PTE LTD,18/03/2026 - 17/03/2027,"KOUFU, 671, EDGEFIELD PLAINS, #01-01, WATERWAY BANKS (DRINK COUNTER), SINGAPORE(820671)"
UNIVERSAL HOMEMART,25/03/2026 - 24/03/2027,"UNIVERSAL HOMEMART, 36, HOLLAND DRIVE, #01-07, BUONA VISTA COMMUNITY CLUB, SINGAPORE(270036)"
COLD STORAGE SINGAPORE (1983) PTE LTD,25/03/2026 - 24/03/2027,"GIANT, 259, PASIR RIS STREET 21, #01-27, LOYANG POINT, SINGAPORE(510259)"
CL 449 F&B PTE. LTD.,25/03/2026 - 24/03/2027,"CL 449 F&B PTE LTD, 449, CLEMENTI AVENUE 3, #01-211, (DRINK COUNTER), SINGAPORE(120449)"
GOOD PRICE HUB PTE. LTD.,30/03/2026 - 29/03/2027,"GOOD PRICE HUB, 497, JURONG WEST STREET 41, #01-22, SINGAPORE(640497)"
GHK @ 645 YISHUN PTE. LTD.,06/04/2026 - 05/04/2027,"GHK 645 COFFEE SHOP, 645, YISHUN STREET 61, #01-320, (DRINK COUNTER), SINGAPORE(760645)"
MALAR FOOD MANUFACTURE SERVICES PTE. LTD.,08/04/2026 - 07/04/2027,"MALAR FOOD MANUFACTURE SERVICES PTE. LTD., 526, JURONG WEST STREET 52, #01-319, SINGAPORE(640526)"
HAO MART PTE. LTD.,09/04/2026 - 08/04/2027,"HAO HALAL HUB, 74, WHAMPOA DRIVE, #01-322, WHAMPOA COURT, SINGAPORE(320074)"
ARASI STORE,10/04/2026 - 09/04/2027,"ARASI STORE, 498, JURONG WEST STREET 41, #01-446A, SINGAPORE(640498)"
GLAM (28) PTE. LTD.,12/04/2026 - 11/04/2027,"KOFFEE TIME, 28, DOVER CRESCENT, #01-97, DOVER GARDENS (DRINK COUNTER), SINGAPORE(130028)"
132 ZHEN SOON TRADING,12/04/2026 - 11/04/2027,"132 ZHEN SOON TRADING, 132, BUKIT BATOK WEST AVENUE 6, #01-302, SINGAPORE(650132)"
JURONG ISLAND MINI-MART,14/04/2026 - 13/04/2027,"JURONG ISLAND MINIMART, 17, KIAN TECK LANE, #01-65, BLUE STARS DORMITORY, SINGAPORE(627851)"
HAO MART PTE. LTD.,16/04/2026 - 15/04/2027,"HAO MART, 120, POTONG PASIR AVENUE 1, #01-812, SINGAPORE(350120)"
SHENG SIONG SUPERMARKET PTE LTD,16/04/2026 - 15/04/2027,"SHENGSIONG, 18B, CIRCUIT ROAD, #01-260, MACPHERSON RESIDENCY, SINGAPORE(372018)"
GOOD PRICE HUB PTE. LTD.,16/04/2026 - 15/04/2027,"GOOD PRICE HUB, 272, BUKIT BATOK EAST AVENUE 4, #01-68, SINGAPORE(650272)"
CHUAN KEE FOOD & BEVERAGES,17/04/2026 - 16/04/2027,"CHUAN KEE (FOOD & BEVERAGES), 1091A, LOWER DELTA ROAD, TIONG BAHRU FOOD CENTRE (DRINK COUNTER), SINGAPORE(169207)"
CHANG CHENG FOOD & BEVERAGE PTE. LTD.,21/04/2026 - 20/04/2027,"CHANG CHENG MEE WAH, 27, WOODLANDS LINK, #01-01, CHANG CHENG HQ (DRINK COUNTER), SINGAPORE(738732)"
NEW CENTURY FOOD HOUSE @ 721 PTE. LTD.,27/04/2026 - 26/04/2027,"NEW CENTURY FOOD HOUSE, 721, CLEMENTI WEST STREET 2, #01-100, (DRINK COUNTER), SINGAPORE(120721)"
ACTIVE EXPRESS MART,05/05/2026 - 04/05/2027,"U MART, 731, YISHUN STREET 72, #01-21, NEE SOON CENTRAL VISTA, SINGAPORE(760731)"
18 KOPI BREWERIES PTE. LTD.,06/05/2026 - 05/05/2027,"KOPI BREWERIES, 18B, CIRCUIT ROAD, #01-262, MACPHERSON RESIDENCY (DRINK COUNTER), SINGAPORE(372018)"
NTUC FAIRPRICE CO-OPERATIVE LTD,07/05/2026 - 06/05/2027,"FAIRPRICE FINEST, 61, CHOA CHU KANG DRIVE, #01-01, YEW TEE MRT STATION, SINGAPORE(689715)"
ACTIVE MINIMART,10/05/2026 - 09/05/2027,"U MART, 340, TAMPINES STREET 33, #01-260, SINGAPORE(520340)"
ORANGE MART PTE. LTD.,12/05/2026 - 11/05/2027,"ORANGE MART PTE. LTD., 332, ANG MO KIO AVENUE 1, #01-1883, TECK GHEE VIEW, SINGAPORE(560332)"
TRAVELLING ART SINGAPORE PTE. LTD.,13/05/2026 - 12/05/2027,"TRAVELLING ART SINGAPORE, 305, UBI AVENUE 1, #01-183A, SINGAPORE(400305)"
SHENG SIONG SUPERMARKET PTE LTD,16/05/2026 - 15/05/2027,"SHENGSIONG, 11, UPPER BOON KENG ROAD, #01-901, BOON KENG VILLE, SINGAPORE(380011)"
HARRY'S INTERNATIONAL PTE. LTD.,03/06/2026 - 02/06/2027,"HARRY'S BAR + DINING, 40, PASIR PANJANG ROAD, #02-43, MAPLETREE BUSINESS CITY, SINGAPORE(117383)"
SHENG SIONG SUPERMARKET PTE LTD,03/06/2026 - 02/06/2027,"SHENGSIONG, 473, FERNVALE STREET, #01-06, FERNVALE RIVERGROVE, SINGAPORE(790473)"
AL FAJR MINIMART,03/06/2026 - 02/06/2027,"AL FAJR MINIMART, 19, MARSILING LANE, #01-311, SINGAPORE(730019)"
SHUN DA CHENG PROVISION AND MINIMART,08/06/2026 - 07/06/2027,"SHUN DA CHENG PROVISION AND MINIMART, 424, BUKIT BATOK WEST AVENUE 2, #01-241, SINGAPORE(650424)"
HAPPY SHOPPY PTE. LTD.,08/06/2026 - 07/06/2027,"HAPPY SHOPPY PTE LTD MINI MART, 301, UBI AVENUE 1, #01-253, SINGAPORE(400301)"
ASAM TREE PN PTE. LTD.,09/06/2026 - 08/06/2027,"ASAM TREE PN FOODCOURT, 500, OLD CHOA CHU KANG ROAD, #01-22, SUNGEI TENGAH LODGE (DRINK COUNTER), SINGAPORE(698924)"
S111 PTE. LTD.,11/06/2026 - 10/06/2027,"GREENWICH FOOD CENTRE (BLK 3), 39, GREENWICH DRIVE, #01-12, SINGPOST REGIONAL ECOMMERCE LOGISTICS HUB, SINGAPORE(533863)"
HELLO FOOD PTE. LTD.,11/06/2026 - 10/06/2027,"HELLO, 3, SHENTON WAY, #01-02, SHENTON HOUSE (DRINK COUNTER), SINGAPORE(068805)"
PHAN NEE INVESTMENTS (S) PTE. LTD.,14/06/2026 - 13/06/2027,"PHAN NEE SUPERMARKET, 500, OLD CHOA CHU KANG ROAD, #01-02, SUNGEI TENGAH LODGE ( DORMITORY ), SINGAPORE(698924)"
GOLD186 FOODCOURT PTE. LTD.,17/06/2026 - 16/06/2027,"GOLD186 FOODCOURT, 333C, YISHUN STREET 31, #01-173, YISHUN RIVERWALK (DRINK COUNTER), SINGAPORE(763333)"
SHENG MINIMART,17/06/2026 - 16/06/2027,"SHENG MINIMART, 342, UBI AVENUE 1, #01-937, SINGAPORE(400342)"
SATHIYA MINI MART,20/06/2026 - 19/06/2027,"SATHIYA MINI MART, 84, BEDOK NORTH STREET 4, #01-73A, SINGAPORE(460084)"
GREENMART PRIVATE LIMITED,21/06/2026 - 20/06/2027,"YEE HONG SENG SUPERMARKET, 88, BEDOK NORTH STREET 4, #01-147, SINGAPORE(460088)"
KAVEEN PTE. LTD.,30/06/2026 - 29/06/2027,"KAVEEN PTE LTD, 25, JALAN BERSEH, #01-126, KELANTAN COURT, SINGAPORE(200025)"
TUAS SOUTH MINIMART PTE. LTD.,01/07/2026 - 30/06/2027,"TUAS SOUTH MINIMART, 6, TUAS SOUTH STREET 15, #01-102, CDPL (TUAS) DORMITORY, SINGAPORE(636906)"
HOLLYWOOD BISTRO,01/07/2026 - 30/06/2027,"FENG SHENG EATING HOUSE, 58, LENGKOK BAHRU, #01-521, (DRINK COUNTER), SINGAPORE(150058)"
J&S TRADING,04/07/2026 - 03/07/2027,"J&S TRADING, 51, CIRCUIT ROAD, #01-809, MACPHERSON GARDEN, SINGAPORE(370051)"
7-ELEVEN,09/07/2026 - 08/07/2027,"7-ELEVEN, 1, SENGKANG SQUARE, #01-29, COMPASS ONE, SINGAPORE(545078)"
VENUS MART PTE. LTD.,13/07/2026 - 12/07/2027,"VENUS MART PTE. LTD., 139, TUAS VIEW SQUARE, #01-00, WESTLINK TECHPARK ( DORMITORY ), SINGAPORE(637746)"
ST STEP ONE,16/07/2026 - 15/07/2027,"ST STEP ONE, 61, TEBAN GARDENS ROAD, #01-15, TEBAN PLACE, SINGAPORE(600061)"
GOOD PRICE HUB PTE. LTD.,16/07/2026 - 15/07/2027,"GOOD PRICE HUB, 135, JURONG GATEWAY ROAD, #01-323, SINGAPORE(600135)"
SUKITEI MINIMART,17/07/2026 - 16/07/2027,"SUKITEI MINIMART, 803, YISHUN RING ROAD, #01-4357, KHATIB GARDENS, SINGAPORE(760803)"
SEASON LIQUOR HOUSE,19/07/2026 - 18/07/2027,"SEASON LIQUOR HOUSE, 106, HOUGANG AVENUE 1, #01-1237B, SINGAPORE(530106)"
SG326 F&B PTE. LTD.,19/07/2026 - 18/07/2027,"SG326 F&B PTE LTD, 326, SERANGOON AVENUE 3, #01-388, (DRINK COUNTER), SINGAPORE(550326)"
ST81 F&B PTE. LTD.,19/07/2026 - 18/07/2027,"ST81 F&B PTE LTD, 851, JURONG WEST STREET 81, #01-283, (DRINK COUNTER), SINGAPORE(640851)"
SINGAPORE PETROLEUM COMPANY LIMITED,22/07/2026 - 21/07/2027,"SPC TAMPINES AVE 4, 10, TAMPINES AVENUE 4, SINGAPORE(529679)"
LIN DA MINI SUPERMART,22/07/2026 - 21/07/2027,"IECON - LIN DA MINI SUPERMART, 157, MEI LING STREET, #01-54, MEI LING HEIGHTS, SINGAPORE(140157)"
BUZZ SHOP PTE. LTD.,30/07/2026 - 29/07/2027,"BUZZ, 61, JURONG WEST CENTRAL 3, #01-150, BOON LAY BUS INTERCHANGE, SINGAPORE(648330)"
COLD STORAGE SINGAPORE (1983) PTE. LTD.,05/08/2026 - 04/08/2027,"COLD STORAGE, 1, SENGKANG SQUARE, #B1-25, COMPASS ONE, SINGAPORE(545078)"
ANBA PTE. LTD.,09/08/2026 - 08/08/2027,"ANBA PTE LTD, 845, JURONG WEST STREET 81, #01-229, SINGAPORE(640845)"
THSJE FOOD POINT PTE. LTD.,15/08/2025 - 14/08/2026,"BILLION FOOD POINT, 31, INTERNATIONAL BUSINESS PARK, #01-06, CREATIVE RESOURCE (DRINK COUNTER), SINGAPORE(609921)"
BROADWAY FOOD CENTRE (HOLDINGS) PTE LTD,15/08/2025 - 14/08/2026,"BROADWAY, 155, BUKIT BATOK STREET 11, #01-322, (DRINK COUNTER), SINGAPORE(650155)"
BROADWAY FOOD CENTRE (HOLDINGS) PTE LTD,15/08/2025 - 14/08/2026,"BROADWAY, 848, YISHUN STREET 81, #01-122, KHATIB CENTRAL (DRINK COUNTER), SINGAPORE(760848)"
YEN FEI LAI EATING HOUSE,15/08/2025 - 14/08/2026,"YFL COFFEE HOUSE, 322, HOUGANG AVENUE 5, #01-86, (DRINK COUNTER), SINGAPORE(530322)"
UBI PLACE EATING HOUSE,18/08/2025 - 17/08/2026,"UBI PLACE EATING HOUSE 85 CAFE, 3021, UBI AVENUE 2, #01-159, KAMPONG UBI INDUSTRIAL ESTATE (DRINK COUNTER), SINGAPORE(408897)"
MITTA YATE TRADING,19/08/2025 - 18/08/2026,"MITTA YATE TRADING, 111, NORTH BRIDGE ROAD, #03-65, PENINSULA PLAZA, SINGAPORE(179098)"
GOOD PRICE HUB PTE. LTD.,20/08/2025 - 19/08/2026,"GOOD PRICE HUB, 18, YISHUN AVENUE 9, #01-41, JUNCTION NINE, SINGAPORE(768897)"
SINGAI TRADING & CARGO PTE. LTD.,29/08/2025 - 28/08/2026,"SINGAI TRADING & CARGO PTE. LTD., 6, BEACH ROAD, #01-4887, BEACH ROAD GARDENS, SINGAPORE(190006)"
UNIVERSAL HOMEMART,01/09/2025 - 31/08/2026,"UNIVERSAL HOMEMART, 1, KAKI BUKIT ROAD 1, #01-15, ENTERPRISE ONE, SINGAPORE(415934)"
MUDDY MURPHY'S SINGAPORE PTE. LTD.,02/09/2025 - 01/09/2026,"MUDDY MURPHY'S IRISH PUB, 442, ORCHARD ROAD, #01-02, ORCHARD HOTEL SINGAPORE, SINGAPORE(238879)"
SHENG SIONG SUPERMARKET PTE LTD,09/09/2025 - 08/09/2026,"SHENGSIONG, 18, YISHUN AVENUE 9, #02-06, JUNCTION NINE, SINGAPORE(768897)"
7-ELEVEN,09/09/2025 - 08/09/2026,"7-ELEVEN, 40, PASIR PANJANG ROAD, #02-31, MAPLETREE BUSINESS CITY, SINGAPORE(117383)"
AMS SUPER MART PTE. LTD.,09/09/2025 - 08/09/2026,"AMS SUPER MART PTE LTD, 338, BUKIT BATOK STREET 34, #01-K1, SINGAPORE(650338)"
HAO MART PTE. LTD.,16/09/2025 - 15/09/2026,"HAO MART, 205, PETIR ROAD, #01-595, SINGAPORE(670205)"
NTUC FAIRPRICE CO-OPERATIVE LTD,17/09/2025 - 16/09/2026,"FAIRPRICE SHOP, 249, JURONG EAST STREET 24, #01-106, SINGAPORE(600249)"
YI JIA FOOD HOUSE PTE. LTD.,23/09/2025 - 22/09/2026,"YI JIA FOODHOUSE, 109, BUKIT PURMEI ROAD, #01-157, BUKIT PURMEI VILLE (DRINK COUNTER), SINGAPORE(090109)"
881 HOUGANG FOOD HOUSE PTE. LTD.,28/09/2025 - 27/09/2026,"KIMLY COFFEESHOP, 327, HOUGANG AVENUE 5, #01-156, (DRINK COUNTER), SINGAPORE(530327)"
PARK RESERVOIR FOOD HOUSE PTE. LTD.,30/09/2025 - 29/09/2026,"121 RESERVOIR KOPI POINT, 121, BEDOK RESERVOIR ROAD, #01-210, EUNOS VISTA (DRINK COUNTER), SINGAPORE(470121)"
ZO QUEST,30/09/2025 - 29/09/2026,"ZO QUEST MART, 810, GEYLANG ROAD, #01-59A, CITY PLAZA, SINGAPORE(409286)"
147 SERANGOON FOOD HOUSE PTE. LTD.,30/09/2025 - 29/09/2026,"CHOH DEE PLACE, 147, SERANGOON NORTH AVENUE 1, #01-419, (DRINK COUNTER), SINGAPORE(550147)"
CDP KIMLY PTE. LTD.,30/09/2025 - 29/09/2026,"CDP KIMLY PTE LTD, 325, CLEMENTI AVENUE 5, #01-155, (DRINK COUNTER), SINGAPORE(120325)"
CDP KIMLY PTE. LTD.,30/09/2025 - 29/09/2026,"CHOH DEE FOOD PLACE, 149, ROCHOR ROAD, #B1-22, FU LU SHOU COMPLEX (DRINK COUNTER), SINGAPORE(188425)"
CDP KIMLY PTE. LTD.,30/09/2025 - 29/09/2026,"CHOH DEE PLACE, 233, YISHUN STREET 21, #01-472, (DRINK COUNTER), SINGAPORE(760233)"
CDP KIMLY PTE. LTD.,30/09/2025 - 29/09/2026,"131 FOODHOUSE, 131, MARSILING RISE, #01-206, (DRINK COUNTER), SINGAPORE(730131)"
CDP KIMLY PTE. LTD.,30/09/2025 - 29/09/2026,"CDP KIMLY PTE LTD, 150, BUKIT BATOK STREET 11, #01-246, (DRINK COUNTER), SINGAPORE(650150)"
CDP KIMLY PTE. LTD.,30/09/2025 - 29/09/2026,"AMK 232 FOODHOUSE, 232, ANG MO KIO AVENUE 3, #01-1196, KEBUN BARU PALM VIEW (DRINK COUNTER), SINGAPORE(560232)"
CDP KIMLY PTE. LTD.,30/09/2025 - 29/09/2026,"418 COFFEE STATION, 418, YISHUN AVENUE 11, #01-385, (DRINK COUNTER), SINGAPORE(760418)"
CDP KIMLY PTE. LTD.,30/09/2025 - 29/09/2026,"J. MEMBINA, 26, JALAN MEMBINA, #01-01, MEMBINA COURT (DRINK COUNTER), SINGAPORE(161026)"
CDP KIMLY PTE. LTD.,30/09/2025 - 29/09/2026,"CDP KIMLY PTE LTD, 444, PASIR RIS DRIVE 6, #01-102, (DRINK COUNTER), SINGAPORE(510444)"
CDP KIMLY PTE. LTD.,30/09/2025 - 29/09/2026,"NEW CHANGI EATING HOUSE, 57, NEW UPPER CHANGI ROAD, #01-1368, (DRINK COUNTER), SINGAPORE(461057)"
CDP KIMLY PTE. LTD.,30/09/2025 - 29/09/2026,"BOONLAY 221 FOODHOUSE, 221, BOON LAY PLACE, #01-100, BOON LAY SHOPPING CENTRE (DRINK COUNTER), SINGAPORE(640221)"
CDP KIMLY PTE. LTD.,30/09/2025 - 29/09/2026,"FRANKIE'S PLACE @ 280, 280, BISHAN STREET 24, #01-24, (DRINK COUNTER), SINGAPORE(570280)"
CDP KIMLY PTE. LTD.,30/09/2025 - 29/09/2026,"CLEMENTI 881 COFFEE STATION, 345, CLEMENTI AVENUE 5, #01-104, (DRINK COUNTER), SINGAPORE(120345)"
CDP KIMLY PTE. LTD.,30/09/2025 - 29/09/2026,"CDP KIMLY PTE LTD, 303, JURONG EAST STREET 32, #01-98, HONG KAH EAST GARDEN (DRINK COUNTER), SINGAPORE(600303)"
CDP KIMLY PTE. LTD.,30/09/2025 - 29/09/2026,"FRANKIE'S PLACE, 555, ANG MO KIO AVENUE 10, #01-1936, CHENG SAN PLACE (DRINK COUNTER), SINGAPORE(560555)"
CDP KIMLY PTE. LTD.,30/09/2025 - 29/09/2026,"CDP KIMLY PTE LTD, 501, JURONG WEST STREET 51, #01-251, HONG KAH COURT (DRINK COUNTER), SINGAPORE(640501)"
CDP KIMLY PTE. LTD.,30/09/2025 - 29/09/2026,"CDP KIMLY PTE LTD, 346, JURONG EAST STREET 31, #01-71, YUHUA PLACE (DRINK COUNTER), SINGAPORE(600346)"
YONG YUN PTE. LTD.,30/09/2025 - 29/09/2026,"KIMLY LIVE SEAFOOD, 18, BOON LAY WAY, #01-98, TRADEHUB 21 (DRINK COUNTER), SINGAPORE(609966)"
YONG YUN PTE. LTD.,30/09/2025 - 29/09/2026,"UBI 33 FOOD HOUSE, 33, UBI AVENUE 3, #01-08, VERTEX (DRINK COUNTER), SINGAPORE(408868)"
YONG YUN PTE. LTD.,30/09/2025 - 29/09/2026,"LEE FA XING, 496, JURONG WEST STREET 41, #01-82, (DRINK COUNTER), SINGAPORE(640496)"
YONG YUN PTE. LTD.,30/09/2025 - 29/09/2026,"YISHUN 81 FOODHOUSE, 925, YISHUN CENTRAL 1, #01-249, (DRINK COUNTER), SINGAPORE(760925)"
YONG YUN PTE. LTD.,30/09/2025 - 29/09/2026,"YONG YUN PTE LTD, 684, HOUGANG AVENUE 8, #01-967, (DRINK COUNTER), SINGAPORE(530684)"
YONG YUN PTE. LTD.,30/09/2025 - 29/09/2026,"SG70 FOOD HOUSE, 70, SERANGOON GARDEN WAY, SERANGOON GARDEN ESTATE (DRINK COUNTER), SINGAPORE(555966)"
YONG YUN PTE. LTD.,30/09/2025 - 29/09/2026,"YU XIANG, 237, SERANGOON AVENUE 3, #01-130, (DRINK COUNTER), SINGAPORE(550237)"
YONG YUN PTE. LTD.,30/09/2025 - 29/09/2026,"826 TAMPINES KOPI POINT, 826, TAMPINES STREET 81, #01-86, TAMPINES GROVE (DRINK COUNTER), SINGAPORE(520826)"
YONG YUN PTE. LTD.,30/09/2025 - 29/09/2026,"YONG YUN PTE. LTD., 450, CLEMENTI AVENUE 3, #01-305, (DRINK COUNTER), SINGAPORE(120450)"
YONG YUN PTE. LTD.,30/09/2025 - 29/09/2026,"FOODCLIQUE, 347, BUKIT BATOK STREET 34, #01-252, (DRINK COUNTER), SINGAPORE(650347)"
YONG YUN PTE. LTD.,30/09/2025 - 29/09/2026,"YONG YUN PTE LTD, 304, SERANGOON AVENUE 2, #01-14, CHUAN VILLAGE (DRINK COUNTER), SINGAPORE(550304)"
YONG YUN PTE. LTD.,30/09/2025 - 29/09/2026,"FOODCLIQUE, 132, JURONG GATEWAY ROAD, #01-273, (DRINK COUNTER), SINGAPORE(600132)"
YONG YUN PTE. LTD.,30/09/2025 - 29/09/2026,"AMK 408 FOODHOUSE, 408, ANG MO KIO AVENUE 10, #01-805, TECK GHEE SQUARE (DRINK COUNTER), SINGAPORE(560408)"
YONG YUN PTE. LTD.,30/09/2025 - 29/09/2026,"HOCK SIAN LEONG, 202, ANG MO KIO AVENUE 3, #01-1690, ANG MO KIO VIEW (DRINK COUNTER), SINGAPORE(560202)"
YONG YUN PTE. LTD.,30/09/2025 - 29/09/2026,"ENG HUAT LEE, 138, TAMPINES STREET 11, #01-116, (DRINK COUNTER), SINGAPORE(521138)"
YONG YUN PTE. LTD.,30/09/2025 - 29/09/2026,"SIN HUAT LEE RESTAURANT, 371, BUKIT BATOK STREET 31, #01-326, (DRINK COUNTER), SINGAPORE(650371)"
YONG YUN PTE. LTD.,30/09/2025 - 29/09/2026,"YONG YUN PTE LTD, 101, YISHUN AVENUE 5, #01-55, (DRINK COUNTER), SINGAPORE(760101)"
TAMPINES WEST FOOD COURT PTE. LTD.,01/10/2025 - 30/09/2026,"TAMPINES WEST FOODCOURT, 827, TAMPINES STREET 81, #01-128, TAMPINES GROVE (DRINK COUNTER), SINGAPORE(520827)"
CHEERS HOLDINGS (2004) PTE. LTD.,03/10/2025 - 02/10/2026,"CHEERS, 55, SIMS AVENUE EAST, #01-02, KEMBANGAN MRT STATION, SINGAPORE(416551)"
BN123 FOOD HOUSE PTE. LTD.,05/10/2025 - 04/10/2026,"BN123 FOOD HOUSE PTE LTD, 123, BEDOK NORTH STREET 2, #01-142, (DRINK COUNTER), SINGAPORE(460123)"
HONEYHUB TRADING,06/10/2025 - 05/10/2026,"HONEYHUB TRADING, 228, SERANGOON AVENUE 4, #01-K1, BOUNDARY VILLE, SINGAPORE(550228)"
U STARS PTE. LTD.,11/10/2025 - 10/10/2026,"U SUPERMARKET, 810, CHOA CHU KANG AVENUE 7, #01-01, MULTI STOREY CAR PARK, SINGAPORE(680810)"
GOURMET STREET (KC) PTE. LTD.,12/10/2025 - 11/10/2026,"GOURMET STREET, 27, JALAN BERSEH, #01-100, KELANTAN COURT (DRINK COUNTER), SINGAPORE(200027)"
7 STARS (G1) PTE. LTD.,14/10/2025 - 13/10/2026,"7 STARS, 810, CHOA CHU KANG AVENUE 7, #01-11, MULTI STOREY CAR PARK (DRINK COUNTER), SINGAPORE(680810)"
SENTOSA GOLF CLUB,15/10/2025 - 14/10/2026,"MEMBERS' BAR, 27, BUKIT MANIS ROAD, #01-B, SENTOSA GOLF CLUB, SINGAPORE(099892)"
SENTOSA GOLF CLUB,15/10/2025 - 14/10/2026,"AUXILIARY HALFWAY HOUSE, 47, SERAPONG COURSE ROAD, SENTOSA GOLF CLUB, SINGAPORE(099024)"
YONG HUAT MINI-MART,15/10/2025 - 14/10/2026,"YONG HUAT MINI MART, 214, JURONG EAST STREET 21, #01-439, SINGAPORE(600214)"
YUMMY CATERING & FOOD CHAIN PTE LTD,19/10/2025 - 18/10/2026,"GAOFENG, 1, UPPER CIRCULAR ROAD, #01-01, (DRINK COUNTER), SINGAPORE(058400)"
PHAN NEE INVESTMENTS (S) PTE. LTD.,27/10/2025 - 26/10/2026,"PHAN NEE SUPERMARKET, 500, OLD CHOA CHU KANG ROAD, #01-21, SUNGEI TENGAH LODGE ( DORMITORY ), SINGAPORE(698924)"
PENTAGON GROUP PTE. LTD.,28/10/2025 - 27/10/2026,"YOUNGS, 3, HYDE PARK GATE, THE OVAL @ SAP, SINGAPORE(799531)"
NTUC FAIRPRICE CO-OPERATIVE LTD,28/10/2025 - 27/10/2026,"FAIRPRICE SHOP, 150, SILAT AVENUE, #01-44, SINGAPORE(160150)"
BROADWAY FOOD CENTRE (HOLDINGS) PTE LTD,04/11/2025 - 03/11/2026,"BROADWAY, 61, WOODLANDS INDUSTRIAL PARK E9, #01-30, E9 PREMIUM (DRINK COUNTER), SINGAPORE(757047)"
TIMBRE + PTE. LTD.,04/11/2025 - 03/11/2026,"BOTTLE SHOP, 73A, AYER RAJAH CRESCENT, #01-41, AYER RAJAH FOOD CENTRE I, SINGAPORE(139957)"
BRAHBU'S A FAMILYMART,04/11/2025 - 03/11/2026,"BRAHBU'S A FAMILY MART, 307, SERANGOON AVENUE 2, #01-K1, CHUAN VILLAGE, SINGAPORE(550307)"
ANNAI SUPER MART PTE. LTD.,04/11/2025 - 03/11/2026,"ANNAI SUPER MART, 22, KIM KEAT ROAD, ( GROUND FLOOR ), SINGAPORE(328839)"
SIMPLY CONVENIENT STORE,04/11/2025 - 03/11/2026,"SIMPLY CONVENIENT STORE, 53, SIMS PLACE, #01-162A, SIMS VISTA ( GROUND FLOOR ), SINGAPORE(380053)"
HAO MART PTE. LTD.,09/11/2025 - 08/11/2026,"HAO MART, 505, CANBERRA LINK, #01-01, MONTREAL SPRING, SINGAPORE(750505)"
EXTREMERS ADVENTURE PTE LTD,11/11/2025 - 10/11/2026,"GEORGES HIDEOUT @ SELETAR, 690, WEST CAMP ROAD, #02-02, JTC AVIATION TWO @ SELETAR AEROSPACE PARK, SINGAPORE(797523)"
VIVA CORP SERVICES PTE. LTD.,12/11/2025 - 11/11/2026,"VIVA MART ENTERPRISES, 23, KAKI BUKIT ROAD 3, #01-02, THE LEO DORMITORY (LEVEL 1), SINGAPORE(415812)"
S111 PTE. LTD.,12/11/2025 - 11/11/2026,"S111 PTE LTD, 2, WOODLANDS SECTOR 1, #01-28, WOODLANDS SPECTRUM (DRINK COUNTER), SINGAPORE(738068)"
EVERYMAN'S SHOPPING CENTRE PTE. LTD.,12/11/2025 - 11/11/2026,"EVERYMAN'S SHOPPING CENTRE PTE LTD, 29, VEERASAMY ROAD, SINGAPORE(207333)"
ENG PIN PTE. LTD.,15/11/2025 - 14/11/2026,"EATING HOUSE 815, 815, JURONG WEST STREET 81, #01-210, (DRINK COUNTER), SINGAPORE(640815)"
FIRST COFFEE SHOP PTE. LTD.,22/11/2025 - 21/11/2026,"FIRST COFFEE SHOP PTE LTD, 107, ANG MO KIO AVENUE 4, #01-138, KEBUN BARU HEIGHTS (DRINK COUNTER), SINGAPORE(560107)"
S T HOME ONE,22/11/2025 - 21/11/2026,"S T HOME ONE, 345, JURONG EAST STREET 31, #01-25A, YUHUA PLACE, SINGAPORE(600345)"
YEW YI HUP KEE EATING HOUSE,23/11/2025 - 22/11/2026,"YEW YI HUP KEE EATING HOUSE, 23, KALLANG AVENUE, (DRINK COUNTER), SINGAPORE(339414)"
KOUFU PTE LTD,24/11/2025 - 23/11/2026,"HAPPY HAWKERS, 204, BEDOK NORTH STREET 1, #01-393, (DRINK COUNTER), SINGAPORE(460204)"
SRISAI MINIMART,25/11/2025 - 24/11/2026,"SRISAI MINIMART, 419, FAJAR ROAD, #01-459, SINGAPORE(670419)"
RESHMANIA MARKETING PTE LTD,26/11/2025 - 25/11/2026,"NO.1, 140, PETIR ROAD, #01-K1, SINGAPORE(670140)"
GOH SOEK SI,28/11/2025 - 27/11/2026,"GUAN HUAT COFFEE STALL, 453A, ANG MO KIO AVENUE 10, #01-29, SINGAPORE(561453)"
KECK SENG HOTEL PTE LTD,09/12/2025 - 08/12/2026,"THE BEST BREW, 382, HAVELOCK ROAD, #01-B, FOUR POINTS BY SHERATON SINGAPORE, RIVERVIEW, SINGAPORE(169629)"
CHEERS HOLDINGS (2004) PTE. LTD.,09/12/2025 - 08/12/2026,"CHEERS, 23, HOUGANG AVENUE 3, #01-281, HOUGANG VIEW, SINGAPORE(530023)"
SINGAPORE SWIMMING CLUB,09/12/2025 - 08/12/2026,"D'TANJONG, 45, TANJONG RHU ROAD, #01-B, SINGAPORE SWIMMING CLUB, SINGAPORE(436899)"
7-ELEVEN,09/12/2025 - 08/12/2026,"7-ELEVEN, 302, TIONG BAHRU ROAD, #01-152, TIONG BAHRU PLAZA, SINGAPORE(168732)"
TASTEBUD FOODCOURT PTE. LTD.,19/12/2025 - 18/12/2026,"TASTEBUD, 218, SUMANG WALK, #01-10, (DRINK COUNTER), SINGAPORE(820218)"
KIM SAN LENG (JURONG) PTE. LTD.,19/12/2025 - 18/12/2026,"KIM SAN LENG, 10, BUROH STREET, #01-08, WEST CONNECT BUILDING (DRINK COUNTER), SINGAPORE(627564)"
M MART,20/12/2025 - 19/12/2026,"M MART, 202, ANG MO KIO AVENUE 3, #01-1668B, ANG MO KIO VIEW, SINGAPORE(560202)"
CHEVRON SINGAPORE PTE. LTD.,23/12/2025 - 22/12/2026,"STAR MART, 3700, YISHUN RING ROAD, CALTEX PETROL SERVICE, SINGAPORE(768690)"
SENTOSA GOLF CLUB,23/12/2025 - 22/12/2026,"PYRAMID HALFWAY HOUSE, 27, BUKIT MANIS ROAD, #01-C, TANJONG GOLF COURSE, SINGAPORE(099892)"
LAU AH TEE FOOD HOUSE PTE. LTD.,05/01/2026 - 04/01/2027,"LAU AH TEE EATING HOUSE, 34, WHAMPOA WEST, #01-67, BENDEMEER VILLE (DRINK COUNTER), SINGAPORE(330034)"
5 PERCENT,06/01/2026 - 05/01/2027,"5 PERCENT, 90, WHAMPOA DRIVE, #01-03, SINGAPORE(320090)"
HARRY'S INTERNATIONAL PTE. LTD.,07/01/2026 - 06/01/2027,"HARRY'S BAR + DINING, 26, BEACH ROAD, #01-18, SINGAPORE(189768)"
SANGEE MART,09/01/2026 - 08/01/2027,"SANGEE MART, 160, YISHUN STREET 11, #01-208, SINGAPORE(760160)"
NEO GEO SHOPPING PTE. LTD.,11/01/2026 - 10/01/2027,"NEO GEO SHOPPING PTE. LTD., 28, JALAN BUKIT MERAH, #01-4466, BRICKWORKS ESTATE, SINGAPORE(152028)"
A.V.N STORE,11/01/2026 - 10/01/2027,"A.V.N STORE, 679, JURONG WEST CENTRAL 1, #01-01, MULTI STOREY CAR PARK, SINGAPORE(640679)"
CHEERS HOLDINGS (2004) PTE. LTD.,14/01/2026 - 13/01/2027,"CHEERS, 11, RIVERVALE CRESCENT, #01-02A, RIVERVALE MALL, SINGAPORE(545082)"
888 MINI MART,20/01/2026 - 19/01/2027,"888 MINI MART, 510, UPPER BUKIT TIMAH ROAD, #B2-02, HILLVIEW MRT STATION, SINGAPORE(678211)"
SHENG SIONG SUPERMARKET PTE LTD,10/02/2026 - 09/02/2027,"SHENGSIONG, 258, PASIR RIS STREET 21, #02-10, LOYANG POINT, SINGAPORE(510258)"
7-ELEVEN,10/02/2026 - 09/02/2027,"7-ELEVEN, 18, TAI SENG STREET, #01-22, 18 TAI SENG, SINGAPORE(539775)"
HE JI FA TRADING,10/02/2026 - 09/02/2027,"HE JI FA TRADING, 70, LORONG 4 TOA PAYOH, #01-329, TOA PAYOH VISTA, SINGAPORE(310070)"
JUST A BEAN PTE. LTD.,16/02/2026 - 15/02/2027,"JUST A BEAN PTE LTD, 117, PENDING ROAD, #01-226, (DRINK COUNTER), SINGAPORE(670117)"
SERANGOON GARDENS COUNTRY CLUB,17/02/2026 - 16/02/2027,"COFFEE DELI, 22, KENSINGTON PARK ROAD, #01-A, SERANGOON GARDENS COUNTRY CLUB, SINGAPORE(557271)"
"SINGAPORE ISLAND COUNTRY CLUB, THE",17/02/2026 - 16/02/2027,"ISLAND BAR, 180, ISLAND CLUB ROAD, #01-A, SINGAPORE ISLAND COUNTRY CLUB, SINGAPORE(578774)"
NTUC FAIRPRICE CO-OPERATIVE LTD,17/02/2026 - 16/02/2027,"FAIRPRICE, 17, PETIR ROAD, #B2-67, HILLION MALL, SINGAPORE(678278)"
NTUC FAIRPRICE CO-OPERATIVE LTD,17/02/2026 - 16/02/2027,"FAIRPRICE, 18, TAI SENG STREET, #B1-13, 18 TAI SENG, SINGAPORE(539775)"
PAVAI STORES,21/02/2026 - 20/02/2027,"PAVAI STORES, 710, CLEMENTI WEST STREET 2, #01-259B, SINGAPORE(120710)"
SINGAPORE CRICKET CLUB,24/02/2026 - 23/02/2027,"MAIN LOUNGE, A, CONNAUGHT DRIVE, #02-A, SINGAPORE CRICKET CLUB, SINGAPORE(179681)"
SINGAPORE CRICKET CLUB,24/02/2026 - 23/02/2027,"MAIN LOUNGE, A, CONNAUGHT DRIVE, #01-A, SINGAPORE CRICKET CLUB, SINGAPORE(179681)"
GRAND HYATT SINGAPORE,24/02/2026 - 23/02/2027,"BRIX, 10, SCOTTS ROAD, #B1-A, GRAND HYATT SINGAPORE, SINGAPORE(228211)"
TOP CHOICE MARKETPLACE,09/03/2026 - 08/03/2027,"TOP CHOICE MARKETPLACE, 19, LEEDON HEIGHTS, #01-67, D'LEEDON, SINGAPORE(266227)"
UNIQUE- BITS,09/03/2026 - 08/03/2027,"UNIQUE BITS, 304, WOODLANDS STREET 31, #01-131, SINGAPORE(730304)"
FORTUNE SUPERMARKET PTE. LTD.,10/03/2026 - 09/03/2027,"FORTUNE EXPRESS, 475, UPPER SERANGOON CRESCENT, #01-02, PARKLAND RESIDENCES, SINGAPORE(530475)"
FORTUNE SUPERMARKET PTE. LTD.,10/03/2026 - 09/03/2027,"FORTUNE EXPRESS, 115, JALAN BUKIT MERAH, #01-1607, TIONG BAHRU ORCHID, SINGAPORE(160115)"
REPUBLIC OF SINGAPORE YACHT CLUB,16/03/2026 - 15/03/2027,"KTV LOUNGE, 52, WEST COAST FERRY ROAD, #01-A, REPUBLIC OF SINGAPORE YACHT CLUB, SINGAPORE(126887)"
ST 31 F&B PTE. LTD.,17/03/2026 - 16/03/2027,"ST 31 COFFEE HOUSE, 347, ANG MO KIO AVENUE 3, #01-2142, TECK GHEE EVERGREEN (DRINK COUNTER), SINGAPORE(560347)"
RONG XIN FOOD COURT CUM MANAGEMENT LIMITED LIABILITY PARTNERSHIP,23/03/2026 - 22/03/2027,"RONG XIN FOOD COURT CUM MANAGEMENT LLP, 11, CHANGI NORTH STREET 1, #01-13, (DRINK COUNTER), SINGAPORE(498823)"
HUANGS,08/04/2026 - 07/04/2027,"HUANGS, 720, JURONG WEST AVENUE 5, #01-K1, SINGAPORE(640720)"
SAI ENGINEERING & TRADING PTE. LTD.,13/04/2026 - 12/04/2027,"SAI WINES, 1, JALAN PAPAN, #01-08, TERUSAN RECREATION CENTRE, SINGAPORE(619392)"
TANGLIN CLUB,14/04/2026 - 13/04/2027,"TAVERN BAR, 5, STEVENS ROAD, #01-A, TANGLIN CLUB, SINGAPORE(257814)"
MEETUP@352 PTE. LTD.,23/04/2026 - 22/04/2027,"MEETUP @ 352, 352, CLEMENTI AVENUE 2, #01-153, CLEMENTI AVE 2 SHOPPING CTR (DRINK COUNTER), SINGAPORE(120352)"
U STARS PTE. LTD.,27/04/2026 - 26/04/2027,"U SUPERMARKET, 507, YISHUN AVENUE 4, #01-09, SINGAPORE(760507)"
HUI HUAT YEW KAI MINIMART,06/05/2026 - 05/05/2027,"HUI HUAT YEW KAI MINI MART, 26, JALAN MEMBINA, #01-04, MEMBINA COURT, SINGAPORE(161026)"
CHOP HONG LIK,08/05/2026 - 07/05/2027,"CHOP HONG LIK RESTAURANT, 5023, ANG MO KIO INDUSTRIAL PARK 2, #01-87, (DRINK COUNTER), SINGAPORE(569526)"
GHK@509 BEDOK PTE. LTD.,08/05/2026 - 07/05/2027,"GHK@509 BEDOK, 509, BEDOK NORTH STREET 3, #01-77, (DRINK COUNTER), SINGAPORE(460509)"
A SQUARE GENERAL TRADING PTE. LTD.,11/05/2026 - 10/05/2027,"ROYAL MINIMART, 997, SERANGOON ROAD, #01-00A, SINGAPORE(328152)"
LIM AH ENG,17/05/2026 - 16/05/2027,"SHUN XING COFFEE STALL, 159, MEI CHIN ROAD, #02-24, (DRINK COUNTER), SINGAPORE(140159)"
MENG HUAT PROVISION SHOP,17/05/2026 - 16/05/2027,"MENG HUAT PROVISION SHOP, 7, JALAN BATU, #01-97A, DI TANJONG RHU, SINGAPORE(431007)"
U STARS PTE. LTD.,17/05/2026 - 16/05/2027,"U SUPERMARKET, 817, KEAT HONG LINK, #01-14, MULTI STOREY CAR PARK, SINGAPORE(680817)"
ST FOOD AND BEVERAGE PTE. LTD.,26/05/2026 - 25/05/2027,"ST FOOD COURT, 500, OLD CHOA CHU KANG ROAD, #01-09, SUNGEI TENGAH LODGE (DRINK COUNTER), SINGAPORE(698924)"
ASHWIN SUPER MARKET PTE. LTD.,27/05/2026 - 26/05/2027,"ASHWIN SUPER MARKET, 176, YIO CHU KANG ROAD, SINGAPORE(545626)"
FORTUNE SUPERMARKET PTE. LTD.,02/06/2026 - 01/06/2027,"FORTUNE, 326, SERANGOON AVENUE 3, #01-386, SINGAPORE(550326)"
M28 MINIMART,02/06/2026 - 01/06/2027,"M28 MINIMART, 289C, COMPASSVALE CRESCENT, #01-05, SINGAPORE(543289)"
7-ELEVEN,02/06/2026 - 01/06/2027,"7-ELEVEN, 900, SERANGOON ROAD, #B1-03, BOON KENG MRT STATION, SINGAPORE(328260)"
CHEERS HOLDINGS (2004) PTE. LTD.,02/06/2026 - 01/06/2027,"CHEERS, 109, LORONG 1 TOA PAYOH, #01-310, TOA PAYOH NORTH, SINGAPORE(310109)"
7-ELEVEN,02/06/2026 - 01/06/2027,"7-ELEVEN, 25, TRENGGANU STREET, #01-02, SANTA GRAND HOTEL LAI CHUN YUEN, SINGAPORE(058476)"
SHANGRI-LA HOTEL LIMITED,02/06/2026 - 01/06/2027,"THE LINE, 22, ORANGE GROVE ROAD, #01-00, SHANGRI-LA HOTEL (TOWER WING), SINGAPORE(258350)"
MARTWAYS PTE. LTD.,07/06/2026 - 06/06/2027,"MART WAY'S, 10, HAIG ROAD, #01-369, HAIG VIEW, SINGAPORE(430010)"
CHEERS HOLDINGS (2004) PTE. LTD.,09/06/2026 - 08/06/2027,"CHEERS, 30, WOODLANDS AVENUE 2, #01-35, WOODLANDS MRT STATION, SINGAPORE(738343)"
CHEERS HOLDINGS (2004) PTE. LTD.,09/06/2026 - 08/06/2027,"CHEERS, 548, WOODLANDS DRIVE 44, #01-06, VISTA POINT, SINGAPORE(730548)"
7-ELEVEN,09/06/2026 - 08/06/2027,"7-ELEVEN, 220, ORCHARD ROAD, #B1-01, MIDPOINT ORCHARD, SINGAPORE(238852)"
OW'S HOLDINGS PTE. LTD.,14/06/2026 - 13/06/2027,"OW'S HOLDINGS PTE. LTD., 631, HOUGANG AVENUE 8, #01-12A, SINGAPORE(530631)"
MEETUP @ 203 PTE. LTD.,19/06/2026 - 18/06/2027,"MEETUP @ 203, 203, HOUGANG STREET 21, #01-89, (DRINK COUNTER), SINGAPORE(530203)"
VS SUPER MART PTE. LTD.,21/06/2026 - 20/06/2027,"VS SUPER MART PTE LTD, 163, ANG MO KIO AVENUE 4, #01-420, MAYFLOWER SHOPPING & FOOD CENTRE, SINGAPORE(560163)"
BLUE DOT MINIMART PTE. LTD.,21/06/2026 - 20/06/2027,"BLUE DOT MINIMART PTE LTD, 708, TAMPINES STREET 71, #01-102, TAMPINES SUNRISE, SINGAPORE(520708)"
7-ELEVEN,23/06/2026 - 22/06/2027,"7-ELEVEN, 181, NEW BRIDGE ROAD, #01-03, HOTEL 81 CHINATOWN, SINGAPORE(059418)"
7-ELEVEN,23/06/2026 - 22/06/2027,"7-ELEVEN, 138, ROBINSON ROAD, #01-05, THE CORPORATE OFFICE, SINGAPORE(068906)"
FORTUNE SUPERMARKET PTE. LTD.,23/06/2026 - 22/06/2027,"FORTUNE, 470, PASIR RIS DRIVE 6, #01-K1, SINGAPORE(510470)"
1036 SEAFOOD HOLDINGS PTE. LTD.,23/06/2026 - 22/06/2027,"1036 SEAFOOD HOLDINGS PTE LTD, 1036, SEMBAWANG ROAD, (GROUND FLOOR DRINK COUNTER), SINGAPORE(758504)"
YEO HUI HOON,30/06/2026 - 29/06/2027,"FRESH SUGAR CANE COCONUT BEER, 1220, EAST COAST PARKWAY, #01-13, EAST COAST LAGOON FOOD VILLAGE, SINGAPORE(468960)"
ANG MO SUPERMARKET PTE LTD,01/07/2026 - 30/06/2027,"ANG MO SUPERMARKET, 260, ANG MO KIO STREET 21, #01-05, MULTI STOREY CAR PARK, SINGAPORE(560260)"
7-ELEVEN,01/07/2026 - 30/06/2027,"7-ELEVEN, 35, ROBINSON ROAD, #01-02, SO SOFITEL SINGAPORE, SINGAPORE(068876)"
CHD @ SOON LEE PTE. LTD.,06/07/2026 - 05/07/2027,"CHAP HE DIAM, 51, SOON LEE ROAD, #01-51A, SCAL RECREATION CENTRE, SINGAPORE(628088)"
THE SINGAPORE RESORT & SPA,06/07/2026 - 05/07/2027,"LEBAR COCKTAIL & STORIES, 2, BUKIT MANIS ROAD, #03-A, THE SINGAPORE RESORT & SPA, SINGAPORE(099891)"
CHEERS HOLDINGS (2004) PTE. LTD.,07/07/2026 - 06/07/2027,"CHEERS, 11, CANBERRA ROAD, #01-08, SEMBAWANG MRT STATION, SINGAPORE(759775)"
D&S MINI MART,11/07/2026 - 10/07/2027,"D&S MINIMART, 523, SERANGOON NORTH AVENUE 4, #01-32, SINGAPORE(550523)"
CHEERS HOLDINGS (2004) PTE. LTD.,14/07/2026 - 13/07/2027,"CHEERS, 920, NEW UPPER CHANGI ROAD, #01-01, TANAH MERAH MRT STATION, SINGAPORE(467356)"
FULING PTE. LTD.,19/07/2026 - 18/07/2027,"FULING, 11, TAMPINES INDUSTRIAL AVENUE 5, T5 @ TAMPINES (DRINK COUNTER), SINGAPORE(528761)"
YONG YUN PTE. LTD.,21/07/2026 - 20/07/2027,"YONG YUN PTE. LTD., 631, BEDOK RESERVOIR ROAD, #01-982, EUNOS GROVE (DRINK COUNTER), SINGAPORE(470631)"
NTUC FAIRPRICE CO-OPERATIVE LTD,21/07/2026 - 20/07/2027,"FAIRPRICE, 10, EUNOS ROAD 8, #B1-101, SINGAPORE POST CENTRE, SINGAPORE(408600)"
CDP KIMLY PTE. LTD.,21/07/2026 - 20/07/2027,"LAI YUN, 21, WOODLANDS CLOSE, #01-24, PRIMZ BIZHUB (DRINK COUNTER), SINGAPORE(737854)"
BK EATING HOUSE (2017) PTE. LTD.,21/07/2026 - 20/07/2027,"BK EATING HOUSE, 21, SOUTH BRIDGE ROAD, (LEVEL 1), SINGAPORE(058661)"
FORTUNE SUPERMARKET PTE. LTD.,28/07/2026 - 27/07/2027,"FORTUNE, 915, TAMPINES STREET 91, #01-43, TAMPINES PALMSVILLE, SINGAPORE(520915)"
GOLDEN MILE MINIMART,03/08/2026 - 02/08/2027,"GOLDEN MILE MINIMART, 6001, BEACH ROAD, #01-42, GOLDEN MILE TOWER, SINGAPORE(199589)"
DELIGHT GOURMET PTE. LTD.,03/08/2026 - 02/08/2027,"DELIGHT GOURMET, 80, MARINE PARADE CENTRAL, #01-770, MARINE PARADE PROMENADE (DRINK COUNTER), SINGAPORE(440080)"
GRANDE VIDA PTE. LTD.,08/08/2025 - 07/08/2026,"GRANDE VIDA, 5, HOE CHIANG ROAD, SINGAPORE(089312)"
WARM VENTURE PTE. LTD.,17/08/2025 - 16/08/2026,"SMILE MINI MART, 351, TAMPINES STREET 33, #01-472, SINGAPORE(520351)"
834 EATING HOUSE PTE. LTD.,21/08/2025 - 20/08/2026,"834 COFFEE HOUSE, 834, WOODLANDS STREET 83, #01-89, (DRINK COUNTER), SINGAPORE(730834)"
S-MART PTE. LTD.,23/08/2025 - 22/08/2026,"S-MART PTE LTD, 1, MANDAI LINK, SMART ENERGY PETROL SERVICE, SINGAPORE(728650)"
WAN FU PTE. LTD.,23/08/2025 - 22/08/2026,"FU, 722, CLEMENTI WEST STREET 2, #01-150, (DRINK COUNTER), SINGAPORE(120722)"
SUDAR PROVISION PTE. LTD.,24/08/2025 - 23/08/2026,"SUDAR PROVISION PTE LTD, 224, GEYLANG ROAD, SINGAPORE(389284)"
SHENG SIONG SUPERMARKET PTE LTD,24/08/2025 - 23/08/2026,"SHENGSIONG, 446, FAJAR ROAD, #01-01, FAJAR SHOPPING CENTRE, SINGAPORE(670446)"
504 FOOD PLACE PTE. LTD.,24/08/2025 - 23/08/2026,"504 FOOD PLACE, 504, JURONG WEST STREET 51, #01-207, HONG KAH COURT (STALL 9 DRINK COUNTER), SINGAPORE(640504)"
ABANG PROVISION SHOP,24/08/2025 - 23/08/2026,"ABANG PROVISION SHOP, 30, SENGKANG EAST AVENUE, RANGGUNG LRT SES (C0NCOURSE), SINGAPORE(545046)"
WAN FU PTE. LTD.,24/08/2025 - 23/08/2026,"FU, 795A, YISHUN RING ROAD, #01-3390, KHATIB VALE (DRINK COUNTER), SINGAPORE(761795)"
TJ-HOSS TRADING PTE. LTD.,24/08/2026 - 23/08/2027,"TJ. HOSS TRADING PTE LTD, 392, GEYLANG ROAD, SINGAPORE(389389)"
MANIS CAFETARIA PTE. LTD.,25/08/2025 - 24/08/2026,"MANIS CAFETARIA, 5, MANDAI LINK, #01-01, MANDAI FOODLINK, SINGAPORE(728654)"
7-ELEVEN,25/08/2025 - 24/08/2026,"7-ELEVEN, 27, TAI THONG CRESCENT, SENNETT ESTATE, SINGAPORE(347857)"
SEASONAL MART,25/08/2025 - 24/08/2026,"SEASONAL MART, 815, TAMPINES AVENUE 4, #01-K1, TAMPINES POLYVIEW, SINGAPORE(520815)"
YU YIN TRADING,25/08/2025 - 24/08/2026,"YU YIN TRADING, 348, YISHUN AVENUE 11, #01-01, ADORA GREEN, SINGAPORE(760348)"
WAN FU PTE. LTD.,28/08/2025 - 27/08/2026,"HUO SHI XUAN, 354A, WOODLANDS AVENUE 1, #01-01, MULTI STOREY CAR PARK (DRINK COUNTER), SINGAPORE(731354)"
LEE QUAN (WAVE 9) PTE. LTD.,29/08/2025 - 28/08/2026,"HAI ZHONG BAO, 71, WOODLANDS INDUSTRIAL PARK E9, #01-04, WAVE9 (DRINK COUNTER), SINGAPORE(757048)"
7-ELEVEN,04/09/2025 - 03/09/2026,"7-ELEVEN, 121, BEDOK RESERVOIR ROAD, #01-194, EUNOS VISTA, SINGAPORE(470121)"
FAST COMMUNICATIONS PTE. LTD.,04/09/2026 - 03/09/2027,"FAST COMMUNICATIONS PTE LTD, 204, HOUGANG STREET 21, #01-117A, SINGAPORE(530204)"
TAS FOOD COURT PTE. LTD.,06/09/2025 - 05/09/2026,"TAS FOOD COURT PTE LTD, 6, TUAS SOUTH STREET 15, #01-128, CDPL (TUAS) DORMITORYV (DRINK COUNTER), SINGAPORE(636906)"
SHREE BABA TRADINGS PTE. LTD.,09/09/2025 - 08/09/2026,"SHREE BABA TRADINGS PTE LTD, 560, GEYLANG ROAD, SINGAPORE(389510)"
7-ELEVEN,09/09/2025 - 08/09/2026,"7-ELEVEN, 183, SELEGIE ROAD, #01-02, SINGAPORE(188329)"
THILAG PTE. LTD.,12/09/2025 - 11/09/2026,"THILAG PTE LTD, 456, JURONG WEST STREET 41, #01-742A, SINGAPORE(640456)"
AVINAZ TRADING PTE. LTD.,13/09/2025 - 12/09/2026,"AVINAZ SUPERMARKET, 65, YUNG KUANG ROAD, #01-95, SINGAPORE(610065)"
ALHAMDHU MINIMART,14/09/2025 - 13/09/2026,"ALHAMDHU MINI MART, 67, MARINE DRIVE, #01-214, MARINE DRIVE GARDENS, SINGAPORE(440067)"
7-ELEVEN,15/09/2025 - 14/09/2026,"7-ELEVEN, 10, EUNOS ROAD 8, #01-105, SINGAPORE POST CENTRE, SINGAPORE(408600)"
7-ELEVEN,15/09/2025 - 14/09/2026,"7-ELEVEN, 1, RAFFLES LINK, #B1-38, CITYLINK MALL, SINGAPORE(039393)"
TAN LAY JEE,23/09/2025 - 22/09/2026,"TIEN HOE COFFEE STALL, 221B, BOON LAY PLACE, #01-160, BOON LAY SHOPPING CENTRE, SINGAPORE(640221)"
HENG AUTOCARE PETROL KIOSK,29/09/2025 - 28/09/2026,"SHELL SELECT, 158, YIO CHU KANG ROAD, SHELL PETROL SERVICE, SINGAPORE(545612)"
HENG AUTOCARE PETROL KIOSK,29/09/2025 - 28/09/2026,"SHELL SELECT, 548, HAVELOCK ROAD, SHELL PETROL SERVICE, SINGAPORE(169637)"
7-ELEVEN,13/10/2025 - 12/10/2026,"7-ELEVEN, 3, FULLERTON ROAD, #01-04A, THE FULLERTON WATERBOAT HOUSE, SINGAPORE(049215)"
LITTSON 3 PTE. LTD.,15/10/2025 - 14/10/2026,"LITTSON 3, 272, BUKIT BATOK EAST AVENUE 4, #01-74, SINGAPORE(650272)"
E-XIN MART PTE. LTD.,19/10/2025 - 18/10/2026,"E-XIN MART, 107, SERANGOON NORTH AVENUE 1, #01-675, SINGAPORE(550107)"
SWEET SECRET PTE. LTD.,21/10/2025 - 20/10/2026,"SWEET SECRET, 638, JURONG WEST STREET 61, #01-03, PIONEER MALL, SINGAPORE(640638)"
CHEERS HOLDINGS (2004) PTE. LTD.,27/10/2025 - 26/10/2026,"CHEERS, 20, TAMPINES AVENUE 7, #B1-02, TAMPINES EAST MRT STATION, SINGAPORE(529623)"
CHEERS HOLDINGS (2004) PTE. LTD.,27/10/2025 - 26/10/2026,"CHEERS, 10, AIRPORT BOULEVARD, #01-09, CHANGI AIRPORT TERMINAL 4, SINGAPORE(819665)"
N.D'S ENTERPRISE,27/10/2025 - 26/10/2026,"SHELL SELECT, 28, BUKIT BATOK EAST AVENUE 6, SHELL PETROL SERVICE, SINGAPORE(659760)"
7-ELEVEN,27/10/2025 - 26/10/2026,"7-ELEVEN, 766, NORTH BRIDGE ROAD, SINGAPORE(198734)"
SHILLA TRAVEL RETAIL PTE. LTD.,27/10/2025 - 26/10/2026,"COSMETICS & PERFUME, 10, AIRPORT BOULEVARD, #02-24, CHANGI AIRPORT TERMINAL 4 (DEPT LOUNGE NORTH), SINGAPORE(819665)"
ORANGE MINIMART,29/10/2025 - 28/10/2026,"ORANGE MINIMART, 11, CHAI CHEE ROAD, #01-25, SINGAPORE(460011)"
JILIN QIAN AN JUN ZI IMPORT & EXPORT PTE. LTD.,30/10/2025 - 29/10/2026,"CHINA MINIMART, 417, YISHUN AVENUE 11, #01-333B, SINGAPORE(760417)"
LOVABLE SWEET HOUSE@HOUGANG,31/10/2025 - 30/10/2026,"LOVABLE SWEET HOUSE, 134, LORONG AH SOO, #01-462, SINGAPORE(530134)"
AB DRINKS,31/10/2025 - 30/10/2026,"AB FOOD COURT, 3, CHANGI SOUTH AVENUE 4, #02-09, CHANGI SOUTH AMENITY CENTRE (DRINK COUNTER), SINGAPORE(486116)"
BUZZ SHOP PTE. LTD.,03/11/2025 - 02/11/2026,"BUZZ, 15, PETIR ROAD, #01-62, BUKIT PANJANG BUS INTERCHANGE, SINGAPORE(678270)"
NTUC FAIRPRICE CO-OPERATIVE LTD,10/11/2025 - 09/11/2026,"FAIRPRICE SHOP, 95, LORONG 4 TOA PAYOH, #01-72, TOA PAYOH PALM SPRING, SINGAPORE(310095)"
NTUC FAIRPRICE CO-OPERATIVE LTD,10/11/2025 - 09/11/2026,"FAIRPRICE SHOP, 30, BENDEMEER ROAD, #01-871, BENDEMEER VILLE, SINGAPORE(330030)"
7-ELEVEN,10/11/2025 - 09/11/2026,"7-ELEVEN, 81, TELOK BLANGAH ROAD, HARBOURFRONT MRT STATION (CD ANTE RM 2), SINGAPORE(098867)"
KIM SAN LENG FOOD CENTRE (BUKIT TIMAH) LLP,21/11/2025 - 20/11/2026,"KIM SAN LENG, 887, BUKIT TIMAH ROAD, (DRINK COUNTER), SINGAPORE(279896)"
RK STORES TRADING,23/11/2025 - 22/11/2026,"RK STORES TRADING, 3, CHANGI SOUTH AVENUE 4, #03-02, CHANGI SOUTH AMENITY CENTRE, SINGAPORE(486116)"
REPUBLIC PLAZA CITY CLUB (SINGAPORE) PTE LTD,27/11/2025 - 26/11/2026,"STRAITS BAR, 9, RAFFLES PLACE, #64-01, REPUBLIC PLAZA, SINGAPORE(048619)"
HG 805 F&B PTE. LTD.,01/12/2025 - 30/11/2026,"YONG SOON INVESTMENTS PTE LTD, 805, HOUGANG CENTRAL, #01-116, (DRINK COUNTER), SINGAPORE(530805)"
YI HUAT CAFE PTE. LTD.,01/12/2025 - 30/11/2026,"FF YI HUAT CAFE PTE LTD, 681, HOUGANG AVENUE 8, #01-809, HOUGANG VILLAGE (DRINK COUNTER), SINGAPORE(530681)"
419 F&B PTE. LTD.,01/12/2025 - 30/11/2026,"FF 419 F&B PTE LTD, 419, TAMPINES STREET 41, #01-80, SUN PLAZA GARDENS (DRINK COUNTER), SINGAPORE(520419)"
RONALDO'S SERVICES & TRADING,02/12/2025 - 01/12/2026,"SHELL SELECT, 460, CHANGI ROAD, SHELL PETROL SERVICE, SINGAPORE(419883)"
RONALDO'S SERVICES & TRADING,02/12/2025 - 01/12/2026,"SHELL SELECT, 40, UPPER EAST COAST ROAD, SHELL PETROL SERVICE, SINGAPORE(455212)"
CHEERS HOLDINGS (2004) PTE. LTD.,02/12/2025 - 01/12/2026,"CHEERS, 5, WALLICH STREET, #01-11, TANJONG PAGAR CENTRE, SINGAPORE(078883)"
7-ELEVEN,02/12/2025 - 01/12/2026,"7-ELEVEN, 101, UPPER CROSS STREET, #01-25A, PEOPLE'S PARK CENTRE, SINGAPORE(058357)"
PIABIA,03/12/2025 - 02/12/2026,"PIABIA MINI-MART, 261, JURONG EAST STREET 24, #01-K1, SINGAPORE(600261)"
1+1 MINIMART,05/12/2025 - 04/12/2026,"1+1 MINIMART, 97, PASIR RIS GROVE, #01-43A, NV RESIDENCES, SINGAPORE(518193)"
N.D'S ENTERPRISE,09/12/2025 - 08/12/2026,"SHELL SELECT, 358, ALEXANDRA ROAD, SHELL PETROL SERVICE, SINGAPORE(159950)"
SHENG SIONG SUPERMARKET PTE LTD,09/12/2025 - 08/12/2026,"SHENGSIONG, 660A, EDGEDALE PLAINS, #01-01, WATERWAY SUNDEW, SINGAPORE(821660)"
NTUC FAIRPRICE CO-OPERATIVE LTD,09/12/2025 - 08/12/2026,"FAIRPRICE, 1, NORTHPOINT DRIVE, #B2-103, NORTHPOINT CITY, SINGAPORE(768019)"
COLD STORAGE SINGAPORE (1983) PTE LTD,09/12/2025 - 08/12/2026,"COLD STORAGE, 5, STRAITS VIEW, #B2-15, THE HEART, SINGAPORE(018935)"
FU FA FOOD COURT PTE. LTD.,15/12/2025 - 14/12/2026,"FF FU FA FOOD COURT, 21, HOUGANG STREET 51, #01-48, HOUGANG GREEN SHOPPING MALL (DRINK COUNTER), SINGAPORE(538719)"
FOOD VILLAGE HOLDINGS PRIVATE LIMITED,27/12/2025 - 26/12/2026,"FOOD VILLAGE, 660A, EDGEDALE PLAINS, #02-01, WATERWAY SUNDEW (DRINK COUNTER), SINGAPORE(821660)"
OS DEEN PTE. LTD.,28/12/2025 - 27/12/2026,"SAVE MART, 334, KRETA AYER ROAD, #01-10, KRETA AYER HEIGHTS, SINGAPORE(080334)"
7-ELEVEN,30/12/2025 - 29/12/2026,"7-ELEVEN, 9, KAMPONG BAHRU ROAD, SINGAPORE(169343)"
RONALDO'S SERVICES & TRADING,30/12/2025 - 29/12/2026,"SHELL SELECT, 338, EAST COAST ROAD, SHELL PETROL SERVICE, SINGAPORE(428961)"
BUZZ SHOP PTE. LTD.,30/12/2025 - 29/12/2026,"BUZZ, 625, ELIAS ROAD, #01-K2, ELIAS MALL, SINGAPORE(510625)"
GOOD PRICE HUB PTE. LTD.,30/12/2025 - 29/12/2026,"GOOD PRICE HUB, 418, YISHUN AVENUE 11, #01-399, SINGAPORE(760418)"
7-ELEVEN,30/12/2025 - 29/12/2026,"7-ELEVEN, 20, AH HOOD ROAD, #01-27, ZHONGSHAN MALL, SINGAPORE(329984)"
NTUC FAIRPRICE CO-OPERATIVE LTD,30/12/2025 - 29/12/2026,"FAIRPRICE, 676, WOODLANDS DRIVE 71, #B1-02, SINGAPORE(730676)"
SHENG SIONG SUPERMARKET PTE LTD,30/12/2025 - 29/12/2026,"SHENGSIONG, 4, WOODLANDS STREET 12, #02-61, SINGAPORE(738623)"
U STARS PTE. LTD.,17/01/2026 - 16/01/2027,"U SUPERMARKET, 691, WOODLANDS DRIVE 73, #01-06, MULTI STOREY CAR PARK, SINGAPORE(730691)"
MAGNATON VENTURES,17/01/2026 - 16/01/2027,"SHELL SELECT, 603, TIONG BAHRU ROAD, SHELL PETROL SERVICE, SINGAPORE(158788)"
7-ELEVEN,17/01/2026 - 16/01/2027,"7-ELEVEN, 1, COVE AVENUE, #02-12, SINGAPORE(098537)"
THINGAHA PTE. LTD.,18/01/2026 - 17/01/2027,"THINGAHA MINI MART, 225A, JURONG EAST STREET 21, #01-K1, SINGAPORE(601225)"
FAIRMART TRADERS PTE. LTD.,18/01/2026 - 17/01/2027,"FAIRMART TRADERS PTE. LTD., 128, LORONG 1 TOA PAYOH, #01-825A, TOA PAYOH HEIGHTS, SINGAPORE(310128)"
KINRI ENTERPRISE,18/01/2026 - 17/01/2027,"SHELL SELECT, 203, GEYLANG ROAD, SHELL PETROL SERVICE, SINGAPORE(389266)"
D & LEE MINIMART,19/01/2026 - 18/01/2027,"D & LEE MINIMART, 841, TAMPINES STREET 83, #01-K1, TAMPINES PALMWALK, SINGAPORE(520841)"
LIM KWEE KIANG,19/01/2026 - 18/01/2027,"CAFE CLUB, 163, BUKIT MERAH CENTRAL, #02-24, FOOD CENTRE, SINGAPORE(150163)"
2K PRINTS PTE. LTD.,21/01/2026 - 20/01/2027,"2K PRINTS PTE. LTD, 211A, NEW UPPER CHANGI ROAD, #01-771, SINGAPORE(461211)"
KINRI ENTERPRISE,25/01/2026 - 24/01/2027,"SHELL SELECT, 132, GUILLEMARD ROAD, SHELL PETROL SERVICE, SINGAPORE(399720)"
JS MINIMART,25/01/2026 - 24/01/2027,"JS MINIMART, 950, JURONG WEST STREET 91, #01-K1, NANYANG RUBY, SINGAPORE(640950)"
FF F&B PTE. LTD.,26/01/2026 - 25/01/2027,"HONG LEE FF, 7, EUNOS CRESCENT, #01-2665, (DRINK COUNTER), SINGAPORE(400007)"
SHENG SIONG SUPERMARKET PTE LTD,26/01/2026 - 25/01/2027,"SHENGSIONG, 338, ANCHORVALE CRESCENT, #01-11, MULTI STOREY CAR PARK, SINGAPORE(540338)"
SHENG SIONG SUPERMARKET PTE LTD,26/01/2026 - 25/01/2027,"SHENGSIONG, 417, FERNVALE LINK, #01-11, MULTI STOREY CAR PARK, SINGAPORE(790417)"
SHENG SIONG SUPERMARKET PTE LTD,26/01/2026 - 25/01/2027,"SHENGSIONG, 105, CANBERRA STREET, #02-05, SINGAPORE(750105)"
COLD STORAGE SINGAPORE (1983) PTE LTD,26/01/2026 - 25/01/2027,"COLD STORAGE, 1, FUSIONOPOLIS WAY, #B2-03, CONNEXIS, SINGAPORE(138632)"
CHENG LI KOPITIAM PTE. LTD.,26/01/2026 - 25/01/2027,"KPT, 284, BISHAN STREET 22, #01-211, (DRINK COUNTER), SINGAPORE(570284)"
CHNG LEE TIAN,28/01/2026 - 27/01/2027,"MAY COFFEE, 4, WOODLANDS STREET 12, #01-59, FOOD CENTRE, SINGAPORE(738623)"
CHANNEL SAM,29/01/2026 - 28/01/2027,"CHANNEL SAM, 11, NORTHSHORE DRIVE, #1-C, SINGAPORE(828670)"
NIDIN TRADERS PTE. LTD.,29/01/2026 - 28/01/2027,"CHEAP AND BEST COLLECTIONS, 168, BEDOK SOUTH AVENUE 3, #01-475, SINGAPORE(460168)"
L3 HOME-LINK PTE. LTD.,30/01/2026 - 29/01/2027,"L3 HOME-LINK, 153, BUKIT BATOK STREET 11, #01-296, SINGAPORE(650153)"
AANANDAS PTE. LTD.,31/01/2026 - 30/01/2027,"AANANDAS INDIAN MINIMART, 506, JURONG WEST STREET 52, #01-178A, HONG KAH COURT, SINGAPORE(640506)"
VIVA CORP SERVICES PTE. LTD.,02/02/2026 - 01/02/2027,"VIVA, 538, BUKIT BATOK STREET 23, #01-46, ACACIA LODGE (DORMITORY), SINGAPORE(659552)"
AJMAL TRADING GROUP PTE. LTD.,02/02/2026 - 01/02/2027,"AJMAL TRADING GROUP PTE LTD, 5, JALAN PAPAN, #01-32, ASPRI-WESTLITE PAPAN (DORMITORY), SINGAPORE(619396)"
FORTUNE SUPERMARKET PTE. LTD.,02/02/2026 - 01/02/2027,"FORTUNE, 507, BUKIT BATOK STREET 52, #01-121, HILLGROVE GARDENS, SINGAPORE(650507)"
LIM ENG SUAN,05/02/2026 - 04/02/2027,"LIM ENG SUAN, 69, GEYLANG BAHRU, #01-115, FOOD CENTRE, SINGAPORE(330069)"
NH MART PTE. LTD.,05/02/2026 - 04/02/2027,"NH MART PTE LTD, 620, HOUGANG AVENUE 8, #01-262, SINGAPORE(530620)"
SHAFASHA PTE. LTD.,09/02/2026 - 08/02/2027,"NISHAFAR FAMILY MART, 791, WOODLANDS AVENUE 6, #01-603, SINGAPORE(730791)"
HOCK GHEE SENG MART PTE. LTD.,09/02/2026 - 08/02/2027,"HOCK GHEE SENG MART PTE LTD, 225, JURONG EAST STREET 21, #01-803, SINGAPORE(600225)"
SIGNATURE MART,18/02/2026 - 17/02/2027,"SIGNATURE MART, 58, TOH TUCK ROAD, #01-01, SIGNATURE PARK, SINGAPORE(596747)"
LH FOOD JUNCTION PTE. LTD.,23/02/2026 - 22/02/2027,"LH FOOD JUNCTION, 31, JURONG PORT ROAD, #01-16, JURONG LOGISTICS HUB (DRINK COUNTER), SINGAPORE(619115)"
PREETHIKA MINIMART & TRADING PTE. LTD.,24/02/2026 - 23/02/2027,"PREETHIKA MINI MART, 87, WHAMPOA DRIVE, #01-875A, SINGAPORE(320087)"
JDG HUB,05/03/2026 - 04/03/2027,"JDG HUB, 630, BEDOK RESERVOIR ROAD, #01-K4, SINGAPORE(470630)"
TOP PLUS TRADING PTE. LTD.,05/03/2026 - 04/03/2027,"TOP PLUS INDIA MART, 2, CHANGI BUSINESS PARK AVENUE 1, #01-04, PARK AVENUE CHANGI, SINGAPORE(486015)"
FACH MANAGEMENT SERVICES,09/03/2026 - 08/03/2027,"SHELL SELECT, 1, NEW LOYANG LINK, SHELL PETROL SERVICE, SINGAPORE(506931)"
BEST SUPERMART,15/03/2026 - 14/03/2027,"BEST SUPERMART, 301, SERANGOON AVENUE 2, #01-340A, CHUAN VILLAGE, SINGAPORE(550301)"
ACE XPRESS PTE. LTD.,15/03/2026 - 14/03/2027,"ACE XPRESS PTE LTD, 537, BEDOK NORTH STREET 3, #01-513, SINGAPORE(460537)"
HJCC - (80),15/03/2026 - 14/03/2027,"SHELL SELECT, 121, TUAS SOUTH AVENUE 5, SHELL PETROL SERVICE, SINGAPORE(637365)"
HJCC - (80),15/03/2026 - 14/03/2027,"SHELL SELECT, 311, JALAN AHMAD IBRAHIM, SHELL PETROL SERVICE, SINGAPORE(619595)"
HJCC - (80),15/03/2026 - 14/03/2027,"SHELL SELECT, 21, JURONG WEST AVENUE 5, SHELL PETROL SERVICE, SINGAPORE(649481)"
HJCC - (80),15/03/2026 - 14/03/2027,"SHELL SELECT, 80, UPPER THOMSON ROAD, SHELL PETROL SERVICE, SINGAPORE(574326)"
KOPITIAM INVESTMENT PTE. LTD.,16/03/2026 - 15/03/2027,"KOPITIAM, 108, PUNGGOL FIELD, #01-01, (DRINK COUNTER), SINGAPORE(820108)"
CARBON 2 PTE. LTD.,21/03/2026 - 20/03/2027,"CHUAN SHAO GONG FANG, 22, CHEONG CHIN NAM ROAD, LEVEL 1, SINGAPORE(599746)"
HONG SIN FOOD PTE. LTD.,22/03/2026 - 21/03/2027,"CHIT CHAT & MAKAN EATING HOUSE, 152, BEACH ROAD, #B1-01, GATEWAY EAST (DRINK COUNTER), SINGAPORE(189721)"
7-ELEVEN,23/03/2026 - 22/03/2027,"7-ELEVEN, 519A, TAMPINES CENTRAL 8, #01-09, CENTRALE 8 AT TAMPINES, SINGAPORE(521519)"
7-ELEVEN,23/03/2026 - 22/03/2027,"7-ELEVEN, 3, PICKERING STREET, #01-46, NANKIN ROW, SINGAPORE(048660)"
AN HUA TRADING,26/03/2026 - 25/03/2027,"AN HUA TRADING, 417, YISHUN AVENUE 11, #01-323, SINGAPORE(760417)"
GOWRI'S GLOBAL MARKETING PTE. LTD.,27/03/2026 - 26/03/2027,"GGM BEVERAGES & DRINKS, 12, TUAS SOUTH STREET 13, #01-32, TUAS SOUTH RECREATION CENTRE (DRINK COUNTER), SINGAPORE(636937)"
JH SERVICES,03/04/2026 - 02/04/2027,"SHELL SELECT, 450, TELOK BLANGAH ROAD, SHELL PETROL SERVICE, SINGAPORE(098857)"
NTUC FAIRPRICE CO-OPERATIVE LTD,03/04/2026 - 02/04/2027,"FAIRPRICE, 29A, GHIM MOH LINK, #01-01, SINGAPORE(271029)"
SOON LEE COFFEE HOUSE PTE. LTD.,05/04/2026 - 04/04/2027,"SOON LEE COFFEE HOUSE, 11, SOON LEE ROAD, (DRINK COUNTER), SINGAPORE(628075)"
7-ELEVEN,06/04/2026 - 05/04/2027,"7-ELEVEN, 681, PUNGGOL DRIVE, #02-04, SINGAPORE(820681)"
7-ELEVEN,06/04/2026 - 05/04/2027,"7-ELEVEN, 392, EAST COAST ROAD, SINGAPORE(428992)"
SRI SELVI STORE PTE. LTD.,10/04/2026 - 09/04/2027,"SRI SELVI STORE PTE LTD, 408, SERANGOON AVENUE 1, #01-K1, SINGAPORE(550408)"
CHOLA EXIM PTE. LTD.,17/04/2026 - 16/04/2027,"NEW MURUGAN TRADING, 86, DUNLOP STREET, SINGAPORE(209412)"
MUTHU CHANDA TRADING PTE. LTD.,20/04/2026 - 19/04/2027,"MUTHU MINIMART, 177, BUKIT BATOK WEST AVENUE 8, #01-249, SINGAPORE(650177)"
1-GARDEN PTE. LTD.,24/04/2026 - 23/04/2027,"WILDSEED BAR, 3, PARK LANE, #01-01, THE OVAL @ SAP, SINGAPORE(798387)"
23 MEP CANTEEN PTE. LTD.,24/04/2026 - 23/04/2027,"MEP CANTEEN, 23, NEYTHAL ROAD, BLK M LEVEL 1 (DRINK COUNTER), SINGAPORE(628588)"
7-ELEVEN,27/04/2026 - 26/04/2027,"7-ELEVEN, 1, FUSIONOPOLIS PLACE, #01-09, GALAXIS, SINGAPORE(138522)"
CHOO TIEW POH,27/04/2026 - 26/04/2027,"CHOO TIEW POH, 69, GEYLANG BAHRU, #01-108, FOOD CENTRE, SINGAPORE(330069)"
RK STORES TRADING,02/05/2026 - 01/05/2027,"RK STORES TRADING, 97, UPPER PAYA LEBAR ROAD, SINGAPORE(534824)"
VIVA CORP SERVICES PTE. LTD.,04/05/2026 - 03/05/2027,"VIVA, 60, PENJURU PLACE, #01-68, JURONG PENJURU DORMITORY, SINGAPORE(608561)"
YEW LUCK LUCK,10/05/2026 - 09/05/2027,"DOJIN, 166, YUNG KUANG ROAD, #01-01, SINGAPORE(610166)"
KOUFU PTE LTD,15/05/2026 - 14/05/2027,"KOUFU PTE LTD, 747, YISHUN STREET 72, #01-108, NEE SOON CENTRAL GREEN (DRINK COUNTER), SINGAPORE(760747)"
MARINA BAY SANDS PTE. LTD.,15/05/2026 - 14/05/2027,"LAVO, 10, BAYFRONT AVENUE, #57-03, MARINA BAY SANDS (SANDS SKY PARK), SINGAPORE(018956)"
HONG YUN FOOD COURT PTE. LTD.,18/05/2026 - 17/05/2027,"HONG YUN, 3A, INTERNATIONAL BUSINESS PARK, #01-06, ICON@IBP (DRINK COUNTER), SINGAPORE(609935)"
1855 THE BOTTLE SHOP PTE. LTD.,20/05/2026 - 19/05/2027,"1855 THE BOTTLE SHOP, 5, STRAITS VIEW, #01-25, THE HEART, SINGAPORE(018935)"
DOJIN PTE. LTD.,22/05/2026 - 21/05/2027,"DOJIN, 121, BEDOK RESERVOIR ROAD, #01-198, EUNOS VISTA, SINGAPORE(470121)"
FIVE STAR MINIMART PTE. LTD.,25/05/2026 - 24/05/2027,"FIVE STAR MINIMART PTE LTD, 115, CANBERRA WALK, #01-06, MULTI STOREY CAR PARK, SINGAPORE(750115)"
TWMS PTE LTD,25/05/2026 - 24/05/2027,"TWMS SUPERMART PTE LTD, 908B, UPPER THOMSON ROAD, SINGAPORE(787111)"
CHOH DEE PLACE (346A) PTE. LTD.,25/05/2026 - 24/05/2027,"SOON HONG FOOD HOUSE, 742A, TAMPINES STREET 72, #01-01, MULTI STOREY CAR PARK (DRINK COUNTER), SINGAPORE(521742)"
POWER HUB PTE. LTD.,30/05/2026 - 29/05/2027,"POWER, 375, BUKIT BATOK STREET 31, #01-136, SINGAPORE(650375)"
ECO FRESH MART PTE. LTD.,31/05/2026 - 30/05/2027,"ECO FRESH MART PTE LTD, 472, TAMPINES STREET 44, #01-53D, SINGAPORE(520472)"
8 PLUS FOOD HOUSE PTE. LTD.,02/06/2026 - 01/06/2027,"8 PLUS FOOD HOUSE, 95, LORONG 4 TOA PAYOH, #01-74, TOA PAYOH PALM SPRING (DRINK COUNTER), SINGAPORE(310095)"
POWER HUB PTE. LTD.,04/06/2026 - 03/06/2027,"POWER, 258, BUKIT PANJANG RING ROAD, #01-42, BUKIT PANJANG NEW TOWN, SINGAPORE(670258)"
7-ELEVEN,08/06/2026 - 07/06/2027,"7-ELEVEN, 9, BRAS BASAH ROAD, #01-04, RENDEZVOUS HOTEL SINGAPORE, SINGAPORE(189559)"
W573 F&B PTE. LTD.,14/06/2026 - 13/06/2027,"GRAINS & HOPS, 573, WOODLANDS DRIVE 16, #01-01, (DRINK COUNTER), SINGAPORE(730573)"
7-ELEVEN,15/06/2026 - 14/06/2027,"7-ELEVEN, 9, RAFFLES BOULEVARD, #01-107, MILLENIA WALK, SINGAPORE(039596)"
NTUC FAIRPRICE CO-OPERATIVE LTD,22/06/2026 - 21/06/2027,"FAIRPRICE, 681, PUNGGOL DRIVE, #B1-01, SINGAPORE(820681)"
IRON CHEF F&B PTE. LTD.,26/06/2026 - 25/06/2027,"FOOD LOFT, 107, ANG MO KIO AVENUE 4, #01-164, KEBUN BARU HEIGHTS (DRINK COUNTER), SINGAPORE(560107)"
BILLION (THS) FOOD POINT PTE. LTD.,29/06/2026 - 28/06/2027,"BILLION, 10, ANG MO KIO STREET 65, #06-01, TECHPOINT (DRINK COUNTER), SINGAPORE(569059)"
UP-MART TRADING,04/07/2026 - 03/07/2027,"UP-MART TRADING, 717, YISHUN STREET 71, #01-331, KHATIB SPRING, SINGAPORE(760717)"
7-ELEVEN,13/07/2026 - 12/07/2027,"7-ELEVEN, 89, VICTORIA STREET, #01-02, VICTORIA HOTEL (MINIMART), SINGAPORE(188017)"
M.R PASIR RIS MINIMART,13/07/2026 - 12/07/2027,"M.R. PASIR RIS MINIMART, 230, PASIR RIS STREET 21, #01-44, SINGAPORE(510230)"
FOODCLIQUE PTE. LTD.,13/07/2026 - 12/07/2027,"FOODCLIQUE, 292, BUKIT BATOK EAST AVENUE 6, #01-01, MULTI STOREY CAR PARK (DRINK COUNTER), SINGAPORE(650292)"
C & H MINIMART 2018,17/07/2026 - 16/07/2027,"C & H MINIMART 2018, 605, WOODLANDS DRIVE 42, #01-105, SINGAPORE(730605)"
ONE FAMILY FOOD CENTRE,18/07/2026 - 17/07/2027,"ONE FAMILY FOOD CENTRE, 11, TUAS BAY CLOSE, #01-03, WEST STAR (DRINK COUNTER), SINGAPORE(636996)"
SEOW SENG CHUAN,23/07/2026 - 22/07/2027,"RI RI FRESH FRUIT JUICE, 22B, HAVELOCK ROAD, #01-29, FOOD CENTRE, SINGAPORE(162022)"
7-ELEVEN,27/07/2026 - 26/07/2027,"7-ELEVEN, 598, YISHUN RING ROAD, #01-49, WISTERIA MALL, SINGAPORE(768698)"
SHENG SIONG SUPERMARKET PTE LTD,27/07/2026 - 26/07/2027,"SHENGSIONG, 440, BUKIT BATOK WEST AVENUE 8, #01-10, MULTI STOREY CAR PARK, SINGAPORE(650440)"
SHENG SIONG SUPERMARKET PTE LTD,27/07/2026 - 26/07/2027,"SHENGSIONG, 675, YISHUN AVENUE 4, #01-10, SINGAPORE(760675)"
NTUC FAIRPRICE CO-OPERATIVE LTD,27/07/2026 - 26/07/2027,"FAIRPRICE FINEST, 598, YISHUN RING ROAD, #01-01, WISTERIA MALL, SINGAPORE(768698)"
AJMAL TRADING GROUP PTE. LTD.,03/08/2026 - 02/08/2027,"AJMAL TRADING GROUP PTE LTD, 2, WOODLANDS SECTOR 2, #01-05, WESTLITE WOODLANDS DOMITORY, SINGAPORE(737723)"
7-ELEVEN,03/08/2026 - 02/08/2027,"7-ELEVEN, 122, GEYLANG EAST CENTRAL, #01-88, GEYLANG EAST GROVE, SINGAPORE(380122)"
ZO QUEST,07/08/2025 - 06/08/2026,"ZO QUEST III MART, 810, GEYLANG ROAD, #01-49, CITY PLAZA, SINGAPORE(409286)"
AMOUR ENTERPRISE,08/08/2026 - 07/08/2027,"AMOUR MINIMART, 82, BEDOK NORTH ROAD, #01-320, SINGAPORE(460082)"
SOS RESTAURANTS PTE. LTD.,13/08/2025 - 12/08/2026,"SOS, 6, MARINA BOULEVARD, #01-18, THE SAIL @ MARINA BAY, SINGAPORE(018985)"
WELCOME TRADING AND SUPERMART,22/08/2026 - 21/08/2027,"WELCOME TRADING AND SUPERMART, 274D, COMPASSVALE BOW, #01-04, SINGAPORE(544274)"
LG ONE MORE CUP PTE. LTD.,24/08/2025 - 23/08/2026,"LG ONE MORE CUP PTE LTD, 7, KEPPEL ROAD, #01-03, TANJONG PAGAR COMPLEX (DRINK COUNTER), SINGAPORE(089053)"
SUPERLUCK FOOD COURT PTE. LTD.,28/08/2025 - 27/08/2026,"SUPERLUCK FOOD COURT PTE LTD, 440, BUKIT BATOK WEST AVENUE 8, #01-01, MULTI STOREY CAR PARK (DRINK COUNTER), SINGAPORE(650440)"
FORTUNE SUPERMARKET PTE. LTD.,31/08/2025 - 30/08/2026,"FORTUNE, 233, LORONG 8 TOA PAYOH, #01-260, TOA PAYOH EIGHT, SINGAPORE(310233)"
7-ELEVEN,31/08/2025 - 30/08/2026,"7-ELEVEN, 213, BUKIT BATOK STREET 21, #01-215, SINGAPORE(650213)"
U STARS PTE. LTD.,31/08/2025 - 30/08/2026,"U SUPERMARKET, 625, ELIAS ROAD, #01-302, ELIAS MALL, SINGAPORE(510625)"
AFTER ME PATISSERIE (PRIVATE LIMITED),04/09/2025 - 03/09/2026,"AFTER ME PATISSERIE, 224A, SUMANG LANE, #01-03, MATILDA EDGE, SINGAPORE(821224)"
NIKITHA TRADING SUPER MART PTE. LTD.,05/09/2025 - 04/09/2026,"NIKITHA TRADING SUPER MART PTE. LTD., 14, NORRIS ROAD, #01-01, SINGAPORE(208256)"
JJ BAZAAR,08/09/2025 - 07/09/2026,"JJ WINES, 1, JALAN PAPAN, #01-02, TERUSAN RECREATION CENTRE (DRINK COUNTER), SINGAPORE(619392)"
CHEERS HOLDINGS (2004) PTE. LTD.,14/09/2025 - 13/09/2026,"CHEERS, 2, HANDY ROAD, #01-14, THE CATHAY, SINGAPORE(229233)"
WAN FU PTE. LTD.,14/09/2025 - 13/09/2026,"FU, 1, BEACH ROAD, #01-4757, BEACH ROAD GARDENS (DRINK COUNTER), SINGAPORE(190001)"
7-ELEVEN,21/09/2025 - 20/09/2026,"7-ELEVEN, 21, PASIR RIS GROVE, #01-31, COCO PALMS, SINGAPORE(518070)"
RANESH MINIMART,28/09/2025 - 27/09/2026,"RANESH MINI MART, 272, TAMPINES STREET 22, #01-18B, SINGAPORE(520272)"
BAN LOONG FOOD HOLDINGS PTE. LTD.,28/09/2025 - 27/09/2026,"YONG LI COFFEE STATION, 105, CANBERRA STREET, #01-01, (DRINK COUNTER), SINGAPORE(750105)"
7-ELEVEN,29/09/2025 - 28/09/2026,"7-ELEVEN, 45, SYED ALWI ROAD, #01-01, SINGAPORE(207636)"
U STARS PTE. LTD.,29/09/2025 - 28/09/2026,"U STARS SUPERMARKET, 201A, TAMPINES STREET 21, #01-1059, (1ST FLOOR), SINGAPORE(521201)"
SHENG SIONG SUPERMARKET PTE LTD,29/09/2025 - 28/09/2026,"SHENGSIONG, 785E, WOODLANDS RISE, #01-01, SINGAPORE(735785)"
7 STARS (G1) PTE. LTD.,29/09/2025 - 28/09/2026,"7-STARS, 338, ANCHORVALE CRESCENT, #01-01, MULTI STOREY CAR PARK (DRINK COUNTER), SINGAPORE(540338)"
RASUL MINI MART,05/10/2025 - 04/10/2026,"RASUL MINIMART, 108, BEDOK RESERVOIR ROAD, #01-K1, EUNOS VISTA, SINGAPORE(470108)"
FORTUNE SUPERMARKET PTE. LTD.,05/10/2025 - 04/10/2026,"FORTUNE, 322, HOUGANG AVENUE 5, #01-80, SINGAPORE(530322)"
JPJ F&B PTE. LTD.,05/10/2025 - 04/10/2026,"RUI SHENG CAN TING, 29, MANDAI ESTATE, #01-06, INNOVATION PLACE (DRINK COUNTER), SINGAPORE(729932)"
UNITED GLOBAL MARKETING PTE. LTD.,05/10/2025 - 04/10/2026,"VANILLA MART, 122A, EDGEDALE PLAINS, #01-183, PUNGGOL EDGE, SINGAPORE(821122)"
S-11 FOODCOURT,10/10/2025 - 09/10/2026,"S11 FOODCOURT, 504, BISHAN STREET 11, #01-444, (DRINK COUNTER), SINGAPORE(570504)"
S-11 (WOODLAND) FOOD COURT,10/10/2025 - 09/10/2026,"S11, 302, WOODLANDS STREET 31, #01-277, (DRINK COUNTER), SINGAPORE(730302)"
S-11 (AMK) FOOD GATHERING,10/10/2025 - 09/10/2026,"S11, 711, ANG MO KIO AVENUE 8, #01-3501, (DRINK COUNTER), SINGAPORE(560711)"
NPS IMPEX PTE. LTD.,11/10/2025 - 10/10/2026,"NPS IMPEX PTE LTD, 316B, ANG MO KIO STREET 31, #01-09, TECK GHEE VISTA, SINGAPORE(563316)"
SHENG SIONG SUPERMARKET PTE LTD,12/10/2025 - 11/10/2026,"SHENGSIONG, 573, WOODLANDS DRIVE 16, #02-01, SINGAPORE(730573)"
7-ELEVEN,12/10/2025 - 11/10/2026,"7-ELEVEN, 3, TEMASEK BOULEVARD, #01-644, SUNTEC CITY MALL, SINGAPORE(038983)"
CHENNAI TRADING & SUPERMART PTE. LTD.,19/10/2025 - 18/10/2026,"CHENNAI TRADING & SUPERMART PTE LTD, 301, UBI AVENUE 1, #01-301, SINGAPORE(400301)"
VIJAY STORE PTE. LTD.,23/10/2025 - 22/10/2026,"VIJAY STORE, 428, JURONG WEST AVENUE 1, #01-246, SINGAPORE(640428)"
S-11 (CHOA CHU KANG) FOOD COURT,25/10/2025 - 24/10/2026,"S11, 787B, CHOA CHU KANG DRIVE, #01-241, (DRINK COUNTER), SINGAPORE(681787)"
SINGAPORE PETROLEUM COMPANY LIMITED,26/10/2025 - 25/10/2026,"CHOICES, 10, SUMANG LINK, SPC PETROL SERVICE, SINGAPORE(828805)"
SUNSHINE SUPERMARKET PTE. LTD.,31/10/2025 - 30/10/2026,"SUNSHINE MART, 39, WOODLANDS CLOSE, #01-67, MEGA@WOODLANDS, SINGAPORE(737856)"
SINOPEC HONG KONG (SINGAPORE) PTE. LTD.,01/11/2025 - 31/10/2026,"EASY JOY, 301, YISHUN AVENUE 1, SINOPES PETROL SERVICE, SINGAPORE(769141)"
108 COFFEE F&B PTE. LTD.,01/11/2025 - 31/10/2026,"JOO KOON EATING HOUSE, 3, JOO KOON CIRCLE, (DRINK COUNTER), SINGAPORE(629032)"
ALFA MARKETING PTE. LTD.,01/11/2025 - 31/10/2026,"ALFA H MART, 1, CANTONMENT ROAD, #01-07, THE PINNACLE @ DUXTON, SINGAPORE(080001)"
SHENG SIONG SUPERMARKET PTE LTD,04/11/2025 - 03/11/2026,"SHENGSIONG, 1, WOODLANDS ROAD, #01-07, JUNCTION 10, SINGAPORE(677899)"
G10 MINIMART,04/11/2025 - 03/11/2026,"G10 MINIMART, 447, BUKIT BATOK WEST AVENUE 9, #01-06, SINGAPORE(650447)"
BEST CAFE FOOD CENTRE (KHATIB) PTE. LTD.,07/11/2025 - 06/11/2026,"BEST CAFE, 291, YISHUN STREET 22, #01-369, (DRINK COUNTER), SINGAPORE(760291)"
GOLDENBRIGHT FAMILY,08/11/2025 - 07/11/2026,"GOLDEN BRIGHT FAMILY COFFEESHOP, 6D, MANDAI ESTATE, #01-01, M-SPACE (DRINK COUNTER), SINGAPORE(729938)"
7-ELEVEN,10/11/2025 - 09/11/2026,"7-ELEVEN, 3, BELILIOS ROAD, #01-01, HILTON GARDEN INN SINGAPORE SERANGOON, SINGAPORE(219924)"
SHENG SIONG SUPERMARKET PTE LTD,10/11/2025 - 09/11/2026,"SHENG SIONG, 451, BUKIT BATOK WEST AVENUE 6, #01-10, MULTI STOREY CAR PARK, SINGAPORE(650451)"
SHUNLI WANT PTE. LTD.,12/11/2025 - 11/11/2026,"SHUN LI WANT, 828, TAMPINES STREET 81, #01-228A, TAMPINES GROVE, SINGAPORE(520828)"
LEE SAW EAN,15/11/2025 - 14/11/2026,"HO PENG COFFEE STALL, 1, KADAYANALLUR STREET, #01-27, MAXWELL FOOD CENTRE, SINGAPORE(069184)"
TALIF COSMETICS,16/11/2025 - 15/11/2026,"YES! XCHANGE, 510, TAMPINES CENTRAL 1, #01-250D, SINGAPORE(520510)"
HOMEZONE HOUSEHOLD APPLIANCE,17/11/2025 - 16/11/2026,"HOMEZONE HOUSEHOLD APPLIANCE, 451, BUKIT BATOK WEST AVENUE 6, #01-08, MULTI STOREY CAR PARK, SINGAPORE(650451)"
CAFE 107 PTE. LTD.,19/11/2025 - 18/11/2026,"CAFE 107, 107, SERANGOON NORTH AVENUE 1, #01-671, (DRINK COUNTER), SINGAPORE(550107)"
7-ELEVEN,23/11/2025 - 22/11/2026,"7-ELEVEN, 513, YISHUN STREET 51, #01-02, SARACA BREEZE @ YISHUN, SINGAPORE(760513)"
KOUFU PTE LTD,23/11/2025 - 22/11/2026,"HAPPY HAWKERS, 1, TAMPINES NORTH DRIVE 1, #01-34, T-SPACE (DRINK COUNTER), SINGAPORE(528559)"
7-ELEVEN,23/11/2025 - 22/11/2026,"7-ELEVEN, 825, TAMPINES STREET 81, #01-46, TAMPINES GROVE, SINGAPORE(520825)"
7-ELEVEN,23/11/2025 - 22/11/2026,"7-ELEVEN, 991, BUANGKOK LINK, #02-12, MULTI STOREY CAR PARK, SINGAPORE(530991)"
7-ELEVEN,23/11/2025 - 22/11/2026,"7-ELEVEN, 1, VISTA EXCHANGE GREEN, #01-34, THE STAR, SINGAPORE(138617)"
7-ELEVEN,23/11/2025 - 22/11/2026,"7-ELEVEN, 6, RAFFLES BOULEVARD, #03-206, MARINA SQUARE, SINGAPORE(039594)"
NAJLA TRADING PTE. LTD.,27/11/2025 - 26/11/2026,"NAJLA TRADING PTE LTD, 150, ORCHARD ROAD, #01-41, ORCHARD PLAZA, SINGAPORE(238841)"
NPS RESTAURANT PTE. LTD.,28/11/2025 - 27/11/2026,"NPS RESTAURANT, 21, TUAS VIEW SQUARE, (DRINK COUNTER), SINGAPORE(637640)"
NPS RESTAURANT & CATERING PTE. LTD.,01/12/2025 - 30/11/2026,"NPS RESTAURANT & CATERING PTE. LTD, 123, TUAS VIEW WALK 1, WESTLINK TECHPARK, SINGAPORE(637738)"
U STARS PTE. LTD.,01/12/2025 - 30/11/2026,"U STARS SUPERMARKET, 43, LORONG 25 GEYLANG, SINGAPORE(388309)"
7-ELEVEN,01/12/2025 - 30/11/2026,"7-ELEVEN, 258, PASIR RIS STREET 21, #01-08, LOYANG POINT, SINGAPORE(510258)"
NANDHA MART PTE. LTD.,05/12/2025 - 04/12/2026,"NANDHA MART PTE LTD, 7, TAMPINES STREET 32, #01-07, SINGAPORE(529285)"
S111 PTE. LTD.,07/12/2025 - 06/12/2026,"S111 EATING HOUSE, 26A, KALLANG PLACE, (DRINK COUNTER), SINGAPORE(339212)"
JMD RETAIL PTE. LTD.,07/12/2025 - 06/12/2026,"JMD SUPERMARKET, 330, TANJONG KATONG ROAD, SINGAPORE(437106)"
YAK HONG KOPITIAM PTE. LTD.,13/12/2025 - 12/12/2026,"YAK HONG, 442, JURONG WEST AVENUE 1, #01-758, (DRINK COUNTER), SINGAPORE(640442)"
COLD STORAGE SINGAPORE (1983) PTE LTD,14/12/2025 - 13/12/2026,"JASONS DELI, 8A, MARINA BOULEVARD, #B2-49, MARINA BAY LINK MALL, SINGAPORE(018984)"
HUI SHANG (GROUP) SINGAPORE PTE. LTD.,15/12/2025 - 14/12/2026,"ASIA MART, 112, BUKIT PURMEI ROAD, #01-213, BUKIT PURMEI VILLE, SINGAPORE(090112)"
SUNRIC PTE. LTD.,20/12/2025 - 19/12/2026,"SUNRIC PTE LTD, 112, TELOK KURAU ROAD, SINGAPORE(423800)"
7-ELEVEN,21/12/2025 - 20/12/2026,"7-ELEVEN, 8A, MARINA BOULEVARD, #B2-56, MARINA BAY LINK MALL, SINGAPORE(018984)"
GOOD PRICE HUB PTE. LTD.,21/12/2025 - 20/12/2026,"GOOD PRICE HUB, 95, LORONG 4 TOA PAYOH, #01-64, TOA PAYOH PALM SPRING, SINGAPORE(310095)"
7-ELEVEN,21/12/2025 - 20/12/2026,"7-ELEVEN, 6, RAFFLES BOULEVARD, #01-206, MARINA SQUARE, SINGAPORE(039594)"
7-ELEVEN,21/12/2025 - 20/12/2026,"7-ELEVEN, 510, LORONG 6 TOA PAYOH, #B1-01, TOA PAYOH MRT STATION, SINGAPORE(319398)"
7-ELEVEN,21/12/2025 - 20/12/2026,"7-ELEVEN, 5, STRAITS VIEW, #01-28, THE HEART, SINGAPORE(018935)"
LEI YUEN COFFEE & TEA PTE. LTD.,27/12/2025 - 26/12/2026,"LEI YUEN DELIGHTS, 308, CLEMENTI AVENUE 4, #01-361, CLEMENTI MEADOWS (DRINK COUNTER), SINGAPORE(120308)"
DUAL-N TRADING PTE. LTD.,28/12/2025 - 27/12/2026,"DOWNSTAIRS MART, 26, NEW UPPER CHANGI ROAD, #01-664, SINGAPORE(462026)"
7-ELEVEN,03/01/2026 - 02/01/2027,"7-ELEVEN, 7, FRASER STREET, #B3-04, DUO GALLERIA, SINGAPORE(189356)"
W573 F&B PTE. LTD.,08/01/2026 - 07/01/2027,"GRAINS & HOPS, 117, KILLINEY ROAD, (DRINK COUNTER), SINGAPORE(239554)"
BEDOK 128 FOODHOUSE,14/01/2026 - 13/01/2027,"BEDOK 128 FOODHOUSE, 128, BEDOK NORTH STREET 2, #01-02, (DRINK COUNTER), SINGAPORE(460128)"
SRI KALIGAMBAL ENTERPRISES PTE. LTD.,17/01/2026 - 16/01/2027,"SK SNACK BAR, 7, KAKI BUKIT AVENUE 3, #01-14, KAKI BUKIT RECREATION CENTRE, SINGAPORE(415814)"
531 BEDOK NORTH PTE. LTD.,23/01/2026 - 22/01/2027,"531 BEDOK NORTH EATING HOUSE, 531, BEDOK NORTH STREET 3, #01-680, (DRINK COUNTER), SINGAPORE(460531)"
RISING SUN MANAGEMENT SERVICE,23/01/2026 - 22/01/2027,"SHELL SELECT, 314, DUNEARN ROAD, SHELL PETROL SERVICE, SINGAPORE(299551)"
RISING SUN MANAGEMENT SERVICE,23/01/2026 - 22/01/2027,"SHELL SELECT, 648, DUNEARN ROAD, SHELL PETROL SERVICE, SINGAPORE(289629)"
GOOD PRICE UNDERGROUND SUPERMARKET PTE. LTD.,29/01/2026 - 28/01/2027,"GOOD PRICE UNDERGROUND SUPERMARKET PTE LTD, 539, HOUGANG STREET 52, #B1-48, SINGAPORE(530539)"
HAO MART PTE. LTD.,02/02/2026 - 01/02/2027,"HAO HALAL HUB, 220, PASIR RIS STREET 21, #01-170, SINGAPORE(510220)"
MOHAMED MUSTAFA & SAMSUDDIN CO. PTE LTD,09/02/2026 - 08/02/2027,"MOHAMED MUSTAFA & SAMSUDDIN CO. PTE LTD, 200-1, SYED ALWI ROAD, #01-00, SINGAPORE(207733)"
7-ELEVEN,09/02/2026 - 08/02/2027,"7-ELEVEN, 639, PUNGGOL DRIVE, #01-02, THE MEADOWS, SINGAPORE(820639)"
BUZZ SHOP PTE. LTD.,09/02/2026 - 08/02/2027,"BUZZ, 1, ROCHOR CANAL ROAD, #01-25, SIM LIM SQUARE, SINGAPORE(188504)"
SINOPEC HONG KONG (SINGAPORE) PTE. LTD.,09/02/2026 - 08/02/2027,"EASY JOY, 623A, BUKIT TIMAH ROAD, SINGAPORE(269733)"
ORANGE 7 PTE. LTD.,19/02/2026 - 18/02/2027,"ORANGE 7 CANTEEN, 18, TUAS AVENUE 7, (DRINK COUNTER), SINGAPORE(639272)"
KOUFU PTE LTD,22/02/2026 - 21/02/2027,"HAPPY HAWKERS, 872C, TAMPINES STREET 86, #01-09, (DRINK COUNTER), SINGAPORE(523872)"
NTUC FAIRPRICE CO-OPERATIVE LTD,22/02/2026 - 21/02/2027,"FAIRPRICE FINEST, 111, SOMERSET ROAD, #01-21, TRIPLEONE SOMERSET, SINGAPORE(238164)"
S K SUPERMART & TRADING PTE. LTD.,22/02/2026 - 21/02/2027,"S K SUPERMART, 557, JURONG WEST STREET 42, #01-391, SINGAPORE(640557)"
HIMALAYAN PTE. LTD.,26/02/2026 - 25/02/2027,"PARISHA MART, 2, UPPER ALJUNIED LANE, #01-01B, JOO SENG GREEN, SINGAPORE(360002)"
MEADOWS MART PTE. LTD.,28/02/2026 - 27/02/2027,"HAPPYES CONVENIENCE STORE, 201, TELOK KURAU ROAD, #01-07, SINGAPORE(423910)"
7-ELEVEN,01/03/2026 - 28/02/2027,"7-ELEVEN, 6A, SHENTON WAY, #03-31, SINGAPORE(068815)"
XIN SHUN FA MINIMART,02/03/2026 - 01/03/2027,"U MART, 22, SIN MING ROAD, #01-234, SIN MING VILLE, SINGAPORE(570022)"
DANDARI PTE. LTD.,02/03/2026 - 01/03/2027,"DANDARI, 111, NORTH BRIDGE ROAD, #01-20, PENINSULA PLAZA, SINGAPORE(179098)"
LI LINHUI,03/03/2026 - 02/03/2027,"HU RU BEVERAGE, 1, KADAYANALLUR STREET, #01-75, MAXWELL FOOD CENTRE, SINGAPORE(069184)"
KOUFU PTE LTD,08/03/2026 - 07/03/2027,"KOUFU, 991, BUANGKOK LINK, #02-21, MULTI STOREY CAR PARK (DRINK COUNTER), SINGAPORE(530991)"
PRIME SUPERMARKET (1996) PTE LTD,08/03/2026 - 07/03/2027,"PRIME FOOD & GROCER, 991, BUANGKOK LINK, #01-28, MULTI STOREY CAR PARK, SINGAPORE(530991)"
W573 F&B PTE. LTD.,08/03/2026 - 07/03/2027,"FOOD HUB, 48, TOH GUAN ROAD EAST, #01-127, ENTERPRISE HUB (DRINK COUNTER), SINGAPORE(608586)"
YEEFU FOOD POINT PTE. LTD.,09/03/2026 - 08/03/2027,"BILLION FOOD POINT, 4011, ANG MO KIO AVENUE 10, #01-4011, TECHPLACE 1, SINGAPORE(569627)"
ONE SUPERMARKET PTE. LTD.,09/03/2026 - 08/03/2027,"ONE SUPERMARKET, 201B, TAMPINES STREET 21, #01-1091, SINGAPORE(522201)"
HAPPY FAMILY MINIMART,13/03/2026 - 12/03/2027,"HAPPY FAMILY MINIMART, 477, SEMBAWANG DRIVE, #01-395, SINGAPORE(750477)"
H3S+,13/03/2026 - 12/03/2027,"H3S+, 335, HOUGANG AVENUE 7, #01-355, SINGAPORE(530335)"
BEE KEONG RESTAURANT F&B PTE. LTD.,13/03/2026 - 12/03/2027,"BEE KEONG RESTAURANT, 5058, ANG MO KIO INDUSTRIAL PARK 2, #01-1255, ANG MO KIO INDUSTRIAL PARK 2 (DRINK COUNTER), SINGAPORE(569561)"
SM MART PTE. LTD.,14/03/2026 - 13/03/2027,"SM MART, 144, TECK WHYE LANE, #01-201, SINGAPORE(680144)"
ASHRV TRADING PTE. LTD.,14/03/2026 - 13/03/2027,"BOZZ STORES, 84, JALAN SENANG, SINGAPORE(418454)"
FORTUNE SUPERMARKET PTE. LTD.,22/03/2026 - 21/03/2027,"FORTUNE, 164, TAMPINES STREET 12, #01-299, SINGAPORE(521164)"
NTUC FAIRPRICE CO-OPERATIVE LTD,22/03/2026 - 21/03/2027,"FAIRPRICE, 500, LORONG 6 TOA PAYOH, #B1-32, HDB HUB, SINGAPORE(310500)"
SS BROTHERS GLOBAL PTE. LTD.,28/03/2026 - 27/03/2027,"SS BROTHERS GLOBAL PTE LTD, 6, ROWELL ROAD, SINGAPORE(207964)"
BUKIT BATOK 265 KOPI PLACE PTE. LTD.,29/03/2026 - 28/03/2027,"DETIAN, 265, BUKIT BATOK EAST AVENUE 4, #01-405, (DRINK COUNTER), SINGAPORE(650265)"
TAWFIQA TRADING PTE. LTD.,29/03/2026 - 28/03/2027,"TAWFIQA TRADING PTE LTD, 528, HOUGANG AVENUE 6, #01-243, SINGAPORE(530528)"
MEGA 65 KOPI PLACE PTE. LTD.,02/04/2026 - 01/04/2027,"DE TIAN, 39, WOODLANDS CLOSE, #01-65, MEGA@WOODLANDS (DRINK COUNTER), SINGAPORE(737856)"
IRON CHEF F&B PTE. LTD.,02/04/2026 - 01/04/2027,"FOOD LOFT, 217, BEDOK NORTH STREET 1, #01-77, (DRINK COUNTER), SINGAPORE(460217)"
IRON CHEF F&B PTE. LTD.,02/04/2026 - 01/04/2027,"FOOD LOFT, 3014B, UBI ROAD 1, (DRINK COUNTER), SINGAPORE(408722)"
FORTUNE SUPERMARKET PTE. LTD.,05/04/2026 - 04/04/2027,"FORTUNE, 665A, PUNGGOL DRIVE, #01-01, WATERWAY WOODCRESS, SINGAPORE(821665)"
NTUC FAIRPRICE CO-OPERATIVE LTD,05/04/2026 - 04/04/2027,"FAIRPRICE FINEST, 78, AIRPORT BOULEVARD, #B2-205, SINGAPORE(819666)"
116 ALJUNIED F&B PTE. LTD.,11/04/2026 - 10/04/2027,"YONG LI COFFEE STATION, 116, ALJUNIED AVENUE 2, #01-55, (DRINK COUNTER), SINGAPORE(380116)"
IRON CHEF F&B PTE. LTD.,12/04/2026 - 11/04/2027,"476 FOOD LOFT, 476, TAMPINES STREET 44, #01-203, (DRINK COUNTER), SINGAPORE(520476)"
IRON CHEF F&B PTE. LTD.,12/04/2026 - 11/04/2027,"FOOD LOFT, 308, CLEMENTI AVENUE 4, #01-335, CLEMENTI MEADOWS (DRINK COUNTER), SINGAPORE(120308)"
AMMAN VEG TRADING PTE. LTD.,15/04/2026 - 14/04/2027,"AMMAN VEG TRADING PTE LTD, 446, CLEMENTI AVENUE 3, #01-187, SINGAPORE(120446)"
IRON CHEF F&B PTE. LTD.,16/04/2026 - 15/04/2027,"FOODLOFT, 306, WOODLANDS STREET 31, #01-19, (DRINK COUNTER), SINGAPORE(730306)"
BUZZ SHOP PTE. LTD.,19/04/2026 - 18/04/2027,"BUZZ, 70, CHOA CHU KANG LOOP, #01-06, SINGAPORE(689688)"
U STARS PTE. LTD.,19/04/2026 - 18/04/2027,"U SUPERMARKET, 632, BEDOK RESERVOIR ROAD, #01-810, EUNOS GROVE, SINGAPORE(470632)"
7-ELEVEN,19/04/2026 - 18/04/2027,"7-ELEVEN, 319A, ANCHORVALE DRIVE, #01-78, SINGAPORE(541319)"
7-ELEVEN,19/04/2026 - 18/04/2027,"7-ELEVEN, 461, YISHUN AVENUE 6, #01-04, MULTI STOREY CAR PARK, SINGAPORE(760461)"
AJMAL TRADING GROUP PTE. LTD.,19/04/2026 - 18/04/2027,"AJMAL TRADING GROUP PTE LTD, 11, KRANJI CLOSE, #01-02, SINGAPORE(737673)"
ANUA CAFETERIA PRIVATE LIMITED,22/04/2026 - 21/04/2027,"ANUA XPRESS, 55, PASIR PANJANG ROAD, #01-01, PASIR PANJANG FERRY TERMINAL, SINGAPORE(118810)"
OM SRI TRADING PTE. LTD.,23/04/2026 - 22/04/2027,"OM SRI TRADING PTE LTD, 410, BEDOK NORTH AVENUE 2, #01-74, SINGAPORE(460410)"
IRON CHEF F&B PTE. LTD.,24/04/2026 - 23/04/2027,"26 FOOD LOFT, 26, JALAN MEMBINA, #01-10, MEMBINA COURT (DRINK COUNTER), SINGAPORE(161026)"
IRON CHEF F&B PTE. LTD.,24/04/2026 - 23/04/2027,"CHOICE @ 3, 3, ST. GEORGE'S ROAD, #01-67, ST GEORGE'S WEST GARDENS (DRINK COUNTER), SINGAPORE(320003)"
IRON CHEF F&B PTE. LTD.,24/04/2026 - 23/04/2027,"CHOICE @ 215, 215, JURONG EAST STREET 21, #01-541, (DRINK COUNTER), SINGAPORE(600215)"
IRON CHEF F&B PTE. LTD.,24/04/2026 - 23/04/2027,"FOODHUB159, 159A, HOUGANG STREET 11, #01-02, MULTI STOREY CAR PARK (DRINK COUNTER), SINGAPORE(531159)"
IRON CHEF F&B PTE. LTD.,29/04/2026 - 28/04/2027,"FOOD LOFT @ 10, 10, LORONG BAKAR BATU, (DRINK COUNTER), SINGAPORE(348744)"
SRI PERIYAKARUPPAN TRADING PTE. LTD.,01/05/2026 - 30/04/2027,"PKC MINI MART, 227, TAMPINES STREET 23, #01-K1, SINGAPORE(521227)"
UDAYA TRADING PTE. LTD.,02/05/2026 - 01/05/2027,"UDAYA TRADING PTE LTD, 741, BEDOK RESERVOIR ROAD, #01-3077B, SINGAPORE(470741)"
IBRAHIM TRADING,04/05/2026 - 03/05/2027,"IBRAHIM TRADING, 411, COMMONWEALTH AVENUE WEST, #01-3075, WEST COAST COURT, SINGAPORE(120411)"
IRON CHEF F&B PTE. LTD.,07/05/2026 - 06/05/2027,"FOODLOFT, 56, LORONG 25A GEYLANG, (DRINK COUNTER), SINGAPORE(388248)"
IRON CHEF F&B PTE. LTD.,08/05/2026 - 07/05/2027,"CHOICE @ 338, 338, ANG MO KIO AVENUE 1, #01-1639, TECK GHEE COURT (DRINK COUNTER), SINGAPORE(560338)"
IRON CHEF F&B PTE. LTD.,09/05/2026 - 08/05/2027,"FOOD LOFT, 51, HAVELOCK ROAD, #01-06, HAVELOCK VIEW (DRINK COUNTER), SINGAPORE(161051)"
7-ELEVEN,10/05/2026 - 09/05/2027,"7-ELEVEN, 23, NEW BRIDGE ROAD, #01-01, SINGAPORE(059389)"
7-ELEVEN,10/05/2026 - 09/05/2027,"7-ELEVEN, 16, BAGHDAD STREET, SINGAPORE(199655)"
7 STARS (693) PTE. LTD.,10/05/2026 - 09/05/2027,"7 STARS, 693, WOODLANDS AVENUE 6, #01-10, MULTI STOREY CAR PARK (DRINK COUNTER), SINGAPORE(730693)"
LEEDS SUPERMARKET PTE. LTD.,21/05/2026 - 20/05/2027,"LEEDS MART, 509, SERANGOON NORTH AVENUE 4, #01-360, SINGAPORE(550509)"
YAK HONG PRIVATE LIMITED,25/05/2026 - 24/05/2027,"YAK HONG FAMILY MART, 140, CORPORATION DRIVE, #01-06, MULTI STOREY CAR PARK, SINGAPORE(610140)"
A1 CHEAP & BEST STORE PTE. LTD.,28/05/2026 - 27/05/2027,"A1 CHEAP & BEST STORE PTE LTD, 145, DUNLOP STREET, (LEVEL ONE), SINGAPORE(209463)"
ACE MINIMART PTE. LTD.,30/05/2026 - 29/05/2027,"ACE MINIMART, 493E, TAMPINES STREET 43, #01-326, SINGAPORE(524493)"
A.N.K. HOUSEHOLD APPLIANCES PTE. LTD.,31/05/2026 - 30/05/2027,"A.N.K. HOUSEHOLD APPLIANCES PTE. LTD., 573, WOODLANDS DRIVE 16, #01-03, SINGAPORE(730573)"
FU CHAN F&B GROUP PTE. LTD.,01/06/2026 - 31/05/2027,"FU CHAN F&B GROUP PTE. LTD., 150, SOUTH BRIDGE ROAD, #01-17, FOOK HAI BUILDING (DRINK COUNTER), SINGAPORE(058727)"
7-ELEVEN,01/06/2026 - 31/05/2027,"7-ELEVEN, 1, SHENTON WAY, #01-01, ONE SHENTON, SINGAPORE(068803)"
SHENG SIONG SUPERMARKET PTE LTD,01/06/2026 - 31/05/2027,"SHENG SIONG, 231, SUMANG LANE, #01-02, SINGAPORE(820231)"
SHENG SIONG SUPERMARKET PTE LTD,01/06/2026 - 31/05/2027,"SHENG SIONG, 292, BUKIT BATOK EAST AVENUE 6, #01-02, MULTI STOREY CAR PARK, SINGAPORE(650292)"
SHENG SIONG SUPERMARKET PTE LTD,01/06/2026 - 31/05/2027,"SHENG SIONG, 351, ANCHORVALE ROAD, #01-05, MULTI STOREY CAR PARK, SINGAPORE(540351)"
NTUC FAIRPRICE CO-OPERATIVE LTD,01/06/2026 - 31/05/2027,"FAIRPRICE, 51, UPPER SERANGOON ROAD, #01-32, THE POIZ CENTRE, SINGAPORE(347697)"
W573 F&B PTE. LTD.,01/06/2026 - 31/05/2027,"GRAINS & HOPS, 494, TAMPINES STREET 45, #01-06, (DRINK COUNTER), SINGAPORE(523494)"
SALLY MINMART,01/06/2026 - 31/05/2027,"SALLY MINMART, 25, EUNOS CRESCENT, #01-3063, SINGAPORE(400025)"
GHK @ KHATIB PTE. LTD.,03/06/2026 - 02/06/2027,"GHK @ KHATIB, 848, YISHUN STREET 81, #01-126, KHATIB CENTRAL (DRINK COUNTER), SINGAPORE(760848)"
NTUC FAIRPRICE CO-OPERATIVE LTD,08/06/2026 - 07/06/2027,"FAIRPRICE EXTRA, 1, HARBOURFRONT WALK, #B2-23, VIVO CITY, SINGAPORE(098585)"
PRIME SUPERMARKET (1996) PTE LTD,08/06/2026 - 07/06/2027,"PRIME FOOD & GROCER, 461, YISHUN AVENUE 6, #01-01, MULTI STOREY CAR PARK, SINGAPORE(760461)"
M28 MINIMART,08/06/2026 - 07/06/2027,"M28 MINIMART, 635C, SENJA ROAD, #01-04, SENJA GATEWAY, SINGAPORE(673635)"
THE OAKS CELLARS PTE LTD,08/06/2026 - 07/06/2027,"THE OAKS CELLARS, 1, KIM SENG PROMENADE, #B2-108, GREAT WORLD CITY, SINGAPORE(237994)"
NTUC FAIRPRICE CO-OPERATIVE LTD,08/06/2026 - 07/06/2027,"FAIRPRICE FINEST, 107, NORTH BRIDGE ROAD, #B1-10, SINGAPORE(179105)"
GOOD PRICE CENTRE,08/06/2026 - 07/06/2027,"GOOD PRICE CENTRE, 21, HOUGANG STREET 51, #01-31, HOUGANG GREEN SHOPPING MALL, SINGAPORE(538719)"
CHEERS HOLDINGS (2004) PTE. LTD.,14/06/2026 - 13/06/2027,"CHEERS, 1, HARBOURFRONT WALK, #01-23A, VIVO CITY, SINGAPORE(098585)"
61 KOPI BREWERIES PTE. LTD.,15/06/2026 - 14/06/2027,"KOPI BREWERIES, 61, KAKI BUKIT AVENUE 1, #01-05, SHUN LI INDUSTRIAL PARK (DRINK COUNTER), SINGAPORE(417943)"
907 KOPI BREWERIES PTE. LTD.,15/06/2026 - 14/06/2027,"KOPI BREWERIES, 907, JURONG WEST STREET 91, #01-195, (DRINK COUNTER), SINGAPORE(640907)"
BROADWAY FOOD CENTRE (HOLDINGS) PTE LTD,21/06/2026 - 20/06/2027,"BROADWAY FOOD CENTRE (HOLDINGS) PTE LTD, 431, YISHUN AVENUE 1, #01-01, VISTA SPRING @ YISHUN (DRINK COUNTER), SINGAPORE(760431)"
HP POWER PTE. LTD.,21/06/2026 - 20/06/2027,"POWER GROUP, 201E, TAMPINES STREET 23, #01-72, SINGAPORE(527201)"
KOUFU PTE LTD,21/06/2026 - 20/06/2027,"HAPPY HAWKERS, 289C, COMPASSVALE CRESCENT, #01-01, (DRINK COUNTER), SINGAPORE(543289)"
RAINBOW RICE HOUSE,21/06/2026 - 20/06/2027,"RAINBOW RICE HOUSE, 43, NORTH CANAL ROAD, LEVEL 1 (DRINK COUNTER), SINGAPORE(059299)"
33 FOOD KAMPONG PTE. LTD.,22/06/2026 - 21/06/2027,"33 SEMBAWANG EATING HOUSE, 33, SEMBAWANG ROAD, #01-04, HONG HENG GARDEN (DRINK COUNTER), SINGAPORE(779084)"
SG-11 (TAMPINES 9008) PTE. LTD.,27/06/2026 - 26/06/2027,"SG-11 (TAMPINES 9008) PTE LTD, 9008, TAMPINES STREET 93, #01-09, TAMPINES INDUSTRIAL PARK A (DRINK COUNTER), SINGAPORE(528843)"
HONG YUN CATERING SERVICES PTE. LTD.,28/06/2026 - 27/06/2027,"128 FOOD COURT, 128, TUAS SOUTH AVENUE 3, #01-01, JTC SPACE @ TUAS BIOMEDICAL PARK, SINGAPORE(637370)"
SATHYA TRADING PTE. LTD.,28/06/2026 - 27/06/2027,"SATHYA TRADING PTE LTD, 184, JOO CHIAT ROAD, SINGAPORE(427455)"
FREE & EASY PTE. LTD.,01/07/2026 - 30/06/2027,"FREE & EASY PTE LTD, 431, CLEMENTI AVENUE 3, #01-332, SINGAPORE(120431)"
SRI SAI KRUPA TRADING PTE. LTD.,03/07/2026 - 02/07/2027,"SRI SAI KRUPA TRADING PTE LTD, 103, YISHUN RING ROAD, #01-105, SINGAPORE(760103)"
C & L FOOD PTE. LTD.,04/07/2026 - 03/07/2027,"CHEONG HENG, 47, KALLANG PUDDING ROAD, #01-06, THE CRESCENT @ KALLANG (DRINK COUNTER), SINGAPORE(349318)"
W573 F&B PTE. LTD.,05/07/2026 - 04/07/2027,"GRAINS & HOPS, 78, CIRCUIT ROAD, #01-470, BALAM GARDENS (DRINK COUNTER), SINGAPORE(370078)"
KAVI TRADERS PTE. LTD.,05/07/2026 - 04/07/2027,"KAVI MINIMART, 501A, WELLINGTON CIRCLE, #01-26, MONTREAL SPRING, SINGAPORE(751501)"
U STARS PTE. LTD.,05/07/2026 - 04/07/2027,"U STARS SUPERMARKET, 291, YISHUN STREET 22, #01-391, SINGAPORE(760291)"
BUZZ SHOP PTE. LTD.,05/07/2026 - 04/07/2027,"BUZZ, 512, TAMPINES CENTRAL 1, #01-04, SINGAPORE(520512)"
7-ELEVEN,05/07/2026 - 04/07/2027,"7-ELEVEN, 178, TELOK AYER STREET, SINGAPORE(068626)"
HUANGS,06/07/2026 - 05/07/2027,"HUANGS, 601A, JURONG WEST STREET 62, #01-01, MULTI STOREY CAR PARK, SINGAPORE(641601)"
MEI CHENG FOOD JUNCTION PTE. LTD.,11/07/2026 - 10/07/2027,"MEI CHENG FOOD JUNCTION PTE LTD, 168, BEDOK SOUTH AVENUE 3, #01-471, (DRINK COUNTER), SINGAPORE(460168)"
ZENITH MANAGEMENT CONSULTANT,12/07/2026 - 11/07/2027,"SHELL SELECT, 61, SENGKANG EAST ROAD, SHELL PETROL SERVICE, SINGAPORE(545015)"
ZENITH MANAGEMENT CONSULTANT,12/07/2026 - 11/07/2027,"SHELL SELECT, 298, YIO CHU KANG ROAD, SHELL PETROL SERVICE, SINGAPORE(805908)"
PARK (E) CRESCENT FOOD HOUSE PTE. LTD.,19/07/2026 - 18/07/2027,"PARK (E) CRESCENT FOOD HOUSE PTE LTD, 211, MARSILING CRESCENT, #01-211, (DRINK COUNTER), SINGAPORE(730211)"
SEASON LIQUOR HOUSE,19/07/2026 - 18/07/2027,"SEASON LIQUOR HOUSE, 408, ANG MO KIO AVENUE 10, #01-801B, TECK GHEE SQUARE, SINGAPORE(560408)"
ONG BOON SENG,19/07/2026 - 18/07/2027,"MUIYEE 2, 49, SIMS PLACE, #01-80, FOOD CENTRE, SINGAPORE(380049)"
VCM MART,25/07/2026 - 24/07/2027,"VCM MART, 208, JURONG EAST STREET 21, #01-K1, JURONG EAST VIEW, SINGAPORE(600208)"
TEMPLE STREET CAFE,25/07/2026 - 24/07/2027,"TEMPLE STREET CAFE, 39, TEMPLE STREET, #01-01, (DRINK COUNTER), SINGAPORE(058584)"
BUZZ SHOP PTE. LTD.,26/07/2026 - 25/07/2027,"BUZZ, 277C, COMPASSVALE LINK, #01-13, ASPELLA (KIOSK NO. 4), SINGAPORE(543277)"
NOT THE SAME,01/08/2025 - 31/07/2026,"NOT THE SAME, 55, BENOI ROAD, #01-04, SINGAPORE(629907)"
AJMIR STORE PTE. LTD.,02/08/2026 - 01/08/2027,"AJMIR STORE PTE LTD, 70, WOODLANDS AVENUE 7, #02-K2, ADMIRALTY MRT STATION, SINGAPORE(738344)"
THANJAI SOLUTIONS PTE. LTD.,06/08/2025 - 05/08/2026,"THANJAI WINES, 15, VEERASAMY ROAD, SINGAPORE(207323)"
FOOD YO PTE. LTD.,07/08/2025 - 06/08/2026,"FOOD YO, 14, SENOKO SOUTH ROAD, (DRINK COUNTER), SINGAPORE(758075)"
7-ELEVEN,09/08/2025 - 08/08/2026,"7-ELEVEN, 2, GUNNER LANE, #01-03, SINGAPORE(099567)"
NTUC FAIRPRICE CO-OPERATIVE LTD,09/08/2025 - 08/08/2026,"FAIRPRICE FINEST, 10, PAYA LEBAR ROAD, #B2-09, SINGAPORE(409057)"
ONG SOK WAH,17/08/2025 - 16/08/2026,"245, 1220, EAST COAST PARKWAY, #01-002, FOOD CENTRE, SINGAPORE(468960)"
NEW GENERATION HOLDINGS PTE. LTD.,19/08/2025 - 18/08/2026,"NEW GENERATION, 151A, BISHAN STREET 11, #01-01, MULTI STOREY CAR PARK (STALL 6), SINGAPORE(571151)"
KMS MINIMART PTE. LTD.,27/08/2025 - 26/08/2026,"KMS MINIMART PTE LTD, 45, BENDEMEER ROAD, #01-1451, SINGAPORE(330045)"
KVT TRADING PTE. LTD.,27/08/2025 - 26/08/2026,"KVT TRADING PTE LTD, 4A, DEFU SOUTH STREET 2, KIM CHUAN LODGE (DORMITORY), SINGAPORE(533750)"
1588 LE PTE. LTD.,28/08/2025 - 27/08/2026,"1588 LE PTE LTD, 158B, RIVERVALE CRESCENT, #01-695, RIVERVALE VIEW, SINGAPORE(542158)"
SRI ANGALA AMMAN TRADING,28/08/2026 - 27/08/2027,"SRI MINIMART, 431, YISHUN AVENUE 1, #01-02, VISTA SPRING @ YISHUN, SINGAPORE(760431)"
G10 MINIMART,28/08/2025 - 27/08/2026,"G10 MINIMART, 296A, BUKIT BATOK STREET 22, #01-66, SKYLINE II @ BUKIT BATOK, SINGAPORE(651296)"
COLD STORAGE SINGAPORE (1983) PTE LTD,31/08/2025 - 30/08/2026,"COLD STORAGE, 238, THOMSON ROAD, #01-29, NOVENA SQUARE, SINGAPORE(307683)"
298 SNACK SHACK,11/09/2025 - 10/09/2026,"298 SNACK SHACK, 298, TAMPINES STREET 22, #01-K1, SINGAPORE(520298)"
YATA TRADING PTE. LTD.,12/09/2025 - 11/09/2026,"YATA TRADING PTE. LTD., 70, SHENTON WAY, #01-20, EON SHENTON, SINGAPORE(079118)"
TRIPLE N SUPERMART PTE. LTD.,12/09/2025 - 11/09/2026,"TRIPLE N SUPERMART, 28, HAIG ROAD, SINGAPORE(438736)"
QUAICH PTE. LTD.,13/09/2025 - 12/09/2026,"QUAICH PTE LTD, 30, BEACH ROAD, #01-16, JW MARRIOTT SINGAPORE SOUTH BEACH, SINGAPORE(189763)"
U STARS PTE. LTD.,14/09/2025 - 13/09/2026,"U STARS SUPERMARKET, 18, TOH YI DRIVE, #01-113, TOH YI GARDENS, SINGAPORE(590018)"
HONEY LOTUS PTE. LTD.,21/09/2025 - 20/09/2026,"MINIMART, 609, BUKIT PANJANG RING ROAD, #B1-908, SINGAPORE(670609)"
RAJ PROVISION AND TRADING PTE. LTD.,01/10/2025 - 30/09/2026,"RAJ PROVISION AND TRADING PTE LTD, 67, KALLANG BAHRU, #01-461, SINGAPORE(330067)"
SMART IMPEX INTERNATIONAL,03/10/2025 - 02/10/2026,"SMART IMPEX INTERNATIONAL, 180, KITCHENER ROAD, #B2-40, CITY SQUARE MALL, SINGAPORE(208539)"
BALU SUPER MARKET PTE. LTD.,05/10/2025 - 04/10/2026,"BALU SUPERMARKET, 14, TUAS AVENUE 1, #01-01, SINGAPORE(639499)"
K3 FOODPARK PTE. LTD.,05/10/2025 - 04/10/2026,"FOODPARK, 164, TAMPINES STREET 12, #01-301, (DRINK COUNTER), SINGAPORE(521164)"
SUN WENG SENG SUPER MARKET,05/10/2025 - 04/10/2026,"SUN WENG SENG SUPERMARKET, 428, JURONG WEST AVENUE 1, #01-250, SINGAPORE(640428)"
YUNG SHENG BEVERAGE PTE. LTD.,09/10/2025 - 08/10/2026,"YUNG SHENG BEVERAGE PTE LTD, 101, YUNG SHENG ROAD, #01-01, JURONG THEATRE (DRINK COUNTER), SINGAPORE(618497)"
YUNG SHENG BEVERAGE PTE. LTD.,09/10/2025 - 08/10/2026,"YUNG SHENG BEVERAGE PTE LTD, 399, YUNG SHENG ROAD, #01-46, TAMAN JURONG SHOPPING CENTRE (DRINK COUNTER), SINGAPORE(610399)"
CHEVRON SINGAPORE PTE. LTD.,11/10/2025 - 10/10/2026,"STAR MART, 100, JURONG WEST AVENUE 1, CALTEX SERVICE STATION, SINGAPORE(649519)"
TASTY FOOD PALACE PTE. LTD.,11/10/2025 - 10/10/2026,"TASTY FOOD PALACE PTE. LTD., 603, ANG MO KIO AVENUE 5, #01-2683, YIO CHU KANG GREEN (DRINK COUNTER), SINGAPORE(560603)"
HDS GROUP PTE. LTD.,14/10/2025 - 13/10/2026,"THE TRADITIONAL TASTE, 343, YISHUN AVENUE 11, #01-141, (DRINK COUNTER), SINGAPORE(760343)"
GOODWILL BUSINESS PTE. LTD.,14/10/2025 - 13/10/2026,"HOJIAK, 725, GEYLANG ROAD, SINGAPORE(389636)"
SHENG SIONG SUPERMARKET PTE LTD,18/10/2025 - 17/10/2026,"SHENG SIONG, 182, WOODLANDS STREET 13, #01-01, MULTI STOREY CAR PARK, SINGAPORE(730182)"
SHENG SIONG SUPERMARKET PTE LTD,18/10/2025 - 17/10/2026,"SHENG SIONG, 602A, TAMPINES AVENUE 9, #01-01, SINGAPORE(521602)"
YUNG SHENG BEVERAGE PTE. LTD.,22/10/2025 - 21/10/2026,"YUNG SHENG BEVERAGE PTE LTD, 158, YUNG LOH ROAD, #01-60, (DRINK COUNTER), SINGAPORE(610158)"
SREE JAYAM STORES,22/10/2025 - 21/10/2026,"SREE JAYAM STORES, 50, RIVERVALE DRIVE, #02-LRT, SE3 BAKAU LRT STATION, SINGAPORE(545053)"
7-ELEVEN,25/10/2025 - 24/10/2026,"7-ELEVEN, 18, CROSS STREET, #01-12, CHINA SQUARE CENTRAL, SINGAPORE(048423)"
SINGAPORE PETROLEUM COMPANY LIMITED,25/10/2025 - 24/10/2026,"CHOICES, 50, BUKIT BATOK EAST AVENUE 3, SPC PETROL SERVICE, SINGAPORE(659879)"
PRIME SUPERMARKET (1996) PTE LTD,25/10/2025 - 24/10/2026,"PRIME SUPERMARKET, 322, SUMANG WALK, #01-07, MULTI STOREY CAR PARK, SINGAPORE(820322)"
PRIME SUPERMARKET (1996) PTE LTD,25/10/2025 - 24/10/2026,"PRIME SUPERMARKET, 365, SEMBAWANG CRESCENT, #01-01, MULTI STOREY CAR PARK, SINGAPORE(750365)"
TASTEBUD FOODCOURT PTE. LTD.,25/10/2025 - 24/10/2026,"TASTEBUD FOODCOURT, 140, CORPORATION DRIVE, #01-01, MULTI STOREY CAR PARK (DRINK COUNTER), SINGAPORE(610140)"
FU CHAN F&B GROUP PTE. LTD.,25/10/2025 - 24/10/2026,"FOOD CITY, 529, HOUGANG AVENUE 6, #01-245, (DRINK COUNTER), SINGAPORE(530529)"
JAYA AMBIGA ENTERPRISE PTE. LTD.,25/10/2025 - 24/10/2026,"JAYA AMBIGA ENTERPRISE PTE LTD, 546, SERANGOON NORTH AVENUE 3, #01-230, SINGAPORE(550546)"
S TWENTY 1 PTE. LTD.,30/10/2025 - 29/10/2026,"S TWENTY 1 PTE LTD, 106, MACKENZIE ROAD, SINGAPORE(228706)"
7-ELEVEN,02/11/2025 - 01/11/2026,"7-ELEVEN, 30, STEVENS ROAD, #01-02, SINGAPORE(257840)"
YUE HWA CHINESE PRODUCTS PTE LTD,02/11/2025 - 01/11/2026,"YUE HWA CHINESE PRODUCTS PTE LTD, 70, EU TONG SEN STREET, #04-00, YUE HWA (NAM TIN) BUILDING, SINGAPORE(059805)"
IRON CHEF F&B PTE. LTD.,06/11/2025 - 05/11/2026,"FOOD LOFT, 721, ANG MO KIO AVENUE 8, #01-2823, (DRINK COUNTER), SINGAPORE(560721)"
JILIN QIAN AN JUN ZI IMPORT & EXPORT PTE. LTD.,07/11/2025 - 06/11/2026,"JILIN QIAN AN JUN ZI IMPORT & EXPORT PTE. LTD., 293, YISHUN STREET 22, #01-215, SINGAPORE(760293)"
YUNG SHENG BEVERAGE PTE. LTD.,07/11/2025 - 06/11/2026,"YUNG SHENG BEVERAGE PTE LTD, 54, TEBAN GARDENS ROAD, #01-556, (DRINK COUNTER), SINGAPORE(600054)"
7-ELEVEN,08/11/2025 - 07/11/2026,"7-ELEVEN, 144, UPPER BUKIT TIMAH ROAD, #01-01, BEAUTY WORLD CENTRE, SINGAPORE(588177)"
BUZZ SHOP PTE. LTD.,08/11/2025 - 07/11/2026,"BUZZ, 530, LORONG 6 TOA PAYOH, #01-02, HDB HUB, SINGAPORE(310530)"
BUZZ SHOP PTE. LTD.,08/11/2025 - 07/11/2026,"BUZZ, 57, ANG MO KIO AVENUE 8, #01-42, AMK HUB, SINGAPORE(567751)"
118 SUPERSTORE,08/11/2025 - 07/11/2026,"118 SUPERSTORE, 118, RIVERVALE DRIVE, #01-27, RIVERVALE PLAZA, SINGAPORE(540118)"
MAY MYANMAR MINIMART,20/11/2025 - 19/11/2026,"MAY MYANMAR MINIMART, 391, YISHUN AVENUE 6, #01-K1, SINGAPORE(760391)"
7-ELEVEN,23/11/2025 - 22/11/2026,"7-ELEVEN, 311, NEW UPPER CHANGI ROAD, #01-94, BEDOK MALL, SINGAPORE(467360)"
7-ELEVEN,23/11/2025 - 22/11/2026,"7-ELEVEN, 1, KIM SENG PROMENADE, #01-154, GREAT WORLD CITY, SINGAPORE(237994)"
CHEERS HOLDINGS (2004) PTE. LTD.,29/11/2025 - 28/11/2026,"CHEERS, 80, AIRPORT BOULEVARD, #02-05A, CHANGI AIRPORT TERMINAL 1, SINGAPORE(819642)"
COLD STORAGE SINGAPORE (1983) PTE LTD,06/12/2025 - 05/12/2026,"JASONS DELI, 2, ORCHARD TURN, #B4-01, ION ORCHARD, SINGAPORE(238801)"
STEPHEN TRADING,06/12/2025 - 05/12/2026,"STEPHEN TRADING, 176, BOON LAY DRIVE, #01-374, BOON LAY GREEN, SINGAPORE(640176)"
YUNG SHENG BEVERAGE PTE. LTD.,09/12/2025 - 08/12/2026,"YUNG SHENG BEVERAGE PTE LTD, 61, TEBAN GARDENS ROAD, #02-10, TEBAN PLACE (DRINK COUNTER), SINGAPORE(600061)"
BUZZ SHOP PTE. LTD.,13/12/2025 - 12/12/2026,"BUZZ, 12, BEDOK NORTH DRIVE, #02-04, BEDOK BUS INTERCHANGE, SINGAPORE(465492)"
7-ELEVEN,13/12/2025 - 12/12/2026,"7-ELEVEN, 10, FARRER PARK STATION ROAD, #01-02A, FARRER SQUARE, SINGAPORE(217564)"
GOURMET EXPRESS FOOD HOUSE PTE. LTD.,13/12/2025 - 12/12/2026,"GOURMET EXPRESS FOOD HOUSE PTE. LTD., 691, WOODLANDS DRIVE 73, #01-05, MULTI STOREY CAR PARK (DRINK COUNTER), SINGAPORE(730691)"
CHOH DEE (TW143) FOOD HOUSE PTE. LTD.,15/12/2025 - 14/12/2026,"KIMLY, 143, TECK WHYE LANE, #01-243, (DRINK COUNTER), SINGAPORE(680143)"
COFFEE & TEA HOLDINGS PTE. LTD.,17/12/2025 - 16/12/2026,"COFFEE & TEA HOLDINGS PTE LTD, 107, UPPER PAYA LEBAR ROAD, (DRINK COUNTER), SINGAPORE(534829)"
178 WANG TRADING,19/12/2025 - 18/12/2026,"178 WANG TRADING, 140, CORPORATION DRIVE, #01-05, MULTI STOREY CAR PARK, SINGAPORE(610140)"
5 STARS EXPORT PTE. LTD.,24/12/2025 - 23/12/2026,"5 STARS EXPORT PTE LTD, 37, TEBAN GARDENS ROAD, #01-309, SINGAPORE(600037)"
CHOH DEE PLACE (163A) PTE. LTD.,28/12/2025 - 27/12/2026,"KIMLY, 365, SEMBAWANG CRESCENT, #01-10, MULTI STOREY CAR PARK (DRINK COUNTER), SINGAPORE(750365)"
881 HOUGANG FOOD HOUSE PTE. LTD.,28/12/2025 - 27/12/2026,"KIMLY, 322, SUMANG WALK, #01-01, MULTI STOREY CAR PARK (DRINK COUNTER), SINGAPORE(820322)"
CHUA LEONG SAN,03/01/2026 - 02/01/2027,"XING YUAN COFFEE STALL, 505, JURONG WEST STREET 52, #01-13, HONG KAH COURT (FOOD CENTRE), SINGAPORE(640505)"
ANG MO SUPERMARKET PTE LTD,04/01/2026 - 03/01/2027,"ANG MO SUPERMARKET PTE LTD, 693, WOODLANDS AVENUE 6, #01-01, MULTI STOREY CAR PARK, SINGAPORE(730693)"
7-ELEVEN,04/01/2026 - 03/01/2027,"7-ELEVEN, 1, PASIR RIS CLOSE, #01-344A, E!HUB@DOWNTOWN EAST, SINGAPORE(519599)"
8 PLUS FOOD HOUSE PTE. LTD.,04/01/2026 - 03/01/2027,"8 PLUS FOOD HOUSE PTE LTD, 8, LORONG 7 TOA PAYOH, #01-275, TOA PAYOH COURT (DRINK COUNTER), SINGAPORE(310008)"
DANISHA TRADING PTE. LTD.,08/01/2026 - 07/01/2027,"IJSAVE, 476, UPPER SERANGOON VIEW, #02-14, HOUGANG CAPEVIEW, SINGAPORE(530476)"
S-11 F&B HOLDINGS PTE LTD,10/01/2026 - 09/01/2027,"S-11, 51, ANG MO KIO AVENUE 3, #01-03, 51 @ AMK (DRINK COUNTER), SINGAPORE(569922)"
E-XIN MART PTE. LTD.,10/01/2026 - 09/01/2027,"E-XIN MART, 6, HOUGANG AVENUE 3, #01-74, SINGAPORE(530006)"
NEW MART PTE. LTD.,15/01/2026 - 14/01/2027,"NEW MART, 632, BEDOK RESERVOIR ROAD, #01-820B, EUNOS GROVE, SINGAPORE(470632)"
OASIS GENERAL TRADING PTE. LTD.,18/01/2026 - 17/01/2027,"OASIS GENERAL TRADING PTE. LTD., 76, BEDOK NORTH ROAD, #01-174, SINGAPORE(460076)"
SHI SHANG COFFEE (1) PTE. LTD.,20/01/2026 - 19/01/2027,"SHI SHANG COFFEE (1) PTE LTD, 13, TUAS SOUTH STREET 5, #01-15, (DRINK COUNTER), SINGAPORE(637555)"
SHI SHANG COFFEE (2) PTE. LTD.,20/01/2026 - 19/01/2027,"SHI SHANG COFFEE (2) PTE LTD, 1, TUAS VIEW PLACE, #01-18, WESTLINK ONE (DRINK COUNTER), SINGAPORE(637433)"
EVERGREEN GLOBAL TRADE PTE. LTD.,23/01/2026 - 22/01/2027,"EVERGREEN MINIMART, 95D, HENDERSON ROAD, #01-02, SINGAPORE(154095)"
KJM SUPER PTE. LTD.,23/01/2026 - 22/01/2027,"KJM SUPER, 217A, JURONG EAST STREET 21, #01-595, SINGAPORE(601217)"
SWARNAM INTERNATIONAL TRADING PTE. LTD.,23/01/2026 - 22/01/2027,"SWARNAM STORE, 744, YISHUN STREET 72, #01-185A, NEE SOON CENTRAL SPRING, SINGAPORE(760744)"
SHENG SIONG SUPERMARKET PTE LTD,24/01/2026 - 23/01/2027,"SHENG SIONG, 118, ALJUNIED AVENUE 2, #01-100, SINGAPORE(380118)"
P.S. ANANTHA MINI MART PTE. LTD.,01/02/2026 - 31/01/2027,"P.S. ANANTHA MINI MART PTE LTD, 716, YISHUN STREET 71, #01-262A, SINGAPORE(760716)"
FAMILY GROCERMART PTE. LTD.,04/02/2026 - 03/02/2027,"FAMILY GROCERMART PTE LTD, 326, WOODLANDS STREET 32, #01-117, SINGAPORE(730326)"
12 HOURS PTE. LTD.,05/02/2026 - 04/02/2027,"12 HOURS, 41, PUNGGOL WAY, PW5 NIBONG LRT STATION, SINGAPORE(828862)"
SUNSHINE SUPERMARKET PTE. LTD.,05/02/2026 - 04/02/2027,"SUNSHINE MART, 806, WOODLANDS STREET 81, #01-05, SINGAPORE(730806)"
KOUFU PTE LTD,08/02/2026 - 07/02/2027,"HAPPY HAWKERS, 602B, TAMPINES AVENUE 9, #01-01, (DRINK COUNTER), SINGAPORE(522602)"
KOUFU PTE LTD,08/02/2026 - 07/02/2027,"HAPPY HAWKERS, 215C, COMPASSVALE DRIVE, #01-06, (DRINK COUNTER), SINGAPORE(543215)"
HENG ENG BOON SUPERMARTS PTE. LTD.,12/02/2026 - 11/02/2027,"HENG ENG BOON SUPERMARTS PTE LTD, 504, YISHUN STREET 51, #01-04, ACACIA BREEZE @ YISHUN, SINGAPORE(760504)"
TEO CHUAN HOE & CO,14/02/2026 - 13/02/2027,"TEO CHUAN HOE & CO, 7, JALAN BUKIT MERAH, #01-4426, SINGAPORE(150007)"
SHENG SIONG SUPERMARKET PTE LTD,14/02/2026 - 13/02/2027,"SHENG SIONG, 202, MARSILING DRIVE, #01-138, SINGAPORE(730202)"
7-ELEVEN,14/02/2026 - 13/02/2027,"7-ELEVEN, 51, YISHUN CENTRAL 1, #01-01, YISHUN 10 CINEMA COMPLEX, SINGAPORE(768794)"
ACE XPRESS PTE. LTD.,17/02/2026 - 16/02/2027,"GEM MART, 462, TAMPINES STREET 44, #01-70, SINGAPORE(520462)"
SHARBESUWARY PTE. LTD.,17/02/2026 - 16/02/2027,"SHARBESUWARY MINI MART, 8B, ADMIRALTY STREET, #01-08, 8B @ ADMIRALTY, SINGAPORE(757440)"
XIN LAO YOU JI FISHHEAD STEAMBOAT SEAFOOD RESTAURANT,19/02/2026 - 18/02/2027,"XIN LAO YOU JI SEAFOOD RESTAURANT, 243, OUTRAM ROAD, (LEVEL 1), SINGAPORE(169045)"
YAK HONG COFFEE HOUSE PTE. LTD.,20/02/2026 - 19/02/2027,"YAK HONG COFFEE HOUSE, 590, MONTREAL LINK, #01-17, (DRINK COUNTER), SINGAPORE(750590)"
CHEERS HOLDINGS (2004) PTE. LTD.,22/02/2026 - 21/02/2027,"CHEERS, 1, NORTHPOINT DRIVE, #01-170, NORTHPOINT CITY, SINGAPORE(768019)"
AZ MINIMART PTE. LTD.,28/02/2026 - 27/02/2027,"AZ MINIMART PTE LTD, 102, SPOTTISWOODE PARK ROAD, #01-80, SPOTTISWOODE PARK, SINGAPORE(080102)"
SRI NAADI TRADER PTE. LTD.,05/03/2026 - 04/03/2027,"SRI NAADI TRADER PTE. LTD, 111, WHAMPOA ROAD, #01-33, SINGAPORE(321111)"
YONG YUN PTE. LTD.,06/03/2026 - 05/03/2027,"SUPER 28 COFFEE SHOP, 184, TOA PAYOH CENTRAL, #01-372, (DRINK COUNTER), SINGAPORE(310184)"
REAL BUY,11/03/2026 - 10/03/2027,"REAL BUY, 548, WOODLANDS DRIVE 44, #01-24, VISTA POINT, SINGAPORE(730548)"
ONG TECK ANN,13/03/2026 - 12/03/2027,"ONG BOEY, 335, SMITH STREET, #01-198, CHINATOWN COMPLEX (FOOD CENTRE), SINGAPORE(050335)"
7-ELEVEN,27/03/2026 - 26/03/2027,"7-ELEVEN, 271, JALAN KAYU, SINGAPORE(799499)"
TEO CHING HWA,27/03/2026 - 26/03/2027,"ZHENG MING CHA SHI, 531A, UPPER CROSS STREET, #01-46, HONG LIM COMPLEX (FOOD CENTRE), SINGAPORE(051531)"
FOOD WORLD HOLDINGS PTE. LTD.,28/03/2026 - 27/03/2027,"YONG LI COFFEE STATION, 1A, EUNOS CRESCENT, #01-2461, (DRINK COUNTER), SINGAPORE(401001)"
PHANG NEE ENTERPRISE PTE. LTD.,01/04/2026 - 31/03/2027,"PHANG NEE ENTERPRISE PTE LTD, 2D, JALAN PAPAN, #01-04, AVERY LODGE, SINGAPORE(619415)"
BUZZ SHOP PTE. LTD.,06/04/2026 - 05/04/2027,"BUZZ, 840, HOUGANG CENTRAL, #01-02, HOUGANG CENTRAL BUS INTERCHANGE, SINGAPORE(538757)"
CHEERS HOLDINGS (2004) PTE. LTD.,10/04/2026 - 09/04/2027,"CHEERS, 20, WOODLANDS NORTH COAST ROAD, #B1-04, WOODLANDS NORTH MRT STATION, SINGAPORE(737668)"
CHEERS HOLDINGS (2004) PTE. LTD.,10/04/2026 - 09/04/2027,"CHEERS, 30, WOODLANDS DRIVE 17, #B1-04, WOODLANDS SOUTH MRT STATION, SINGAPORE(737741)"
7-ELEVEN,10/04/2026 - 09/04/2027,"7-ELEVEN, 133, NEW BRIDGE ROAD, #01-38, CHINATOWN POINT, SINGAPORE(059413)"
WUMING XIAOPU (HG) PTE. LTD.,16/04/2026 - 15/04/2027,"WU MING XIAO PU, 21, HOUGANG STREET 51, #01-32, HOUGANG GREEN SHOPPING MALL (RIGHT SIDE), SINGAPORE(538719)"
DOVEMART PTE. LTD.,16/04/2026 - 15/04/2027,"DOVEMART PTE.LTD., 494, TAMPINES STREET 45, #01-01, (DRINK COUNTER), SINGAPORE(523494)"
MOHAMED MUSTAFA & SAMSUDDIN CO. PTE LTD,17/04/2026 - 16/04/2027,"MOHAMED MUSTAFA & SAMSUDDIN CO PTE LTD, 189, SYED ALWI ROAD, SINGAPORE(207721)"
NIRJA MINI MART PTE. LTD.,24/04/2026 - 23/04/2027,"NIRJA MINI MART PTE. LTD., 62, DESKER ROAD, #K1-01, SINGAPORE(209587)"
BISHAN 120 KOPI PLACE PTE. LTD.,25/04/2026 - 24/04/2027,"DETIAN, 120, BISHAN STREET 12, #01-67, (DRINK COUNTER), SINGAPORE(570120)"
C & T CAFE PTE. LTD.,01/05/2026 - 30/04/2027,"C & T CAFE PTE LTD, 704, BEDOK RESERVOIR ROAD, #01-3624, (DRINK COUNTER), SINGAPORE(470704)"
BUZZ SHOP PTE. LTD.,01/05/2026 - 30/04/2027,"BUZZ, 409, EUNOS ROAD 2, SINGAPORE(409388)"
M28 MINIMART (SK),10/05/2026 - 09/05/2027,"M28 MINIMART, 182A, RIVERVALE CRESCENT, #01-02, SINGAPORE(541182)"
SYLAS SYSTEM & SOLUTION PTE. LTD.,16/05/2026 - 15/05/2027,"SYLAS SYSTEM & SOLUTION PTE LTD, 672, CHANDER ROAD, #01-52, GHOLIA'S VILLAGE, SINGAPORE(219557)"
BENG POH MINI MART,17/05/2026 - 16/05/2027,"BENG POH MINI MART, 21B, TAMPINES AVENUE, SINGAPORE(529804)"
GOOD PRICE CENTRE,22/05/2026 - 21/05/2027,"GOOD PRICE CENTRE, 18, BEDOK SOUTH ROAD, #01-59, SINGAPORE(460018)"
7-ELEVEN,22/05/2026 - 21/05/2027,"7-ELEVEN, 380, JALAN BESAR, #01-03, ARC 380, SINGAPORE(209000)"
SKYLINE F&B PTE. LTD.,22/05/2026 - 21/05/2027,"FOOD HUB, 214, SERANGOON AVENUE 4, #01-88, SERANGOON GREEN (DRINK COUNTER), SINGAPORE(550214)"
HONG KAH FOOD PLACE PTE. LTD.,28/05/2026 - 27/05/2027,"HONG KAH FOOD PLACE, 376, BUKIT BATOK STREET 31, #01-126, (DRINK COUNTER), SINGAPORE(650376)"
JOO SENG FOOD PLACE PTE. LTD.,28/05/2026 - 27/05/2027,"JOO SENG FOOD PLACE PTE LTD, 1, UPPER ALJUNIED LANE, #01-02, (DRINK COUNTER), SINGAPORE(360001)"
SIN TONG HONG EATING HOUSE PTE. LTD.,28/05/2026 - 27/05/2027,"SIN TONG HONG EATING HOUSE, 429A, CHOA CHU KANG AVENUE 4, #01-01, (DRINK COUNTER), SINGAPORE(681429)"
SUN TRG & CON PTE. LTD.,05/06/2026 - 04/06/2027,"SUN MART, 292, YISHUN STREET 22, #01-309A, SINGAPORE(760292)"
LOTTE TRAVEL RETAIL SINGAPORE PTE. LTD.,09/06/2026 - 08/06/2027,"LOTTE DUTY FREE LIQUOR & WINES, 65, AIRPORT BOULEVARD, #02-65, CHANGI AIRPORT TERMINAL 3 (DEPARTURE NORTH), SINGAPORE(819663)"
LOTTE TRAVEL RETAIL SINGAPORE PTE. LTD.,09/06/2026 - 08/06/2027,"LOTTE DUTY FREE LIQUOR & WINES, 80, AIRPORT BOULEVARD, #02-68, CHANGI AIRPORT TERMINAL 1 (TRANSIT EAST), SINGAPORE(819642)"
LOTTE TRAVEL RETAIL SINGAPORE PTE. LTD.,09/06/2026 - 08/06/2027,"LOTTE DUTY FREE LIQUOR & WINES, 80, AIRPORT BOULEVARD, #02-53, CHANGI AIRPORT TERMINAL 1 (TRANSIT CENTRAL), SINGAPORE(819642)"
LOTTE TRAVEL RETAIL SINGAPORE PTE. LTD.,09/06/2026 - 08/06/2027,"LOTTE DUTY FREE LIQURO & WINES, 65, AIRPORT BOULEVARD, #03-07, CHANGI AIRPORT TERMINAL 3 (TRANSIT NORTH), SINGAPORE(819663)"
LOTTE TRAVEL RETAIL SINGAPORE PTE. LTD.,09/06/2026 - 08/06/2027,"LOTTE DUTY FREE LIQUOR & WINES, 80, AIRPORT BOULEVARD, #02-22, CHANGI AIRPORT TERMINAL 1 (TRANSIT WEST), SINGAPORE(819642)"
LOTTE TRAVEL RETAIL SINGAPORE PTE. LTD.,09/06/2026 - 08/06/2027,"LOTTE DUTY FREE LIQUOR & WINES, 65, AIRPORT BOULEVARD, #02-10, CHANGI AIRPORT T3 (TOBACCO & VINTAGE WINE), SINGAPORE(819663)"
LOTTE TRAVEL RETAIL SINGAPORE PTE. LTD.,09/06/2026 - 08/06/2027,"LOTTE DUTY FREE LIQUOR & WINES, 65, AIRPORT BOULEVARD, #02-37, CHANGI AIRPORT TERMINAL 3 (TRANSIT CENTRAL), SINGAPORE(819663)"
LOTTE TRAVEL RETAIL SINGAPORE PTE. LTD.,09/06/2026 - 08/06/2027,"LOTTE DUTY FREE LIQUOR & WINES, 65, AIRPORT BOULEVARD, #02-39, CHANGI AIRPORT TERMINAL 3 (TRANSIT CENTRAL), SINGAPORE(819663)"
LOTTE TRAVEL RETAIL SINGAPORE PTE. LTD.,09/06/2026 - 08/06/2027,"LOTTE DUTY FREE LIQUOR & WINES, 65, AIRPORT BOULEVARD, #02-12, CHANGI AIRPORT TERMINAL 3 (TRANSIT SOUTH), SINGAPORE(819663)"
YONG SHEN EATING HOUSE,10/06/2026 - 09/06/2027,"CHIN BEE F&B PTE LTD, 143, TECK WHYE LANE, #01-245, (DRINK COUNTER), SINGAPORE(680143)"
JK CONSUMER PTE. LTD.,11/06/2026 - 10/06/2027,"BEST CHOICE MINIMART, 527, BEDOK NORTH STREET 3, #01-516, SINGAPORE(460527)"
7-ELEVEN,19/06/2026 - 18/06/2027,"7-ELEVEN, 114, ANG MO KIO AVENUE 4, #01-347, KEBUN BARU HEIGHTS, SINGAPORE(560114)"
HAO MART PTE. LTD.,19/06/2026 - 18/06/2027,"ECCELLENTE, 6, RAFFLES BOULEVARD, #02-326, MARINA SQUARE, SINGAPORE(039594)"
KIM SAN LENG (YISHUN) PTE LTD,25/06/2026 - 24/06/2027,"KIM SAN LENG (YISHUN) PTE LTD, 417, YISHUN AVENUE 11, #01-351, (DRINK COUNTER), SINGAPORE(760417)"
GALLEON FOODS (PTE. LTD.),25/06/2026 - 24/06/2027,"TUAS 88 EATING HOUSE, 110, TUAS SOUTH AVENUE 3, #01-59, THE INDEX (DRINK COUNTER), SINGAPORE(637369)"
PONNI TRADING PTE. LTD.,29/06/2026 - 28/06/2027,"PONNI INDIAN GROCERIES, 5, CHANGI BUSINESS PARK CENTRAL 1, #B1-46, CHANGI CITY, SINGAPORE(486038)"
VINAYAK TRADERS PTE. LTD.,04/07/2026 - 03/07/2027,"BAZAAR, 61, TEBAN GARDENS ROAD, #01-16, TEBAN PLACE, SINGAPORE(600061)"
ANCHOR CONVENIENT STORE,08/07/2026 - 07/07/2027,"ANCHOR CONVENIENT STORE, 511, CANBERRA ROAD, #01-06, SEMBAWANG MART, SINGAPORE(750511)"
NEPTUNE (AMK) PTE. LTD.,09/07/2026 - 08/07/2027,"NEPTUNE (AMK) PTE. LTD., 226A, ANG MO KIO AVENUE 1, #01-633A, KEBUN BARU MALL, SINGAPORE(561226)"
NISHA SUPERMART PRIVATE LIMITED,10/07/2026 - 09/07/2027,"NISHA SUPERMART, 439, GEYLANG ROAD, SINGAPORE(389399)"
DEEN EXPRESS,10/07/2026 - 09/07/2027,"DEEN EXPRESS, 313, ORCHARD ROAD, #B3-18, 313 @ SOMERSET, SINGAPORE(238895)"
HOE SENG F&B ENTERPRISE PTE. LTD.,14/07/2026 - 13/07/2027,"HOE SENG F&B ENTERPRISE PTE. LTD., 44, BENDEMEER ROAD, #01-1476, (DRINK COUNTER), SINGAPORE(330044)"
33 YUN LAI EATING HOUSE PTE. LTD.,14/07/2026 - 13/07/2027,"33 YUN LAI EATING HOUSE PTE LTD, 33, LORONG 15 GEYLANG, (DRINK COUNTER), SINGAPORE(388618)"
SUNSHINE STAR ENTERPRISES PTE. LTD.,14/07/2026 - 13/07/2027,"24SEVEN CONVENIENCE STORE, 151, NEW BRIDGE ROAD, #B1-02, CHINATOWN MRT STATION, SINGAPORE(059443)"
SHENG SIONG SUPERMARKET PTE LTD,15/07/2026 - 14/07/2027,"SHENGSIONG, 455, SENGKANG WEST AVENUE, #01-16, SINGAPORE(790455)"
ACE MARKETPLACE PTE. LTD.,17/07/2026 - 16/07/2027,"ACE MARKETPLACE, 151, SERANGOON NORTH AVENUE 2, #01-27, SINGAPORE(550151)"
ACE MARKETPLACE PTE. LTD.,19/07/2026 - 18/07/2027,"ACE MARKETPLACE, 780, YISHUN RING ROAD, #01-3546, KHATIB VALE, SINGAPORE(760780)"
MM SUPERMARKET PTE. LTD.,23/07/2026 - 22/07/2027,"MM SUPERMARKET PTE. LTD., 333C, YISHUN STREET 31, #01-165, YISHUN RIVERWALK, SINGAPORE(763333)"
YAN'S CAFE,25/07/2026 - 24/07/2027,"YAN'S CAFE, 65, AIRPORT BOULEVARD, #01-51, CHANGI AIRPORT T3 (T1/T3 TAXI DECK), SINGAPORE(819663)"
PRIME SUPERMARKET (1996) PTE LTD,27/07/2026 - 26/07/2027,"PRIME SUPERMARKET, 106, BIDADARI PARK DRIVE, #01-06, SINGAPORE(340106)"
CONCEPT CITY,28/07/2025 - 27/07/2026,"CONCEPT CITY, 139, JALAN BESAR, #01-01, SINGAPORE(208857)"
HAINAN COFFEESHOP PTE. LTD.,30/07/2026 - 29/07/2027,"HAINAN KID COFFEE, 1010, TAI SENG AVENUE, (DRINK COUNTER), SINGAPORE(534417)"
TASTEBUD FOODCOURT PTE. LTD.,31/07/2026 - 30/07/2027,"TASTEBUD FOODCOURT, 932, HOUGANG AVENUE 9, #01-04, (DRINK COUNTER), SINGAPORE(530932)"
7-ELEVEN,31/07/2026 - 30/07/2027,"7-ELEVEN, 750, CHAI CHEE ROAD, #01-32, VIVA BUSINESS PARK, SINGAPORE(469000)"
JIN WEI FOOD HOLDINGS PTE. LTD.,07/08/2025 - 06/08/2026,"JIN WEI FOOD HOLDINGS PTE. LTD., 38, JALAN PEMIMPIN, #01-04, M38 (DRINK COUNTER), SINGAPORE(577178)"
7-ELEVEN,07/08/2025 - 06/08/2026,"7-ELEVEN, 4, ROBINSON ROAD, #01-01, THE HOUSE OF EDEN, SINGAPORE(048543)"
7-ELEVEN,07/08/2025 - 06/08/2026,"7-ELEVEN, 10, PAYA LEBAR ROAD, #01-K1, PLQ MALL, SINGAPORE(409057)"
AYESHA SUPERMART PTE. LTD.,12/08/2025 - 11/08/2026,"AYESHA SUPERMART PTE. LTD, 292, YISHUN STREET 22, #01-305, SINGAPORE(760292)"
SOUTHERN KING TRADING PTE. LTD.,13/08/2026 - 12/08/2027,"PYIT TAING HTAUNG MINIMART, 519, JURONG WEST STREET 52, #01-159, SINGAPORE(640519)"
JOHNSON EATERY PTE. LTD.,14/08/2025 - 13/08/2026,"JOHNSON EATERY, 125, LORONG 1 TOA PAYOH, #01-523, TOA PAYOH HEIGHTS (DRINK COUNTER), SINGAPORE(310125)"
JIN WEI FOOD HOLDINGS PTE. LTD.,14/08/2025 - 13/08/2026,"AMK 347 FOOD HOUSE, 347, ANG MO KIO AVENUE 3, #01-2150, TECK GHEE EVERGREEN (DRINK COUNTER), SINGAPORE(560347)"
SKYLINE F&B PTE. LTD.,14/08/2025 - 13/08/2026,"FOOD HUB, 455, SENGKANG WEST AVENUE, #01-01, (DRINK COUNTER), SINGAPORE(790455)"
SKYLINE F&B PTE. LTD.,14/08/2025 - 13/08/2026,"FOOD HUB, 209, NEW UPPER CHANGI ROAD, #01-633, (DRINK COUNTER), SINGAPORE(460209)"
WEI SHENG HOLDINGS PTE. LTD.,19/08/2025 - 18/08/2026,"WEI SHENG HOLDINGS PTE. LTD., 246, HOUGANG STREET 22, #01-161, (DRINK COUNTER), SINGAPORE(530246)"
MEI FANG FOOD PARADISE PTE. LTD.,19/08/2025 - 18/08/2026,"MEI FANG FOOD PARADISE, 23, KIAN TECK ROAD, #01-02, (DRINK COUNTER), SINGAPORE(628774)"
566 SEAFOOD PTE. LTD.,19/08/2025 - 18/08/2026,"566 SEAFOOD, 566, WOODLANDS ROAD, (DRINK COUNTER), SINGAPORE(728697)"
WEI SHENG HOLDINGS PTE. LTD.,20/08/2025 - 19/08/2026,"EVERTON FOOD PLACE, 7, EVERTON PARK, #01-01, EVERTON PARK (DRINK COUNTER), SINGAPORE(080007)"
NG HOCK HIN,20/08/2025 - 19/08/2026,"SOON SENG HOT & COLD DRINKS, 4A, EUNOS CRESCENT, #01-42, (FOOD CENTRE), SINGAPORE(402004)"
ATCALH,21/08/2025 - 20/08/2026,"EASY, 920, YISHUN AVENUE 2, #01-07, YISHUN INTEGRATED TRANSPORT HUB, SINGAPORE(769100)"
SRI SEVUGA PERUMAL PTE. LTD.,27/08/2025 - 26/08/2026,"KARAIKUDI MINIMART, 48, TOH GUAN ROAD EAST, #01-98, ENTERPRISE HUB, SINGAPORE(608586)"
COLD STORAGE SINGAPORE (1983) PTE LTD,28/08/2025 - 27/08/2026,"GIANT, 638, JURONG WEST STREET 61, #03-01, PIONEER MALL, SINGAPORE(640638)"
7-ELEVEN,28/08/2025 - 27/08/2026,"7-ELEVEN, 2, TANJONG KATONG ROAD, #01-08, PLQ3, PAYA LEBAR QUAETER, SINGAPORE(437161)"
SHENG SIONG SUPERMARKET PTE LTD,28/08/2025 - 27/08/2026,"SHENG SIONG, 872C, TAMPINES STREET 86, #02-01, SINGAPORE(523872)"
7-ELEVEN,28/08/2025 - 27/08/2026,"7-ELEVEN, 9, PENANG ROAD, #01-05, PARK MALL, SINGAPORE(238459)"
7-ELEVEN,11/09/2025 - 10/09/2026,"7-ELEVEN, 20, TAMPINES CENTRAL 1, #01-17, TAMPINES MRT STATION, SINGAPORE(529538)"
7-ELEVEN,15/09/2025 - 14/09/2026,"7-ELEVEN, 405, HAVELOCK ROAD, #01-02, SINGAPORE(169633)"
YI JIA BEVERAGES PTE. LTD.,15/09/2025 - 14/09/2026,"YI JIA BEVERAGES PTE LTD, 982, BUANGKOK CRESCENT, #02-01, (DRINK COUNTER), SINGAPORE(530982)"
JILIN QIAN AN JUN ZI IMPORT & EXPORT PTE. LTD.,16/09/2025 - 15/09/2026,"ZHONG GUO CHAO SHI 418, 418, YISHUN AVENUE 11, #01-423, SINGAPORE(760418)"
ROYAL TRADING & SUPERMART PTE. LTD.,16/09/2025 - 15/09/2026,"ROYAL TRADING & SUPERMART PTE. LTD., 42, CAMBRIDGE ROAD, #01-01, SINGAPORE(210042)"
SRM TRADING & ENGINEERING PTE. LTD.,16/09/2025 - 15/09/2026,"SRM PRIME MART, 180, ALBERT STREET, #01-15, VILLAGE HOTEL ALBERT COURT, SINGAPORE(189971)"
KAUNG CHIN WAI PTE. LTD.,17/09/2025 - 16/09/2026,"KAUNG CHIN WAI PTE LTD, 30, EUNOS CRESCENT, #01-16, EUNOS MRT STATION, SINGAPORE(409423)"
213 SPEED MART PTE. LTD.,17/09/2025 - 16/09/2026,"213 SPEED MART, 64, CIRCUIT ROAD, #01-347, MACPHERSON GARDEN, SINGAPORE(370064)"
TIAN SIA STORE,18/09/2025 - 17/09/2026,"TIAN SIA STORE, 68, GEYLANG BAHRU, #01-3213, SINGAPORE(330068)"
BUZZ SHOP PTE. LTD.,21/09/2025 - 20/09/2026,"BUZZ, 300, EU TONG SEN STREET, #B3-02, OUTRAM PARK NEL MRT STATION, SINGAPORE(059816)"
GREENBERRY MINIMART PTE. LTD.,21/09/2025 - 20/09/2026,"GREENBERRY MINIMART, 121, UPPER EAST COAST ROAD, SINGAPORE(455245)"
3C MINIMART PTE. LTD.,23/09/2025 - 22/09/2026,"3C MINIMART, 771, YISHUN AVENUE 3, #01-239, SINGAPORE(760771)"
GLOBAL ESSENTIALS PTE. LTD.,25/09/2025 - 24/09/2026,"JURONG MART, 214, JURONG EAST STREET 21, #01-433, (LEFT SIDE OF THE UNIT), SINGAPORE(600214)"
MANIMURUGAN SUPERMART PTE. LTD.,26/09/2025 - 25/09/2026,"MANIMURUGAN SUPER MART, 26, TECK WHYE LANE, #01-188, SINGAPORE(680026)"
FORTUNE SUPERMARKET PTE. LTD.,26/09/2025 - 25/09/2026,"FORTUNE, 986, BUANGKOK CRESCENT, #01-02, SINGAPORE(530986)"
BISMI,26/09/2025 - 25/09/2026,"BISMI SNACKS, 348, BEDOK ROAD, #01-06, BEDOK MARKET PLACE, SINGAPORE(469560)"
7-ELEVEN,29/09/2025 - 28/09/2026,"7-ELEVEN, 104, JURONG EAST STREET 13, #01-110, JURONG EAST VILLE, SINGAPORE(600104)"
H.J.VENTURES PTE. LTD.,29/09/2025 - 28/09/2026,"H.J VENTURES PTE LTD, 150A, BISHAN STREET 11, #01-175, (RIGHT SIDE OF UNIT), SINGAPORE(571150)"
TEO SEE TEONG TRADING,30/09/2025 - 29/09/2026,"TEO SEE TEONG TRADING, 129, LORONG AH SOO, #01-K1, SINGAPORE(530129)"
7-ELEVEN,01/10/2025 - 30/09/2026,"7-ELEVEN, 200, HOLLAND AVENUE, #B1-04, HOLLAND VILLAGE MRT STATION, SINGAPORE(278995)"
7-ELEVEN,01/10/2025 - 30/09/2026,"7-ELEVEN, 2, PANDAN VALLEY, #01-207, ACACIA COURT, SINGAPORE(597626)"
NTUC FAIRPRICE CO-OPERATIVE LTD,01/10/2025 - 30/09/2026,"FAIRPRICE FINEST, 12, ALEXANDRA VIEW, #01-18, ARTRA, SINGAPORE(158736)"
GK MINIMART,01/10/2025 - 30/09/2026,"GK MINIMART, 959, UPPER SERANGOON ROAD, SINGAPORE(534718)"
CHENDUR IMPEX PTE. LTD.,02/10/2025 - 01/10/2026,"CHENDUR IMPEX PTE. LTD., 633, VEERASAMY ROAD, #01-122, (CENTRAL OF UNIT, MINIMART), SINGAPORE(200633)"
SM VENTURA CAPITAL PTE. LTD.,03/10/2025 - 02/10/2026,"SM MART, 802, BUKIT BATOK WEST AVENUE 5, #01-07, BUKIT GOMBAK MRT STATION, SINGAPORE(659083)"
L3 HOME PTE. LTD.,06/10/2025 - 05/10/2026,"L3 HOME PTE LTD, 12, TELOK BLANGAH CRESCENT, #01-101, SINGAPORE(090012)"
FRUITS N SUCH MARKETING LLP,06/10/2025 - 05/10/2026,"FRUITS N SUCH MARKETING LLP, 132, MARSILING RISE, #01-216, SINGAPORE(730132)"
BISMI,09/10/2025 - 08/10/2026,"SAVE MART, 349, BEDOK ROAD, SINGAPORE(469536)"
KSJ MINIMART,09/10/2025 - 08/10/2026,"KSJ MINIMART, 419, JURONG WEST STREET 42, #01-K1, SINGAPORE(640419)"
KIAN SENG SEAFOOD RESTAURANT PTE. LTD.,10/10/2025 - 09/10/2026,"KIAN SENG SEAFOOD RESTAURANT, 4013, ANG MO KIO INDUSTRIAL PARK 1, #01-450, ANG MO KIO INDUSTRIAL PARK 1 (DRINK COUNTER), SINGAPORE(569629)"
SIN SHENG JI PTE. LTD.,12/10/2025 - 11/10/2026,"SIN SHENG JI PTE LTD, 272, BUKIT BATOK EAST AVENUE 4, #01-56, (DRINK COUNTER), SINGAPORE(650272)"
FARMGREENS F&B PTE. LTD.,13/10/2025 - 12/10/2026,"FARMGREENS F&B, 9, KRANJI LINK, (DRINK COUNTER), SINGAPORE(728645)"
7-ELEVEN,15/10/2025 - 14/10/2026,"7-ELEVEN, 1, PHILLIP STREET, #01-02, ROYAL ONE PHILLIP, SINGAPORE(048692)"
NTUC FAIRPRICE CO-OPERATIVE LTD,15/10/2025 - 14/10/2026,"FAIRPRICE FINEST, 4, BUKIT BATOK STREET 41, #01-91, LE QUEST, SINGAPORE(657991)"
PRIME SUPERMARKET (1996) PTE LTD,16/10/2025 - 15/10/2026,"PRIME SUPERMARKET, 373, BUKIT BATOK STREET 31, #01-248, SINGAPORE(650373)"
AZEEM MARKETING,18/10/2025 - 17/10/2026,"AZEEM MARKETING, 505, BEDOK NORTH AVENUE 3, #01-315, KAKI BUKIT VILLE, SINGAPORE(460505)"
HE JI SUNDRY GOODS TRADING,25/10/2025 - 24/10/2026,"HE JI SUNDRY GOODS TRADING, 106, JURONG EAST STREET 13, #01-K1, JURONG EAST VILLE, SINGAPORE(600106)"
ACE MARKETPLACE PTE. LTD.,25/10/2025 - 24/10/2026,"ACE MARKETPLACE, 151, BUKIT BATOK STREET 11, #01-250, SINGAPORE(650151)"
7-ELEVEN,27/10/2025 - 26/10/2026,"7-ELEVEN, 17, PETIR ROAD, #B1-23, HILLION MALL, SINGAPORE(678278)"
7-ELEVEN,27/10/2025 - 26/10/2026,"7-ELEVEN, 2, VENTURE DRIVE, #01-42, VISION EXCHANGE, SINGAPORE(608526)"
7-ELEVEN,27/10/2025 - 26/10/2026,"7-ELEVEN, 804, HOUGANG CENTRAL, #01-132, SINGAPORE(530804)"
NTUC FAIRPRICE CO-OPERATIVE LTD,28/10/2025 - 27/10/2026,"FAIRPRICE, 133, CANBERRA VIEW, #B1-04, SINGAPORE(750133)"
HENLY HUAT DRINKS FOOD COURT,28/10/2025 - 27/10/2026,"HENLY HUAT DRINKS FOOD COURT, 120, NEIL ROAD, #01-01, (DRINK COUNTER), SINGAPORE(088855)"
GOOD PRICE HUB PTE. LTD.,29/10/2025 - 28/10/2026,"GOOD PRICE HUB, 18, BEDOK SOUTH ROAD, #01-53, SINGAPORE(460018)"
SUN TRG & CON PTE. LTD.,05/11/2025 - 04/11/2026,"SUN MART, 67A, SUNGEI KADUT DRIVE, TAC CENTRE (DORMITORY), SINGAPORE(729575)"
UMART PRIVATE LIMITED,05/11/2025 - 04/11/2026,"UMART BALESTIER, 207, BALESTIER ROAD, #01-05, BT CENTRE, SINGAPORE(329683)"
SAASTHA PTE. LTD.,06/11/2025 - 05/11/2026,"SAASTHA MINIMART, 53B, STRATHMORE AVENUE, #01-04, SINGAPORE(144053)"
GHK CANTEEN @NORTHVIEW PTE. LTD.,06/11/2025 - 05/11/2026,"GHK @ NORTH VIEW, 6, YISHUN INDUSTRIAL STREET 1, #01-02, NORTH VIEW BIZHUB (DRINK COUNTER), SINGAPORE(768090)"
7-ELEVEN,07/11/2025 - 06/11/2026,"7-ELEVEN, 6, WOODLANDS SQUARE, #01-03, WOODS SQUARE, SINGAPORE(737737)"
7-ELEVEN,07/11/2025 - 06/11/2026,"7-ELEVEN, 711, ANG MO KIO AVENUE 8, #01-3501B, SINGAPORE(560711)"
KONTIKI INC. PTE. LTD.,07/11/2025 - 06/11/2026,"HANDLEBAR, 10, LOCK ROAD, GILLMAN BARRACKS, SINGAPORE(108938)"
CHANG SHENG FOODS LLP,08/11/2025 - 07/11/2026,"VISTA FOOD PLACE, 10, ADMIRALTY STREET, #01-05, NORTH LINK BUILDING (DRINK COUNTER), SINGAPORE(757695)"
DNA VENTURE PTE. LTD.,12/11/2025 - 11/11/2026,"123 STORE, 121, DUNLOP STREET, SINGAPORE(209440)"
THYME TO MEAT PRIVATE LIMITED,13/11/2025 - 12/11/2026,"THYME TO MEAT, 27, ENG KONG TERRACE, ENG KONG PARK (FIRST LEVEL), SINGAPORE(598999)"
1A EATING HOUSE PTE. LTD.,13/11/2025 - 12/11/2026,"1A EATING HOUSE, 1A, TUAS SOUTH AVENUE 10, (DRINK COUNTER), SINGAPORE(637440)"
NGMART01 PTE. LTD.,13/11/2025 - 12/11/2026,"NG MART, 150A, BISHAN STREET 11, #01-157, SINGAPORE(571150)"
SRI SIVAGANGA TRADING PTE. LTD.,15/11/2025 - 14/11/2026,"SRI SIVAGANGA TRADING PTE LTD, 78, CIRCUIT ROAD, #01-478, BALAM GARDENS, SINGAPORE(370078)"
SKYLINE F&B PTE. LTD.,19/11/2025 - 18/11/2026,"FOOD HUB, 145, TECK WHYE AVENUE, #01-153, (DRINK COUNTER), SINGAPORE(680145)"
7-ELEVEN,20/11/2025 - 19/11/2026,"7-ELEVEN, 915, TAMPINES STREET 91, #01-47, TAMPINES PALMSVILLE, SINGAPORE(520915)"
7-ELEVEN,20/11/2025 - 19/11/2026,"7-ELEVEN, 133, CANBERRA VIEW, #01-20, SINGAPORE(750133)"
PRISCILLA TRADERS PTE. LTD.,21/11/2025 - 20/11/2026,"PRISCILLA MINI MART, 47, SIMS PLACE, #01-179, SIMS VISTA (LEFT SIDE OF UNIT), SINGAPORE(380047)"
7-ELEVEN,21/11/2025 - 20/11/2026,"7-ELEVEN, 83, MARINE PARADE CENTRAL, #01-574, MARINE PARADE PROMENADE (RIGHT SIDE OF SHOP), SINGAPORE(440083)"
VICTRUS PTE. LTD.,21/11/2025 - 20/11/2026,"REAL FRESH, 10, ADMIRALTY STREET, #01-04, NORTH LINK BUILDING, SINGAPORE(757695)"
TAN CHEE KEONG,22/11/2025 - 21/11/2026,"TAN CHEE KEONG, 37A, TEBAN GARDENS ROAD, #01-12, (HAWKER STALL), SINGAPORE(601037)"
CAPITAL TRADERS,24/11/2025 - 23/11/2026,"CAPITAL FOREX PTE LTD, 4, BUKIT BATOK STREET 41, #01-78, LE QUEST, SINGAPORE(657991)"
MO MART PTE. LTD.,24/11/2025 - 23/11/2026,"MO MART, 810, GEYLANG ROAD, #01-53, CITY PLAZA, SINGAPORE(409286)"
HASINI MART PTE. LTD.,25/11/2025 - 24/11/2026,"HASINI MINI MART, 31, GUL AVENUE, 1ST STOREY (DORMITORY), SINGAPORE(629671)"
DO.MART PTE. LTD.,27/11/2025 - 26/11/2026,"DO.MART PTE. LTD., 82, FARRER ROAD, #B1-02, GALLOP GABLES, SINGAPORE(268856)"
DAKSHNA TRADERS PTE. LTD.,27/11/2025 - 26/11/2026,"DAKSHNA TRADERS MINI MART, 414, JURONG WEST STREET 42, #01-801, (LEFT SIDE OF THE UNIT), SINGAPORE(640414)"
XIAOLONG MINIMART PTE. LTD.,30/11/2025 - 29/11/2026,"XIAOLONG MINIMART, 59, MARINE TERRACE, #01-79B, MARINE TERRACE HAVEN, SINGAPORE(440059)"
3BASIL F&B PTE. LTD.,30/11/2025 - 29/11/2026,"3BASIL F&B PTE LTD, 5, KALLANG PLACE, (DRINK COUNTER), SINGAPORE(339152)"
YOUTH CHYE HUAT FAIRMART CAFE,04/12/2025 - 03/12/2026,"YOUTH CHYE HUAT FAIRMART CAFE, 286, JALAN BESAR, #01-01, HO TAT SONG BUILDING, SINGAPORE(208949)"
BISCUITS & CO (S) PTE. LTD.,05/12/2025 - 04/12/2026,"BISCUITS & CO, 510, BEDOK NORTH STREET 3, #01-57, (LEFT SIDE OF UNIT), SINGAPORE(460510)"
7-ELEVEN,12/12/2025 - 11/12/2026,"7-ELEVEN, 112, TANJONG PAGAR ROAD, SINGAPORE(088528)"
VIRIBUS GLOBAL VENTURES PTE. LTD.,14/12/2025 - 13/12/2026,"MITRA INN, 531, SERANGOON ROAD, MITRAA INN, SINGAPORE(218163)"
KS MINIMART,15/12/2025 - 14/12/2026,"KS MINIMART, 143, TECK WHYE LANE, #01-231, (LEFT SIDE OF UNIT, FIRST STOREY), SINGAPORE(680143)"
FRIENDLY MART,19/12/2025 - 18/12/2026,"FRIENDLY MART, 4B, LORONG 10 GEYLANG, SINGAPORE(399038)"
NAWAS GLOBAL PTE. LTD.,19/12/2025 - 18/12/2026,"NAWAS GLOBAL PTE LTD, 18A, KRANJI WAY, #01-03, KRANJI WAY DORMITORY, SINGAPORE(739443)"
MARTWAYS PTE. LTD.,24/12/2025 - 23/12/2026,"GET N GO, 261, WATERLOO STREET, #01-30, WATERLOO CENTRE (RIGHT SIDE OF THE UNIT), SINGAPORE(180261)"
TEH SER HUI,30/12/2025 - 29/12/2026,"YUYI COFFEE STALL, 90, WHAMPOA DRIVE, #01-23, (HAWKER STALL), SINGAPORE(320090)"
MEMBERS ONLY HOSPITALITY PTE. LTD.,31/12/2025 - 30/12/2026,"BAR, 31, BUKIT PASOH ROAD, STRAITS CLAN (LEVEL 2), SINGAPORE(089845)"
AM/PM MART LLP,31/12/2025 - 30/12/2026,"AM/PM MART LLP, 511, GUILLEMARD ROAD, #01-55, GRANDLINK SQUARE, SINGAPORE(399849)"
SHWE WAR HTUN,04/01/2026 - 03/01/2027,"SHWE WAR HTUN, 121, BISHAN STREET 12, #01-91, SINGAPORE(570121)"
KITTY SHOP PTE. LTD.,06/01/2026 - 05/01/2027,"KITTY SHOP, 512A, TAMPINES CENTRAL 1, #01-174, SINGAPORE(521512)"
NTUC FAIRPRICE CO-OPERATIVE LTD,08/01/2026 - 07/01/2027,"FAIRPRICE XTRA, 80, MARINE PARADE ROAD, #03-28, PARKWAY PARADE, SINGAPORE(449269)"
BUZZ SHOP PTE. LTD.,09/01/2026 - 08/01/2027,"BUZZ, 165A, TECK WHYE CRESCENT, #01-343, TECK WHYE CREST, SINGAPORE(681165)"
ENG KONG GOURMET PTE. LTD.,12/01/2026 - 11/01/2027,"ENG KONG GOURMET, 1, ENG KONG TERRACE, ENG KONG PARK (DRINK COUNTER), SINGAPORE(598973)"
A + R TRADING (S) PTE. LTD.,12/01/2026 - 11/01/2027,"A + R TRADING (S) PTE. LTD., 578, GEYLANG ROAD, SINGAPORE(389519)"
SKYLINE F&B PTE. LTD.,13/01/2026 - 12/01/2027,"V6 FOOD COURT, 678A, CHOA CHU KANG CRESCENT, #01-01, (DRINK COUNTER), SINGAPORE(681678)"
BUZZ SHOP PTE. LTD.,13/01/2026 - 12/01/2027,"BUZZ, 3155, COMMONWEALTH AVENUE WEST, #01-05, THE CLEMENTI MALL, SINGAPORE(129588)"
KOPI PLACE BM 28 PTE. LTD.,14/01/2026 - 13/01/2027,"DETIAN, 28, JALAN BUKIT MERAH, #01-4476, BRICKWORKS ESTATE (DRINK COUNTER), SINGAPORE(152028)"
NGTC PTE. LTD.,14/01/2026 - 13/01/2027,"NGTC PTE. LTD., 38, ANG MO KIO INDUSTRIAL PARK 2, #01-13, (DRINK COUNTER), SINGAPORE(569511)"
CHEERS HOLDINGS (2004) PTE. LTD.,19/01/2026 - 18/01/2027,"FAIRPRICEXPRESS, 22, SIXTH AVENUE, SINGAPORE(276480)"
CHEERS HOLDINGS (2004) PTE. LTD.,19/01/2026 - 18/01/2027,"CHEERS, 1, PASIR RIS CLOSE, #01-333, E!HUB@DOWNTOWN EAST, SINGAPORE(519599)"
YUN LAI FOOD COURT PTE. LTD.,19/01/2026 - 18/01/2027,"AUTOBAY KOPI PLACE, 1, KAKI BUKIT AVENUE 6, #01-113, AUTOBAY @ KAKI BUKIT (DRINK COUNTER), SINGAPORE(417883)"
SHRI TIRUPATHI TIRUMALA MART PTE. LTD.,19/01/2026 - 18/01/2027,"STT MART PTE LTD, 325, WOODLANDS STREET 32, #01-139, (LIFT SIDE OF THE UNIT), SINGAPORE(730325)"
SPS MART PTE. LTD.,26/01/2026 - 25/01/2027,"SPS MART PTE LTD, 642, BUKIT BATOK CENTRAL, #01-54, (RIGHT SIDE OF THE UNIT), SINGAPORE(650642)"
GOWRI'S GLOBAL MARKETING PTE. LTD.,26/01/2026 - 25/01/2027,"GGM MINIMART, 1A, TUAS AVENUE 2, #01-03, (DORMITORY) / MINIMART, SINGAPORE(639467)"
9D PIER HUB PTE. LTD.,27/01/2026 - 26/01/2027,"9D PIER HOUSE, 9D, JURONG PIER ROAD, #01-01, MEP BUILDING (DRINK COUNTER), SINGAPORE(619177)"
RNS HOLDINGS PTE. LTD.,27/01/2026 - 26/01/2027,"SRI KRISHNA MART, 780, WOODLANDS CRESCENT, #01-05, WOODLANDS DEW, SINGAPORE(730780)"
CLUB AXIS PTE. LTD.,03/02/2026 - 02/02/2027,"CLUB AXIS, 35, SELEGIE ROAD, #B1-08, PARKLANE SHOPPING MALL, SINGAPORE(188307)"
TAWFIQA TRADING PTE. LTD.,10/02/2026 - 09/02/2027,"TAWFIQA TRADING PTE. LTD., 932B, HOUGANG AVENUE 9, #01-03, HOUGANG CRIMSON, SINGAPORE(532932)"
RAYNE LIN TRADING PTE. LTD.,10/02/2026 - 09/02/2027,"R&B MART, 250, TAMPINES STREET 21, #01-512, SINGAPORE(520250)"
7-ELEVEN,11/02/2026 - 10/02/2027,"7-ELEVEN, 213, YISHUN STREET 21, #01-K1, SINGAPORE(760213)"
7-ELEVEN,11/02/2026 - 10/02/2027,"7-ELEVEN, 107, SIMEI STREET 1, #01-834, SINGAPORE(520107)"
7-ELEVEN,11/02/2026 - 10/02/2027,"7-ELEVEN, 18, LORONG 7 TOA PAYOH, #01-262, KIM KEAT PALM, SINGAPORE(310018)"
TAN PENG LIM,11/02/2026 - 10/02/2027,"MAYFLOWER DRINK STALL, 162, ANG MO KIO AVENUE 4, #01-32, SINGAPORE(560162)"
CKS GROCERY PTE. LTD.,16/02/2026 - 15/02/2027,"LAGUNA MART, 5000F, MARINE PARADE ROAD, #01-26, LAGUNA PARK (RIGHT SIDE OF THE UNIT), SINGAPORE(449289)"
7-ELEVEN,16/02/2026 - 15/02/2027,"7-ELEVEN, 79, ROBINSON ROAD, #01-05, SINGAPORE(068897)"
SHANG HAO JIA TRADING PTE. LTD.,18/02/2026 - 17/02/2027,"24 HOUR GOOD MART, 432, CLEMENTI AVENUE 3, #01-288, RIGHT SIDE OF UNIT, SINGAPORE(120432)"
TUAS SOUTH MINIMART PTE. LTD.,19/02/2026 - 18/02/2027,"BEER COUNTER (TAKE AWAY COUNTER), 6, TUAS SOUTH STREET 15, #01-111, CDPL (TUAS) DORMITORY (BEER COUNTER), SINGAPORE(636906)"
LEE MAH MARKETING PTE. LTD.,20/02/2026 - 19/02/2027,"LEE MAH MARKETING PTE. LTD. PAARVATH STORE, 482, JURONG WEST STREET 41, #01-262, JURONG VILLE @ STREET 41, SINGAPORE(640482)"
KATBA IMPEX PTE. LTD.,03/03/2026 - 02/03/2027,"KATBA MART, 54, BAYSHORE ROAD, #01-04, BAYSHORE PARK, SINGAPORE(469979)"
TELOK AYER COFFEE SHOP PTE. LTD.,05/03/2026 - 04/03/2027,"TELOK AYER COFFEE SHOP PTE LTD, 121, TELOK AYER STREET, #01-01, SINGAPORE(068590)"
THE BUSYBODY COMPANY PRIVATE LIMITED,05/03/2026 - 04/03/2027,"BUSYBODY, 287, YISHUN AVENUE 6, #01-K1, SINGAPORE(760287)"
280CAFE PTE. LTD.,09/03/2026 - 08/03/2027,"280CAFE, 280, WOODLANDS INDUSTRIAL PARK E5, #01-47, HARVEST @ WOODLANDS, SINGAPORE(757322)"
SRI IDAIYANKALI PTE. LTD.,09/03/2026 - 08/03/2027,"KARAIKUDI MINIMART, 180, WOODLANDS INDUSTRIAL PARK E5, #01-03, WOODLANDS AUTO HUB, SINGAPORE(757512)"
KSP GROCERY PTE. LTD.,10/03/2026 - 09/03/2027,"KSP GROCERY PTE LTD, 431, CLEMENTI AVENUE 3, #01-342, SINGAPORE(120431)"
CANBERRA 126 KOPI PLACE PTE. LTD.,10/03/2026 - 09/03/2027,"DETIAN, 126, CANBERRA STREET, #01-01, (DRINK COUNTER), SINGAPORE(750126)"
RK STORES TRADING,12/03/2026 - 11/03/2027,"RK STORES TRADING, 87, UPPER PAYA LEBAR ROAD, SINGAPORE(534819)"
ANUMANI TRADING PTE. LTD.,13/03/2026 - 12/03/2027,"ANUMANI TRADING PTE. LTD., 77, INDUS ROAD, #01-507, INDUS GARDEN, SINGAPORE(160077)"
BUZZ SHOP PTE. LTD.,15/03/2026 - 14/03/2027,"BUZZ, 631, BUKIT BATOK CENTRAL, BUKIT BATOK BUS INTERCHANGE, SINGAPORE(650631)"
7-ELEVEN,16/03/2026 - 15/03/2027,"7-ELEVEN, 590A, MONTREAL LINK, #01-27, MONTREAL DALE, SINGAPORE(751590)"
NIVI'S KITCHEN PTE. LTD.,17/03/2026 - 16/03/2027,"NIVI'S CAFE, 70, TUAS SOUTH AVENUE 1, #01-44, TUAS VIEW DORMITORY, SINGAPORE(637285)"
GBL ELECTRICAL ENGINEERING,20/03/2026 - 19/03/2027,"TIANG SENG, 208C, CLEMENTI AVENUE 6, #01-01, SINGAPORE(123208)"
LKW FOOD COURT PTE. LTD.,23/03/2026 - 22/03/2027,"TUAS FOOD COURT, 67E, TUAS BAY DRIVE, (DRINK COUNTER), SINGAPORE(636824)"
HONEY LOTUS PTE. LTD.,25/03/2026 - 24/03/2027,"HONEY LOTUS PTE LTD, 90, BUKIT PANJANG RING ROAD, #01-K1, SENJA LRT STATION, SINGAPORE(679942)"
XIANG XIANG PTE. LTD.,26/03/2026 - 25/03/2027,"SHENG YUAN COFFEESHOP, 60, JALAN LAM HUAT, #01-14, CARROS CENTRE (DRINK STALL), SINGAPORE(737869)"
JIN YUAN 134 FOOD HOUSE PTE. LTD.,26/03/2026 - 25/03/2027,"JIN YUAN 134 FOOD HOUSE PTE. LTD., 134, LORONG AH SOO, #01-454, SINGAPORE(530134)"
KTM 11 ONE-STOP PTE. LTD.,27/03/2026 - 26/03/2027,"KTM 11 ONE-STOP PTE. LTD., 338, ANCHORVALE CRESCENT, #01-07, SINGAPORE(540338)"
KIAT HUAT MINI MART,28/03/2026 - 27/03/2027,"KIAT HUAT MINI MART, 276, JURONG WEST STREET 25, #01-03, SINGAPORE(640276)"
ARIZA MONEY EXCHANGE,28/03/2026 - 27/03/2027,"ARIZA MONEY EXCHANGE, 1, MARITIME SQUARE, #01-09, HARBOURFRONT CENTRE, SINGAPORE(099253)"
LIM THIONG BENG MINI MART,31/03/2026 - 30/03/2027,"LIM THIONG BENG MINI MART, 304, JURONG EAST STREET 32, #01-K1, HONG KAH EAST GARDEN, SINGAPORE(600304)"
BUZZ SHOP PTE. LTD.,01/04/2026 - 31/03/2027,"BUZZ, 600, UPPER SERANGOON ROAD, #B1-02, SERANGOON NEL MRT STATION, SINGAPORE(534801)"
BUZZ SHOP PTE. LTD.,01/04/2026 - 31/03/2027,"BUZZ, 900, UPPER SERANGOON ROAD, #B1-04, KOVAN NEL MRT STATION, SINGAPORE(534799)"
FORTUNE SUPERMARKET PTE. LTD.,02/04/2026 - 01/04/2027,"FORTUNE, 477, TAMPINES STREET 43, #01-172, SINGAPORE(520477)"
THSEU FOOD POINT PTE. LTD.,02/04/2026 - 01/04/2027,"BILLION FOOD POINT, 60, KAKI BUKIT PLACE, #03-20, EUNOS TECHPARK (DRINK COUNTER), SINGAPORE(415979)"
LAGUNA HOTEL HOLDINGS PTE. LTD.,05/04/2026 - 04/04/2027,"THE NEST, 11, LAGUNA GOLF GREEN, LAGUNA NATIONAL GOLF & COUNTRY CLUB, SINGAPORE(488047)"
UNIK MART PTE. LTD.,07/04/2026 - 06/04/2027,"UNIK MART PTE LTD, 14, ST. GEORGE'S ROAD, #01-K1, SINGAPORE(320014)"
JIU FU FOOD COURT PTE. LTD.,08/04/2026 - 07/04/2027,"JIU FU FOOD COURT , 111, NORTH BRIDGE ROAD, #B1-07D, PENINSULA PLAZA (DRINK COUNTER), SINGAPORE(179098)"
AJAY INTERNATIONAL TRADING PTE. LTD.,08/04/2026 - 07/04/2027,"AJAY MINIMART, 10, GUL DRIVE, (1ST STOREY), SINGAPORE(629461)"
7-ELEVEN,10/04/2026 - 09/04/2027,"7-ELEVEN, 3, SHENTON WAY, #01-05, SHENTON HOUSE, SINGAPORE(068805)"
CHANG CHENG FOOD & BEVERAGE PTE. LTD.,12/04/2026 - 11/04/2027,"CHANG CHENG MEE WAH, 325, WOODLANDS STREET 32, #01-131, (DRINK COUNTER), SINGAPORE(730325)"
CHEERS HOLDINGS (2004) PTE. LTD.,13/04/2026 - 12/04/2027,"CHEERS, 11, WOODLANDS SQUARE, #B1-28, WOODLANDS MRT STATION, SINGAPORE(737736)"
CHEERS HOLDINGS (2004) PTE. LTD.,13/04/2026 - 12/04/2027,"CHEERS, 11, CANBERRA LINK, #01-03, CANBERRA MRT STATION, SINGAPORE(756972)"
WU YUZHU,14/04/2026 - 13/04/2027,"P&T DA ZHONG CHA SHI KOPI, 7, EMPRESS ROAD, #01-85, SINGAPORE(260007)"
7-ELEVEN,15/04/2026 - 14/04/2027,"7-ELEVEN, 94A, DAWSON ROAD, #01-03, SINGAPORE(142094)"
7-ELEVEN,16/04/2026 - 15/04/2027,"7-ELEVEN, 482, JURONG WEST STREET 41, #01-258, JURONG VILLE @ STREET 41, SINGAPORE(640482)"
RISING MONEY EXCHANGE PTE. LTD.,16/04/2026 - 15/04/2027,"RISING MONEY EXCHANGE , 1, HARBOURFRONT WALK, #02-171, VIVO CITY, SINGAPORE(098585)"
SINOPEC HONG KONG (SINGAPORE) PTE. LTD.,19/04/2026 - 18/04/2027,"EASY JOY, 150, WOODLANDS AVENUE 5, SINOPEC PETROL SERVICE, SINGAPORE(739375)"
SKYLINE F&B PTE. LTD.,22/04/2026 - 21/04/2027,"FOOD HUB, 631, HOUGANG AVENUE 8, #01-06, (DRINK COUNTER), SINGAPORE(530631)"
SKYLINE F&B PTE. LTD.,22/04/2026 - 21/04/2027,"FOOD HUB, 119, ALJUNIED AVENUE 2, #01-54, (DRINK GOUNTER), SINGAPORE(380119)"
ACE DYNAMIC HOLDINGS PTE. LTD.,25/04/2026 - 24/04/2027,"ACE SIGNATURE, 151, LORONG CHUAN, #01-22, NEW TECH PARK, SINGAPORE(556741)"
GOODIES CORNER,27/04/2026 - 26/04/2027,"GOODIES CORNER, 31, WEST COAST CRESCENT, #01-32, BLUE HORIZON, SINGAPORE(128050)"
LION CITY STORE,30/04/2026 - 29/04/2027,"LION CITY STORE, 14, SCOTTS ROAD, #03-68A, FAR EAST PLAZA, SINGAPORE(228213)"
631 AMK COFFEE HOUSE PTE. LTD.,01/05/2026 - 30/04/2027,"DE TIAN, 631, ANG MO KIO AVENUE 4, #01-906, (DRINK COUNTER), SINGAPORE(560631)"
7-ELEVEN,11/05/2026 - 10/05/2027,"7-ELEVEN, 420A, CLEMENTI AVENUE 1, #01-06, CASA CLEMENTI, SINGAPORE(121420)"
7-ELEVEN,11/05/2026 - 10/05/2027,"7-ELEVEN, 12, KALLANG AVENUE, #01-53B, APERIA, SINGAPORE(339511)"
GP TRADERS,11/05/2026 - 10/05/2027,"GP TRADERS, 326, WOODLANDS STREET 32, #01-123, SINGAPORE(730326)"
SENG HUP FOO PTE. LTD.,16/05/2026 - 15/05/2027,"U MART, 129, KIM TIAN ROAD, #01-127, KIM TIAN VISTA (RIGHT SIDE OF THE UNIT), SINGAPORE(160129)"
BUZZ SHOP PTE. LTD.,19/05/2026 - 18/05/2027,"BUZZ, 250, RACE COURSE ROAD, #B1-03, FARRER PARK NEL MRT STATION, SINGAPORE(218703)"
PRIME SUPERMARKET (1996) PTE LTD,29/05/2026 - 28/05/2027,"PRIME SUPERMARKET, 610, TAMPINES NORTH DRIVE 1, #01-11, SINGAPORE(520610)"
STARS MINIMART,03/06/2026 - 02/06/2027,"STAR MINI MART, 304, ORCHARD ROAD, #B1-87F, LUCKY PLAZA (FRONT OF UNIT), SINGAPORE(238863)"
BROADWAY FOOD CENTRE (HOLDINGS) PTE LTD,03/06/2026 - 02/06/2027,"BROADWAY, 610, TAMPINES NORTH DRIVE 1, #01-02, (DRINK COUNTER), SINGAPORE(520610)"
FIRMAN SHAH PTE. LTD.,04/06/2026 - 03/06/2027,"FIRMAN SHAH PTE LTD, 311, NEW UPPER CHANGI ROAD, #02-01A, BEDOK MALL, SINGAPORE(467360)"
SG LOCAL MART,04/06/2026 - 03/06/2027,"SG LOCAL MART, 269A, PUNGGOL FIELD, #01-187, PUNGGOL SAPPHIRE, SINGAPORE(821269)"
7-ELEVEN,05/06/2026 - 04/06/2027,"7-ELEVEN, 20, CHAI CHEE ROAD, #01-426, PING-AN GARDENS, SINGAPORE(461020)"
J&P HOLDING PTE. LTD.,05/06/2026 - 04/06/2027,"POWER, 4, BUKIT BATOK STREET 41, #01-61, LE QUEST, SINGAPORE(657991)"
CHEERS HOLDINGS (2004) PTE. LTD.,11/06/2026 - 10/06/2027,"FAIRPRICEXPRESS, 30, GREENWOOD AVENUE, HILLCREST PARK, SINGAPORE(289230)"
HAVEEN MINIMART PTE. LTD.,11/06/2026 - 10/06/2027,"HAVEEN MINIMART PTE LTD, 91, JOO KOON CIRCLE, #02-01, JOO KOON MRT STATION, SINGAPORE(629116)"
HAOZAILAI FRESH MARKET PTE. LTD.,16/06/2026 - 15/06/2027,"HAOZAILAI FRESH CHINESE MARKET , 522, MACPHERSON ROAD, (GROUND FLOOR), SINGAPORE(368214)"
CHICKEN HOUSE PTE. LTD.,16/06/2026 - 15/06/2027,"CHICKEN HOUSE , 17, LORONG KILAT, #01-01, KILAT COURT (DRINK COUNTER), SINGAPORE(598139)"
PJ MINIMART,18/06/2026 - 17/06/2027,"PJ MINIMART, 532, CHOA CHU KANG STREET 51, #01-33, LIMBANG SHOPPING CENTRE (STALL 04), SINGAPORE(680532)"
NTUC FAIRPRICE CO-OPERATIVE LTD,22/06/2026 - 21/06/2027,"FAIRPRICE, 533, CHOA CHU KANG STREET 51, #01-01, LIMBANG SHOPPING CENTRE, SINGAPORE(680533)"
XPRESS CONVENIENCE STORE,23/06/2026 - 22/06/2027,"XPRESS CONVENIENCE STORE MONEY CHANGER, 583, ORCHARD ROAD, #B1-19, FORUM, SINGAPORE(238884)"
EAGLEWINGS GIFTS PTE. LTD.,24/06/2026 - 23/06/2027,"EAGLEWINGS MART, 9, KING ALBERT PARK, #01-24, KAP (GROUND FLOOR), SINGAPORE(598332)"
TECHMOBILE,26/06/2026 - 25/06/2027,"TECHMOBILE, 153, SERANGOON NORTH AVENUE 1, #01-470, (LEFT SIDE OF THE UNIT), SINGAPORE(550153)"
RICH-FIELD GENERAL TRADERS PTE. LTD.,30/06/2026 - 29/06/2027,"RICH-FIELD GENERAL TRADERS PTE LTD, 1108, SERANGOON ROAD, (GROUND FLOOR), SINGAPORE(328199)"
DELIGHT SUPERMART PTE. LTD.,03/07/2026 - 02/07/2027,"DELIGHT SUPERMART PTE LTD, 710, CLEMENTI WEST STREET 2, #01-255, SINGAPORE(120710)"
YUNG SHENG BEVERAGE PTE. LTD.,06/07/2026 - 05/07/2027,"YUNG SHENG BEVERAGE PTE LTD, 7, SOON LEE STREET, #01-13, ISPACE, STALL 1 (DRINK COUNTER), SINGAPORE(627608)"
WU FU (T406) PTE. LTD.,06/07/2026 - 05/07/2027,"WU FU, 406, TAMPINES STREET 41, #01-07, SUN PLAZA GREEN (DRINK COUNTER), SINGAPORE(520406)"
WU FU (KALLANG) PTE. LTD.,06/07/2026 - 05/07/2027,"WU FU, 5, KALLANG SECTOR, #01-01, (DRINK COUNTER), SINGAPORE(349279)"
LOTTE TRAVEL RETAIL SINGAPORE PTE. LTD.,07/07/2026 - 06/07/2027,"LOTTE DUTY FREE, 65, AIRPORT BOULEVARD, #02-11, CHANGI AIRPORT TERMINAL 3, SINGAPORE(819663)"
LOTTE TRAVEL RETAIL SINGAPORE PTE. LTD.,07/07/2026 - 06/07/2027,"LOTTE DUTY FREE, 65, AIRPORT BOULEVARD, #03-08, CHANGI AIRPORT TERMINAL 3, SINGAPORE(819663)"
K&N MART PTE. LTD.,07/07/2026 - 06/07/2027,"DOJIN, 214, SERANGOON AVENUE 4, #01-104, SERANGOON GREEN, SINGAPORE(550214)"
SRI JUMBO SUPER MART,11/07/2026 - 10/07/2027,"SRI JUMBO SUPER MART, 306, CHOA CHU KANG AVENUE 4, #01-681, (LEFT SIDE OF THE UNIT), SINGAPORE(680306)"
TRIO MINIMART,14/07/2026 - 13/07/2027,"TRIO MINIMART, 275, TAMPINES STREET 22, #01-K1, SINGAPORE(520275)"
YI JIA F&B PTE. LTD.,14/07/2026 - 13/07/2027,"YI JIA FOOD COURT, 532, CHOA CHU KANG STREET 51, #01-32, LIMBANG SHOPPING CENTRE (DRINKS COUNTER), SINGAPORE(680532)"
RESORTS WORLD AT SENTOSA PTE. LTD.,15/07/2026 - 14/07/2027,"ORCHID CLUB, 8, SENTOSA GATEWAY, RESORTS WORLD SENTOSA, SINGAPORE(098269)"
NTUC FAIRPRICE CO-OPERATIVE LTD,15/07/2026 - 14/07/2027,"FAIRPRICE, 453, ANG MO KIO AVENUE 10, #01-1801, SINGAPORE(560453)"
R K TRADING PTE. LTD.,17/07/2026 - 16/07/2027,"R. K. TRADING PTE LTD, 532, CHOA CHU KANG STREET 51, #01-33, LIMBANG SHOPPING CENTRE (STALL 06), SINGAPORE(680532)"
BUZZ SHOP PTE. LTD.,20/07/2026 - 19/07/2027,"BUZZ, 30, WOODLANDS AVENUE 2, #B1-04, WOODLANDS MRT STATION, SINGAPORE(738343)"
7-ELEVEN,20/07/2026 - 19/07/2027,"7-ELEVEN, 30, SEMBAWANG DRIVE, #01-01, SUN PLAZA, SINGAPORE(757713)"
BIG TINGS CONVENIENCE STORE PTE. LTD.,28/07/2026 - 27/07/2027,"BIG TINGS CONVENIENCE STORE , 123, BEDOK NORTH STREET 2, #01-150, (RIGHT SIDE OF THE SHOP), SINGAPORE(460123)"
PEACEOAK PTE. LTD.,30/07/2025 - 29/07/2026,"PEACEOAK, 152, UBI AVENUE 4, #01-01, (DRINK STALL 1), SINGAPORE(408826)"
WOODLANDS 570 KOPI PLACE PTE. LTD.,04/08/2026 - 03/08/2027,"DE TIAN, 570A, WOODLANDS AVENUE 1, #01-01, CHAMPIONS COURT (DRINKS STALL), SINGAPORE(731570)"
TAM KAH SHARK'S FIN PTE. LTD.,05/08/2026 - 04/08/2027,"TAM KAH SHARK'S FIN PTE LTD, 28, JALAN KELULUT, SELETAR HILLS ESTATE, SINGAPORE(809045)"
ZHEN WEI FOOD HOUSE PTE. LTD.,07/08/2025 - 06/08/2026,"KIMLY COFFEESHOP, 233, BUKIT BATOK EAST AVENUE 5, #01-53, GOMBAK GARDENS (DRINKS COUNTER), SINGAPORE(650233)"
MUSHROOM CLOUD (SINGAPORE) PTE. LTD.,11/08/2025 - 10/08/2026,"EVERYDAY MART, 3, IRVING ROAD, #01-16, TAI SENG CENTRE, SINGAPORE(369522)"
QUICKPICK SUPPLIES PRIVATE LIMITED,17/08/2025 - 16/08/2026,"QUICKPICK, 67, AYER RAJAH CRESCENT, #01-10, SINGAPORE(139950)"
7-ELEVEN,18/08/2025 - 17/08/2026,"7-ELEVEN, 182, JALAN JURONG KECHIL, #01-56, THE HILLFORD, SINGAPORE(596152)"
7-ELEVEN,18/08/2025 - 17/08/2026,"7-ELEVEN, 123, HOUGANG AVENUE 1, #01-1418, SINGAPORE(530123)"
VENTA VENTURE PTE. LTD.,22/08/2025 - 21/08/2026,"THE PLACE, 70, TUAS SOUTH AVENUE 1, #01-53, TUAS VIEW DORMITORY, SINGAPORE(637285)"
QUALITY FOODS PTE. LTD.,25/08/2025 - 24/08/2026,"QUALITY FOODS MINIMART, 6B, TUAS SOUTH STREET 15, BLK 1, DORMITORY (MINIMART), SINGAPORE(638909)"
I-TEC SUPERMART PTE LTD,26/08/2025 - 25/08/2026,"I-TEC SUPERMART PTE LTD, 19, SWAN LAKE AVENUE, OPERA ESTATE, SINGAPORE(455713)"
A.A FOODS & RESTAURANT PTE. LTD.,27/08/2026 - 26/08/2027,"SRI UDHAYAN CAFE, 30, KAKI BUKIT ROAD 3, #01-04, EMPIRE TECHNOCENTRE, SINGAPORE(417819)"
LIM TECK BEE TRADING,31/08/2025 - 30/08/2026,"LIM TECK BEE TRADING, 246, HOUGANG STREET 22, #01-155, SINGAPORE(530246)"
SL7 EATING HOUSE,02/09/2025 - 01/09/2026,"ZHONG HE XIAO ZHEN, 27, PIONEER ROAD NORTH, #01-01, (DRINKS COUNTER), SINGAPORE(628470)"
7-ELEVEN,02/09/2025 - 01/09/2026,"7-ELEVEN, 6, HOLLAND CLOSE, #01-16, SINGAPORE(271006)"
7-ELEVEN,02/09/2025 - 01/09/2026,"7-ELEVEN, 70, PUNGGOL CENTRAL, #01-07, PUNGGOL NEL MRT STATION, SINGAPORE(828868)"
7-ELEVEN,02/09/2025 - 01/09/2026,"7-ELEVEN, 252, NORTH BRIDGE ROAD, #B1-03, RAFFLES CITY SHOPPING CENTRE, SINGAPORE(179103)"
3C SUPERMART PTE. LTD.,09/09/2025 - 08/09/2026,"3C SUPERMART, 10, ADMIRALTY STREET, #01-06, NORTH LINK BUILDING (MINIMART), SINGAPORE(757695)"
WALL MART PTE. LTD.,09/09/2025 - 08/09/2026,"WALL MART, 83, ROWELL ROAD, SINGAPORE(208015)"
YOU CHEN PTE. LTD.,14/09/2025 - 13/09/2026,"HOT AND COOL DRINKS, 119, AIRPORT CARGO ROAD, #B1-05, CHANGI CARGO AGENTS MEGAPLEX 1 (DRINK STALL), SINGAPORE(819454)"
KOUFU PTE LTD,16/09/2025 - 15/09/2026,"KOUFU, 1, WOODLANDS HEIGHT, #01-01, KOUFU GROUP HQ (DRINKS COUNTER), SINGAPORE(737859)"
7-ELEVEN,16/09/2025 - 15/09/2026,"7-ELEVEN, 2, JURONG EAST STREET 21, #01-82, IMM BUILDING, SINGAPORE(609601)"
JAB BREWERS PTE. LTD.,16/09/2025 - 15/09/2026,"THE DRUG STORE, 4, MARINA BOULEVARD, #01-33, THE SAIL @ MARINA BAY, SINGAPORE(018986)"
SWEET HOUSE EATING ENTERPRISE,18/09/2025 - 17/09/2026,"SWEET HOUSE, 6001, BEACH ROAD, #01-43, GOLDEN MILE TOWER, SINGAPORE(199589)"
MEI TIAN MINIMART,24/09/2025 - 23/09/2026,"MEI TIAN MINIMART, 7, JALAN BUKIT MERAH, #01-4428, (LEFT SIDE OF THE UNIT), SINGAPORE(150007)"
ACE DYNAMIC HOLDINGS PTE. LTD.,24/09/2025 - 23/09/2026,"ACE SIGNATURE, 933, UPPER CHANGI ROAD NORTH, #01-02, LIV@CHANGI, SINGAPORE(506785)"
NAPISHA KIOSK,25/09/2025 - 24/09/2026,"NAPISHA KIOSK, 143, JALAN BUKIT MERAH, #01-K1, SINGAPORE(160143)"
HENG ENG PAPER PTE. LTD.,28/09/2025 - 27/09/2026,"HENG ENG PAPER, 17, BEDOK SOUTH ROAD, #01-583, (RIGHT SIDE OF THE UNIT), SINGAPORE(460017)"
KIM SAN LENG (PEK KIO) PTE LTD,29/09/2025 - 28/09/2026,"KIM SAN LENG , 46, OWEN ROAD, #01-267, (DRINKS COUNTER), SINGAPORE(210046)"
THE CONNOISSEUR EMPORIUM,29/09/2025 - 28/09/2026,"THE CONNOISSEUR EMPORIUM, 190, ORCHARD BOULEVARD, #01-01, FOUR SEASONS HOTEL, SINGAPORE(248646)"
CHEERS HOLDINGS (2004) PTE. LTD.,29/09/2025 - 28/09/2026,"FAIRPRICEXPRESS, 15, BINJAI PARK, BINJAI PARK (LEVEL 1), SINGAPORE(589824)"
RINGO MOBILE TRADING,30/09/2025 - 29/09/2026,"RINGO MOBILE TRADING, 865, MOUNTBATTEN ROAD, #B1-25, KATONG SHOPPING CENTRE, SINGAPORE(437844)"
AAANNNGG PTE. LTD.,02/10/2025 - 01/10/2026,"STELLA SEASIDE LOUNGE, 11, CHANGI COAST WALK, SAFRA RESORT SEA SPORTS CENTRE, SINGAPORE(499740)"
GOOD PRICE HUB PTE. LTD.,02/10/2025 - 01/10/2026,"GOOD PRICE HUB, 324, BUKIT BATOK STREET 33, #01-45, SINGAPORE(650324)"
KJM SUPER PTE. LTD.,02/10/2025 - 01/10/2026,"KJM SUPER, 9, TELOK BLANGAH CRESCENT, #01-123, SINGAPORE(090009)"
NAWAS GLOBAL PTE. LTD.,02/10/2025 - 01/10/2026,"NAWAS GLOBAL PTE LTD, 11A, JALAN TUKANG, #01-02, WESTLITE TUKANG DORMITORY (QBD), SINGAPORE(619267)"
CHOLA SUPERMART PTE. LTD.,02/10/2025 - 01/10/2026,"CHOLA MART, 26, CLIVE STREET, SINGAPORE(209781)"
SM MART PTE. LTD.,06/10/2025 - 05/10/2026,"SM MART, 10, WOODLANDS INDUSTRIAL PARK E1, (LEVEL 1), SINGAPORE(757733)"
SEVEN STAR MINIMART,07/10/2025 - 06/10/2026,"SEVEN STAR MINIMART, 68, GEYLANG BAHRU, #01-3211, SINGAPORE(330068)"
POH KIM SAN,08/10/2025 - 07/10/2026,"POH KIM SAN, 2, JALAN KUKOH, #01-145, SINGAPORE(163002)"
SREE SEVUGA PERUMAL PTE. LTD.,12/10/2025 - 11/10/2026,"KARAIKUDI MINIMART, 18, KAKI BUKIT ROAD 3, #01-16A, ENTREPRENEUR BUSINESS CENTRE, SINGAPORE(415978)"
TOA PAYOH NEW HONG KONG RESTAURANT PTE. LTD.,12/10/2025 - 11/10/2026,"HONG KONG RESTAURANT, 203, TOA PAYOH NORTH, #01-1097, TOA PAYOH SPRING (DRINKS COUNTER), SINGAPORE(310203)"
SIMPLY GROCERIES PTE. LTD.,13/10/2025 - 12/10/2026,"URBAN MART, 2, JALAN LOKAM, #01-17, KENSINGTON SQUARE, SINGAPORE(537846)"
MKSN PTE. LTD.,16/10/2025 - 15/10/2026,"MKSN PTE. LTD., 530, BEDOK NORTH STREET 3, #01-640, (LEFT SIDE OF THE UNIT), SINGAPORE(460530)"
GA-HOCK EATING HOUSE,19/10/2025 - 18/10/2026,"GA-HOCK EATING HOUSE, 794, UPPER BUKIT TIMAH ROAD, #01-01, DRINK STALL, SINGAPORE(678133)"
7-ELEVEN,20/10/2025 - 19/10/2026,"7-ELEVEN, 331, SERANGOON AVENUE 3, #01-347, SINGAPORE(550331)"
ONE STOP MINI-MART,20/10/2025 - 19/10/2026,"ONE STOP MINIMART, 136, PASIR RIS STREET 11, #01-233, SINGAPORE(510136)"
KAVI TRADERS PTE. LTD.,20/10/2025 - 19/10/2026,"KAVI TRADERS PTE LTD, 17, SIMEI STREET 4, #01-63, DOUBLE BAY RESIDENCES, SINGAPORE(529881)"
37 BREW CAFE LLP,25/10/2025 - 24/10/2026,"EPIC HAUS, 37, CHAI CHEE AVENUE, #01-305, (DRINK STALL), SINGAPORE(461037)"
TAN QUEE SIANG,25/10/2025 - 24/10/2026,"TAN AI KOK, 29A, JURONG PORT ROAD, #01-10, (DRINK STALL), SINGAPORE(619112)"
7-ELEVEN,28/10/2025 - 27/10/2026,"7-ELEVEN, 31, JURONG WEST STREET 63, #02-04, PIONEER MRT STATION, SINGAPORE(648310)"
SRI RENGA TRADING PTE. LTD.,28/10/2025 - 27/10/2026,"GOLDEN FRESH SUPERMART, 31, UPPER SERANGOON VIEW, #01-21, BOATHOUSE RESIDENCES, SINGAPORE(534043)"
7-ELEVEN,28/10/2025 - 27/10/2026,"7-ELEVEN, 304, WOODLANDS STREET 31, #01-113, (RIGHT SIDE OF THE UNIT), SINGAPORE(730304)"
U STARS PTE. LTD.,28/10/2025 - 27/10/2026,"U STARS SUPERMARKET, 108, HOUGANG AVENUE 1, #01-1313, SINGAPORE(530108)"
UNIVERSAL TIME PTE. LTD.,29/10/2025 - 28/10/2026,"UNIVERSAL TIME PTE. LTD., 1, ROCHOR CANAL ROAD, #01-32, SIM LIM SQUARE, SINGAPORE(188504)"
R&D MART,29/10/2025 - 28/10/2026,"R&D MART, 282, TAMPINES STREET 22, #01-298, (LEFT SIDE OF THE UNIT), SINGAPORE(520282)"
SMARKET PTE. LTD.,02/11/2025 - 01/11/2026,"SMARKET, 221, BOON LAY PLACE, #01-228, (LEFT SIDE OF THE UNIT), SINGAPORE(640221)"
ARCHETYPE FOOD PTE. LTD.,07/11/2025 - 06/11/2026,"LIU BAR( ARCHETYPE FOODS PTE LTD), 6A, DEMPSEY ROAD, (BAR), SINGAPORE(247661)"
MEI FANG FOOD PARADISE PTE. LTD.,09/11/2025 - 08/11/2026,"MEI FANG SHI GE, 1, SHIPYARD CRESCENT, #01-01, (DRINK STALL), SINGAPORE(627842)"
PRN MINIMART,09/11/2025 - 08/11/2026,"PRN MINIMART, 157, MEI LING STREET, #01-62, MEI LING HEIGHTS (LEFT SIDE OF THE UNIT), SINGAPORE(140157)"
YONG YUN PTE. LTD.,10/11/2025 - 09/11/2026,"KIMLY, 116, BUKIT MERAH VIEW, #01-253, (DRINK STALL), SINGAPORE(151116)"
KL MART PTE. LTD.,12/11/2025 - 11/11/2026,"KL MART PTE. LTD., 167, MACPHERSON ROAD, SENNETT ESTATE, SINGAPORE(348534)"
WEALTHY BUD TRADING,16/11/2025 - 15/11/2026,"WEALTHY BUD TRADING, 111, NORTH BRIDGE ROAD, #01-37, PENINSULA PLAZA (RIGHT SIDE OF THE UNIT), SINGAPORE(179098)"
7-ELEVEN,17/11/2025 - 16/11/2026,"7-ELEVEN, 9, AYER RAJAH AVENUE, #B2-02, SINGAPORE(138647)"
GOWRI'S GLOBAL MARKETING PTE. LTD.,17/11/2025 - 16/11/2026,"GGM MINIMART, 11A, TUAS SOUTH BOULEVARD, #01-02, WESTLITE TUAS SOUTH BOULEVARD DORMITORY (QBD), SINGAPORE(636745)"
HANG SIEN TEE,18/11/2025 - 17/11/2026,"HANG KEE COFFEE STALL, 270, QUEEN STREET, #01-70, ALBERT CENTRE (DRINK STALL), SINGAPORE(180270)"
FPY BEVERAGES,19/11/2025 - 18/11/2026,"CHENG MUN CHEE KEE PIG ORGAN SOUP, 22, FOCH ROAD, ( STALL 3 ), SINGAPORE(209262)"
ACE MARKETPLACE PTE. LTD.,23/11/2025 - 22/11/2026,"ACE MARKETPLACE, 465, NORTH BRIDGE ROAD, #01-5059, SINGAPORE(191465)"
PRIME SUPERMARKET (1996) PTE LTD,23/11/2025 - 22/11/2026,"PRIME SUPERMARKET, 823, TAMPINES STREET 81, #01-160, TAMPINES GROVE, SINGAPORE(520823)"
HENG ENG PAPER PTE. LTD.,24/11/2025 - 23/11/2026,"HENG ENG PAPER , 6, EUNOS CRESCENT, #01-2637, SINGAPORE(400006)"
GOOD PRICE HUB PTE. LTD.,26/11/2025 - 25/11/2026,"GOOD PRICE HUB, 324, BUKIT BATOK STREET 33, #01-43, SINGAPORE(650324)"
MEIXIANG COFFEESHOP PTE. LTD.,03/12/2025 - 02/12/2026,"MEIXIANG COFFEESHOP, 2, TUAS SOUTH STREET 2, #01-08, SPRINTECS INDUSTRIAL BUILDING (DRINK STALL), SINGAPORE(637895)"
MH FOODCOURT PTE. LTD.,04/12/2025 - 03/12/2026,"MH FOODCOURT, 2A, KIAN TECK AVENUE, (DRINK STALL), SINGAPORE(628896)"
WHAT EVER ICON,08/12/2025 - 07/12/2026,"O MART, 157A, SERANGOON NORTH AVENUE 1, #01-02, SINGAPORE(551157)"
MEDITERRANEAN INVESTMENT PTE LTD,09/12/2025 - 08/12/2026,"LA CASA DEL HABANOS, 1, CUSCADEN ROAD, #01-07, THE REGENT SINGAPORE, SINGAPORE(249715)"
DALUNFA MINIMART PTE. LTD.,09/12/2025 - 08/12/2026,"DA LUN FA MINI MART , 87, CIRCUIT ROAD, #01-991, MACPHERSON OASIS, SINGAPORE(370087)"
BT PANJANG 259 KOPI PLACE PTE. LTD.,10/12/2025 - 09/12/2026,"DE TIAN, 259, BUKIT PANJANG RING ROAD, #01-34, (DRINK STALL), SINGAPORE(671259)"
UNCLE YAP'S ENTERPRISE PTE. LTD.,10/12/2025 - 09/12/2026,"UNCLE YAP'S ENTERPRISE, 3, ST. GEORGE'S ROAD, #01-103, ST GEORGE'S WEST GARDENS, SINGAPORE(320003)"
RS CONVENIENCE STORE,10/12/2025 - 09/12/2026,"RS CONVENIENCE STORE, 103, TECK WHYE LANE, #01-K1, SINGAPORE(680103)"
AK SUPERSTORE,11/12/2025 - 10/12/2026,"AK SUPER STORE, 33, KRANJI LINK, KRANJI LINC (RIGHT SIDE OF THE UNIT), SINGAPORE(728665)"
CHEERS HOLDINGS (2004) PTE. LTD.,14/12/2025 - 13/12/2026,"FAIRPRICEXPRESS, 93, WEST COAST VALE, #B1-04, TWIN VEW, SINGAPORE(126756)"
COLD STORAGE SINGAPORE (1983) PTE LTD,14/12/2025 - 13/12/2026,"CS FRESH, 112, EAST COAST ROAD, #B1-01, 112 KATONG, SINGAPORE(428802)"
ASAM TREE PN PTE. LTD.,14/12/2025 - 13/12/2026,"DRINK AND BEER BY SYNC FOOD, 2A, PENJURU ROAD, #01-02, PRIME LODGE (CANTEEN DRINK STALL), SINGAPORE(609853)"
AFIA IMPORTS & EXPORTS,14/12/2025 - 13/12/2026,"RIGHT CHOICE, 810, GEYLANG ROAD, #01-60, CITY PLAZA, SINGAPORE(409286)"
SRI SUN TRADING PTE. LTD.,14/12/2025 - 13/12/2026,"SRI SUN TRADING PTE LTD, 221, BOON LAY PLACE, #01-216, BOON LAY SHOPPING CENTRE, SINGAPORE(640221)"
REFRESHMENTS LLP,15/12/2025 - 14/12/2026,"REFRESHMENTS, 744, BEDOK RESERVOIR ROAD, #01-3057, (RIGHT SIDE OF THE UNIT), SINGAPORE(470744)"
ARSHAD MART,16/12/2025 - 15/12/2026,"ARSHAD MART, 545, ORCHARD ROAD, #01-27, FAR EAST SHOPPING CENTRE, SINGAPORE(238882)"
SRI SUN TRADING PTE. LTD.,18/12/2025 - 17/12/2026,"SRI SUN TRADING PTE LTD, 502, JURONG WEST AVENUE 1, #01-815, HONG KAH COURT (LEFT SIDE OF THE UNIT), SINGAPORE(640502)"
WEBE SOLUTIONZ PTE. LTD.,23/12/2025 - 22/12/2026,"GRAND SUPERMART, 555, ANG MO KIO AVENUE 10, #01-1954, CHENG SAN PLACE, SINGAPORE(560555)"
MEI CHENG EATING HOUSE PTE. LTD.,23/12/2025 - 22/12/2026,"MEI CHENG SHI GE F.K.A. 302 FOOD PARADISE PTE LTD, 2, MISTRI ROAD, #01-02, LUMIERE (DRINK STALL), SINGAPORE(079624)"
UMART QLT PRIVATE LIMITED,23/12/2025 - 22/12/2026,"UMART, 988, UPPER SERANGOON ROAD, #01-11, STARS OF KOVAN, SINGAPORE(534733)"
VAST PRO PTE. LTD.,25/12/2025 - 24/12/2026,"VAST PRO PTE LTD, 27A, CHAI CHEE ROAD, #01-379, (RIGHT SIDE OF THE UNIT), SINGAPORE(461027)"
LIU XINGJIAN,25/12/2025 - 24/12/2026,"SULTAN'S KITCHEN, 100, JALAN SULTAN, #01-06, SULTAN PLAZA (DRINK STALL), SINGAPORE(199001)"
HOKI 71 PTE. LTD.,26/12/2025 - 25/12/2026,"HOKI, 71, UBI CRESCENT, #01-05, EXCALIBUR CENTRE (DRINK STALL), SINGAPORE(408571)"
7-ELEVEN,27/12/2025 - 26/12/2026,"7-ELEVEN, 729, YISHUN STREET 71, #01-107, KHATIB SPRING, SINGAPORE(760729)"
NTUC FAIRPRICE CO-OPERATIVE LTD,29/12/2025 - 28/12/2026,"FAIRPRICE FINEST, 118, HOLLAND AVENUE, #B1-13, RAFFLES HOLLAND V, SINGAPORE(278997)"
COLD STORAGE SINGAPORE (1983) PTE LTD,29/12/2025 - 28/12/2026,"GIANT SUPERMARKET, 30, SIMEI STREET 3, #01-01, SIMEI MRT STATION, SINGAPORE(529888)"
TAN LAY PENG,30/12/2025 - 29/12/2026,"HUAT HENG COFFEESHOP, 503, WEST COAST DRIVE, #01-46, AYER RAJAH FOOD CENTRE, SINGAPORE(120503)"
COLD STORAGE SINGAPORE (1983) PTE LTD,05/01/2026 - 04/01/2027,"COLD STORAGE, 370, ALEXANDRA ROAD, #B1-10, ANCHORPOINT SHOPPING CENTRE, SINGAPORE(159953)"
SKYLINE F&B PTE. LTD.,07/01/2026 - 06/01/2027,"FOOD HUB, 169, STIRLING ROAD, #01-1175, (DRINK STALL), SINGAPORE(140169)"
7-ELEVEN,07/01/2026 - 06/01/2027,"7-ELEVEN, 103, YISHUN RING ROAD, #01-69, SINGAPORE(760103)"
THOMSON MONEY EXCHANGE,09/01/2026 - 08/01/2027,"MONEY CHANGER, 23, SERANGOON CENTRAL, #03-34, NEX, SINGAPORE(556083)"
BEST GROCERMART PTE. LTD.,11/01/2026 - 10/01/2027,"BEST GROCERMART PTE LTD, 418, BEDOK NORTH AVENUE 2, #01-71, SINGAPORE(460418)"
TATSUYA (S) PTE. LTD.,12/01/2026 - 11/01/2027,"TATSUYA JAPANESE RESTAURANT, 22, SCOTTS ROAD, GOODWOOD PARK HOTEL (RESTAURANT), SINGAPORE(228221)"
OHWELL PTE. LTD.,12/01/2026 - 11/01/2027,"OHWELL FAMILY STORE, 174D, HOUGANG AVENUE 1, #01-1615, PAYA LEBAR LODGE, SINGAPORE(539174)"
CHEERS HOLDINGS (2004) PTE. LTD.,13/01/2026 - 12/01/2027,"CHEERS, 418, NORTHSHORE DRIVE, #02-05, SINGAPORE(820418)"
CHEERS HOLDINGS (2004) PTE. LTD.,14/01/2026 - 13/01/2027,"CHEERS, 106A, BIDADARI PARK DRIVE, #01-04, SINGAPORE(341106)"
7-ELEVEN,14/01/2026 - 13/01/2027,"7-ELEVEN, 150, NORTH BRIDGE ROAD, #B1-01, CITY HALL MRT STATION, SINGAPORE(179100)"
7-ELEVEN,14/01/2026 - 13/01/2027,"7-ELEVEN, 242, JURONG EAST STREET 24, #01-629, SINGAPORE(600242)"
SHENG SIONG SUPERMARKET PTE LTD,19/01/2026 - 18/01/2027,"SHENG SIONG, 467, BUKIT BATOK WEST AVENUE 9, #01-01, SINGAPORE(650467)"
FORTUNE SUPERMARKET PTE. LTD.,19/01/2026 - 18/01/2027,"FORTUNE, 107, ANG MO KIO AVENUE 4, #01-156, KEBUN BARU HEIGHTS, SINGAPORE(560107)"
HAPPY HUAT PRIVATE LIMITED,20/01/2026 - 19/01/2027,"HAPPY HUAT , 808, FRENCH ROAD, #01-02, KITCHENER COMPLEX, SINGAPORE(200808)"
MACRO JUNCTION PTE. LTD.,20/01/2026 - 19/01/2027,"ROYAL MINIMART, 11, TUAS AVENUE 10, #01-14, (DORMITORY), SINGAPORE(639135)"
WANDIAN PTE. LTD.,22/01/2026 - 21/01/2027,"WANDIAN PTE LTD, 101, KITCHENER ROAD, #01-07, JALAN BESAR PLAZA, SINGAPORE(208511)"
FRESH FOODS SUPERMARKET PTE. LTD.,25/01/2026 - 24/01/2027,"FRESH FOODS SUPERMARKET PTE LTD, 727, CLEMENTI WEST STREET 2, #01-266, SINGAPORE(120727)"
KOPI TARIK (19) PTE. LTD.,25/01/2026 - 24/01/2027,"KOPI TARIK, 19, GHIM MOH ROAD, #01-229, (DRINK STALL), SINGAPORE(270019)"
HAPPY KAMPONG CAFE 81 PTE. LTD.,26/01/2026 - 25/01/2027,"HAPPY KAMPONG CAFE 81, 81, JALAN MALU-MALU, #01-00, (DRINK STALL), SINGAPORE(769689)"
AVN PTE. LTD.,27/01/2026 - 26/01/2027,"A.V.N PTE LTD, 104, JURONG EAST STREET 13, #01-114, JURONG EAST VILLE, SINGAPORE(600104)"
TAM CHIAK & TAM LIM PTE. LTD.,29/01/2026 - 28/01/2027,"TAM CHIAK AND TAM LIM, 11, CHANGI SOUTH STREET 2, #01-02, (DRINK STALL), SINGAPORE(486362)"
THE EASTERN RESTAURANT (487) PTE. LTD.,30/01/2026 - 29/01/2027,"DONG FANG, 611, GEYLANG ROAD, (DRINK STALL), SINGAPORE(389550)"
YPLUS SANCTUARY PTE. LTD.,03/02/2026 - 02/02/2027,"HIMART, 124, LORONG 1 TOA PAYOH, #01-485, SINGAPORE(310124)"
KOUFU PTE LTD,08/02/2026 - 07/02/2027,"HAPPY HAWKER, 467, BUKIT BATOK WEST AVENUE 9, #01-10, (DRINK STALL), SINGAPORE(650467)"
EXPRESS AVENUE,08/02/2026 - 07/02/2027,"EXPRESS AVENUE, 58, MARINE TERRACE, #01-43, MARINE TERRACE HAVEN, SINGAPORE(440058)"
SMART99 PTE. LTD.,08/02/2026 - 07/02/2027,"SMART99 , 317, YISHUN AVENUE 9, #01-04, YISHUN GREENWALK, SINGAPORE(760317)"
HASINI MART PTE. LTD.,09/02/2026 - 08/02/2027,"HASINI MINI MART, 17, JALAN BESUT, (DORMITORY), LEVEL 1 MINI MART, SINGAPORE(619570)"
BISMI D S MINIMART,17/02/2026 - 16/02/2027,"BISMI D S MINIMART, 134, BUKIT BATOK WEST AVENUE 6, #01-453, SINGAPORE(650134)"
TIAN YUAN EATERY PTE. LTD.,21/02/2026 - 20/02/2027,"TIAN YUAN EATERY PTE. LTD., 27, WOODLANDS INDUSTRIAL PARK E1, #01-01-03, (DRINK STALL), SINGAPORE(757718)"
JILIN QIAN AN JUN ZI IMPORT & EXPORT PTE. LTD.,28/02/2026 - 27/02/2027,"CHINA SUPERMART, 848, YISHUN STREET 81, #01-152, KHATIB CENTRAL (LEFT SIDE OF THE UNIT), SINGAPORE(760848)"
FORTUNE SUPERMARKET PTE. LTD.,03/03/2026 - 02/03/2027,"FORTUNE, 207, BUKIT BATOK STREET 21, #01-112, BUKIT BATOK GREEN, SINGAPORE(650207)"
MAHA MART PTE. LTD.,08/03/2026 - 07/03/2027,"MAHA MART PTE LTD, 722, CLEMENTI WEST STREET 2, #01-158, (LEFT SIDE OF THE UNIT), SINGAPORE(120722)"
SAJ EXCHANGE,09/03/2026 - 08/03/2027,"SAJ EXCHANGE, 252, NORTH BRIDGE ROAD, #B1-97, RAFFLES CITY SHOPPING CENTRE, SINGAPORE(179103)"
SAI SAI IMPEX PTE. LTD.,10/03/2026 - 09/03/2027,"SAI SAI IMPEX PTE LTD, 5, JALAN MINYAK, #01-334, (LEFT SIDE OF THE UNIT), SINGAPORE(161005)"
JAY JAY DINE PTE. LTD.,11/03/2026 - 10/03/2027,"JAY JAY DINE PTE LTD, 45, CUFF ROAD, (RESTAURANT), SINGAPORE(209754)"
SRI GNR TRADING PTE. LTD.,12/03/2026 - 11/03/2027,"SRI GNR TRADING PTE LTD, 126, CANBERRA STREET, #01-06, SINGAPORE(750126)"
COLD STORAGE SINGAPORE (1983) PTE LTD,14/03/2026 - 13/03/2027,"GIANT SUPERMARKET, 960, WOODLANDS ROAD, #01-02, KRANJI MRT STATION, SINGAPORE(738702)"
7-ELEVEN,16/03/2026 - 15/03/2027,"7-ELEVEN, 51, BRAS BASAH ROAD, #01-27, LAZADA ONE, SINGAPORE(189554)"
POCOLOCO PTE. LTD.,19/03/2026 - 18/03/2027,"ROXY KOPITIAM, 50, EAST COAST ROAD, #01-64, ROXY SQUARE (DRINK STALL), SINGAPORE(428769)"
SINGAPORE YUMMY FLOW PTE. LTD.,20/03/2026 - 19/03/2027,"EVERYDAY MART, 3, PICKERING STREET, #01-53, NANKIN ROW, SINGAPORE(048660)"
SHOP N SAVE MINI-MARTS,29/03/2026 - 28/03/2027,"SHOP N SAVE MINI-MART, 202, JURONG EAST STREET 21, #01-119, JURONG EAST VIEW (RIGHT SIDE OF THE UNIT), SINGAPORE(600202)"
AL-JAMILLAH PTE. LTD.,29/03/2026 - 28/03/2027,"MAMAK FRESH MINI MART, 339, BEDOK ROAD, SINGAPORE(469518)"
GIM SENG TONG TRADING,29/03/2026 - 28/03/2027,"GIM SENG TONG TRADING, 6, TELOK BLANGAH CRESCENT, #01-428, MOUNT FABER GREEN, SINGAPORE(090006)"
NARMAI TRADE PRIVATE LIMITED,30/03/2026 - 29/03/2027,"GIFT SHOP, 392, HAVELOCK ROAD, GRAND COPTHORNE WATERFRONT (LEVEL 1 LOBBY), SINGAPORE(169663)"
EML F&B PTE. LTD.,31/03/2026 - 30/03/2027,"71 XCHANGE, 71, WOODLANDS AVENUE 10, #01-08, (DRINK STALL), SINGAPORE(737743)"
ECO FRESH MART PTE. LTD.,01/04/2026 - 31/03/2027,"ECO FRESH MART PTE.LTD., 107, BEDOK NORTH ROAD, #01-2240, SINGAPORE(460107)"
NTUC FAIRPRICE CO-OPERATIVE LTD,07/04/2026 - 06/04/2027,"FAIRPRICE FINEST, 1, WOODLANDS SQUARE, #B1-33, CAUSEWAY POINT, SINGAPORE(738099)"
ACE FRESH PTE. LTD.,07/04/2026 - 06/04/2027,"ACE FRESH, 731, YISHUN STREET 72, #01-49, NEE SOON CENTRAL VISTA, SINGAPORE(760731)"
SSJ GLOBAL PTE. LTD.,09/04/2026 - 08/04/2027,"JIAJIA CONVENIENCE MART, 443, CLEMENTI AVENUE 3, #01-77, (RIGHT SIDE OF THE UNIT), SINGAPORE(120443)"
7-ELEVEN,11/04/2026 - 10/04/2027,"7-ELEVEN, 20, REPUBLIC AVENUE, #B1-01, NICOLL HIGHWAY MRT STATION, SINGAPORE(038970)"
7-ELEVEN,14/04/2026 - 13/04/2027,"7-ELEVEN, 82, PALAWAN BEACH WALK, SINGAPORE(098236)"
P.V SENTHILNATHAN & MEENA SUNDRY SHOP,17/04/2026 - 16/04/2027,"P.V SENTHILNATHAN & MEENA SUNDRY SHOP, 205, CLEMENTI AVENUE 6, #01-K1, CLEMENTI VIEW, SINGAPORE(120205)"
FU PIN YUAN RESTAURANT PTE. LTD.,18/04/2026 - 17/04/2027,"ASIAN CUISINE DRINK STALL, 18, KAKI BUKIT ROAD 3, #01-15, (DRINK STALL), SINGAPORE(415978)"
E-XIN MART PTE. LTD.,19/04/2026 - 18/04/2027,"E-XIN MART, 684, HOUGANG AVENUE 8, #01-965, HOUGANG VILLAGE (RIGHT SIDE OF THE UNIT), SINGAPORE(530684)"
JIN TAI MART,20/04/2026 - 19/04/2027,"JIN TAI MART, 103, YISHUN RING ROAD, #01-63, (LEFT SIDE OF THE UNIT), SINGAPORE(760103)"
JUN HANG F & B PTE. LTD.,20/04/2026 - 19/04/2027,"NSRCC - FAIRWAY CAFE, 50, NEO TIEW LANE 3, (CAFE), SINGAPORE(718828)"
CHEERS HOLDINGS (2004) PTE. LTD.,20/04/2026 - 19/04/2027,"CHEERS, 377, HOUGANG STREET 32, #01-02, SINGAPORE(530377)"
128 CHOICES EATING HOUSE PTE. LTD.,20/04/2026 - 19/04/2027,"128 CHOICES EATING HOUSE PTE LTD, 128, LORONG 1 TOA PAYOH, #01-811, (DRINK STALL), SINGAPORE(310128)"
AJMIR STORE PTE. LTD.,21/04/2026 - 20/04/2027,"AJMIR STORE PTE LTD, 10, JURONG EAST STREET 12, #01-03, JURONG EAST MRT STATION, SINGAPORE(609690)"
ACE FRESH PTE. LTD.,29/04/2026 - 28/04/2027,"ACE FRESH, 713, ANG MO KIO AVENUE 6, #01-4040, SINGAPORE(560713)"
CHEERS HOLDINGS (2004) PTE. LTD.,05/05/2026 - 04/05/2027,"CHEERS, 7, CROSS STREET, #B1-02, TELOK AYER MRT STATION, SINGAPORE(048416)"
CHEERS HOLDINGS (2004) PTE. LTD.,05/05/2026 - 04/05/2027,"CHEERS, 11, ROCHOR CANAL ROAD, #B1-02, ROCHOR MRT STATION, SINGAPORE(188505)"
TAMPINES 915 KOPI PLACE PTE. LTD.,06/05/2026 - 05/05/2027,"DE TIAN, 915, TAMPINES STREET 91, #01-53, (DRINK STALL), SINGAPORE(520915)"
LELE MINIMART,11/05/2026 - 10/05/2027,"LELE MINIMART, 29, KELANTAN ROAD, #01-103, KELANTAN COURT, SINGAPORE(200029)"
CHEVRON SINGAPORE PTE. LTD.,12/05/2026 - 11/05/2027,"STAR MART, 62, SEMBAWANG ROAD, CALTEX SERVICE STATION, SINGAPORE(779089)"
SHENG SIONG SUPERMARKET PTE LTD,14/05/2026 - 13/05/2027,"SHENG SIONG, 377, HOUGANG STREET 32, #B1-01, SINGAPORE(530377)"
YI JIA FAMILY STORE,18/05/2026 - 17/05/2027,"YI JIA FAMILY STORE, 136, MARSILING ROAD, #01-2186, SINGAPORE(730136)"
LOW CHAI LENG,20/05/2026 - 19/05/2027,"LOCK TIN, 85, REDHILL LANE, #01-47, (DRINK STALL), SINGAPORE(150085)"
TROPICS CONSULTING PTE. LTD.,21/05/2026 - 20/05/2027,"FOOD TROPICS, 1, ANG MO KIO INDUSTRIAL PARK 2A, #02-06A, (DRINK STALL), SINGAPORE(568049)"
CHANG CHENG FOOD & BEVERAGE PTE. LTD.,23/05/2026 - 22/05/2027,"CHANG CHENG MEE WAH, 293, YISHUN STREET 22, #01-237, (DRINK STALL), SINGAPORE(760293)"
INDIAN SUPERMARKET PTE. LTD.,28/05/2026 - 27/05/2027,"INDIAN SUPERMARKET PTE LTD, 7, RHU CROSS, #B1-01, COSTA RHU, SINGAPORE(437435)"
CHEERS HOLDINGS (2004) PTE. LTD.,30/05/2026 - 29/05/2027,"CHEERS, 65, AIRPORT BOULEVARD, #02-98, CHANGI AIRPORT TERMINAL 3, SINGAPORE(819663)"
MAN LIN F&B PTE. LTD.,01/06/2026 - 31/05/2027,"MAN LIN F&B PTE. LTD, 165, BUKIT MERAH CENTRAL, #01-3683, (DRINK STALL), SINGAPORE(150165)"
COSMO GENERAL TRADERS PTE. LTD.,01/06/2026 - 31/05/2027,"COSMO GENERAL TRADERS , 415, PANDAN GARDENS, #01-114, SINGAPORE(600415)"
CDP KIMLY PTE. LTD.,07/06/2026 - 06/06/2027,"CDP KIMLY PTE LTD, 65, TELOK BLANGAH DRIVE, #01-144, (DRINK STALL), SINGAPORE(100065)"
RIYAZ EXCHANGE TRADING,07/06/2026 - 06/06/2027,"RIYAZ EXCHANGE, 1, JELEBU ROAD, #01-26, BUKIT PANJANG PLAZA, SINGAPORE(677743)"
GOOD PRICE HUB PTE. LTD.,07/06/2026 - 06/06/2027,"GOOD PRICE HUB, 339, ANG MO KIO AVENUE 1, #01-1577, TECK GHEE COURT, SINGAPORE(560339)"
SINGAPORE DIMDOUDUK PTE. LTD.,07/06/2026 - 06/06/2027,"EVERYDAY MART, 2, HAVELOCK ROAD, #01-19, HAVELOCK2, SINGAPORE(059763)"
7-ELEVEN,07/06/2026 - 06/06/2027,"7-ELEVEN, 4, HILLVIEW RISE, #01-03, HILLV2, SINGAPORE(667979)"
MEADOWS MART PTE. LTD.,09/06/2026 - 08/06/2027,"MEADOWS MART, 929, TAMPINES STREET 91, #01-439, TAMPINES PALMSPRING (RIGHT SIDE OF THE UNIT), SINGAPORE(520929)"
51 TPY F&B (639) PTE. LTD.,09/06/2026 - 08/06/2027,"YONG LI COFFEE STATION, 51, LORONG 6 TOA PAYOH, #01-62, (DRINK STALL), SINGAPORE(310051)"
TONGXIN MART PTE. LTD.,10/06/2026 - 09/06/2027,"TONGXIN MART, 185, TOA PAYOH CENTRAL, #01-332, (LEFT SIDE OF THE UNIT), SINGAPORE(310185)"
HK496 C&B PTE. LTD.,10/06/2026 - 09/06/2027,"FOOD HUB, 496, JURONG WEST STREET 41, #01-84, (DRINK STALL), SINGAPORE(640496)"
S.S.P TRADERS PTE. LTD.,11/06/2026 - 10/06/2027,"S.S.P TRADERS PTE. LTD., 348, JURONG EAST AVENUE 1, #01-1249, YUHUA PLACE, SINGAPORE(600348)"
AQC DELIGHT PTE. LTD.,13/06/2026 - 12/06/2027,"TIAN XIANG F&B, 55, LENGKOK BAHRU, #01-409, (DRINK STALL), SINGAPORE(151055)"
CHEERS HOLDINGS (2004) PTE. LTD.,15/06/2026 - 14/06/2027,"CHEERS, 1, LENTOR DRIVE, #B1-02, LENTOR MRT STATION, SINGAPORE(789361)"
CHEERS HOLDINGS (2004) PTE. LTD.,15/06/2026 - 14/06/2027,"CHEERS, 100, SIN MING AVENUE, #B2-03, BRIGHT HILL MRT STATION, SINGAPORE(575737)"
PKV PTE. LTD.,15/06/2026 - 14/06/2027,"VALLI MINIMART, 378, CLEMENTI AVENUE 5, #01-340, SINGAPORE(120378)"
MUNISH NEWS AGENCY,15/06/2026 - 14/06/2027,"MUNISH TRADING, 54, CHAI CHEE STREET, #01-881, SINGAPORE(460054)"
J&E TRADING PTE. LTD.,16/06/2026 - 15/06/2027,"J&E TRADING PTE LTD, 117, UPPER EAST COAST ROAD, #01-01, SINGAPORE(455243)"
G & G (21) PTE. LTD.,17/06/2026 - 16/06/2027,"G & G (21) PTE LTD, 201, TAMPINES STREET 21, #01-201, (DRINK STALL), SINGAPORE(520201)"
LIM HEOK PROVISION SHOP PTE. LTD.,17/06/2026 - 16/06/2027,"LIM HEOK PROVISION SHOP PTE LTD, 47, SIMS PLACE, #01-173, SIMS VISTA, SINGAPORE(380047)"
KOUFU PTE LTD,20/06/2026 - 19/06/2027,"KOUFU, 377, HOUGANG STREET 32, #01-30, (DRINK STALL), SINGAPORE(530377)"
SHOP @ DBAY PTE. LTD.,22/06/2026 - 21/06/2027,"SHOP @ DBAY PTE. LTD., 13, TANJONG RHU ROAD, #01-01, THE WATERSIDE, SINGAPORE(436897)"
FARM FRESH AGRO PTE. LTD.,22/06/2026 - 21/06/2027,"SRI MADHURA MART, 547, SERANGOON ROAD, SINGAPORE(218169)"
7-ELEVEN,22/06/2026 - 21/06/2027,"7-ELEVEN, 5, RAFFLES PLACE, #B1-02, RAFFLES PLACE MRT STATION, SINGAPORE(048618)"
TRIPLE N SUPERMART PTE. LTD.,23/06/2026 - 22/06/2027,"TRIPLE N SUPERMART PTE LTD @ 323, 323, BUKIT BATOK STREET 33, #01-110, (RIGHT SIDE OF THE UNIT), SINGAPORE(650323)"
CHEERS HOLDINGS (2004) PTE. LTD.,27/06/2026 - 26/06/2027,"CHEERS, 1, TOA PAYOH LINK, #B1-02, CALDECOTT MRT STATION, SINGAPORE(297608)"
TOP PLUS SUPERMARKET SIGLAP PTE. LTD.,30/06/2026 - 29/06/2027,"TOP PLUS SUPERMARKET, 709, EAST COAST ROAD, FRANKEL ESTATE (1ST FLOOR), SINGAPORE(459064)"
SRI ANNALAKSHMI STORES,01/07/2026 - 30/06/2027,"SR ANNALAKSHMI STORES, 88, BEDOK NORTH STREET 4, #01-135, SINGAPORE(460088)"
183 FOODCOURT PTE. LTD.,02/07/2026 - 01/07/2027,"183 FOOD COURT, 183, TOA PAYOH CENTRAL, #01-316, (DRINK STALL), SINGAPORE(310183)"
JOHNSON9 EATERY PTE. LTD.,03/07/2026 - 02/07/2027,"JOHNSON9 EATERY DRINK STALL, 332, ANG MO KIO AVENUE 1, #01-1879, (DRINK STALL), SINGAPORE(560332)"
CAPITOL HOTEL MANAGER PTE. LTD.,04/07/2026 - 03/07/2027,"THE BOUTIQUE, 15, STAMFORD ROAD, #01, THE CAPITOL KEMPINSKI HOTEL SINGAPORE, SINGAPORE(178906)"
TA TI MINIMART,04/07/2026 - 03/07/2027,"TA TI MINIMART, 317, OUTRAM ROAD, #01-14, CONCORDE SHOPPING CENTRE, SINGAPORE(169075)"
CREMA & HOUND PTE. LTD.,06/07/2026 - 05/07/2027,"LUCCA'S TRATTORIA, 77, TIONG BAHRU ROAD, #01, NOSTALGIA HOTEL (RESTAURANT), SINGAPORE(168727)"
IRON CHEF F&B PTE. LTD.,06/07/2026 - 05/07/2027,"FOODLOFT, 18, TAMPINES INDUSTRIAL CRESCENT, #01-16, SPACE@TAMPINES (DRINK STALL), SINGAPORE(528605)"
JILIN QIAN AN JUN ZI IMPORT & EXPORT PTE. LTD.,07/07/2026 - 06/07/2027,"ZHONG GUO CHAO SHI, 292, YISHUN STREET 22, #01-263, (RIGHT SIDE OF THE UNIT), SINGAPORE(760292)"
JEYAM TRADERS PTE. LTD.,09/07/2026 - 08/07/2027,"JEYAM TRADERS PTE LTD, 174, YISHUN AVENUE 7, #01-829, SINGAPORE(760174)"
21 TUAS GOURMET PTE. LTD.,15/07/2026 - 14/07/2027,"21 TUAS GOURMET, 21, TUAS AVENUE 13, #01-01, (DRINK STALL), SINGAPORE(638988)"
YU CANDY,16/07/2026 - 15/07/2027,"YU CANDY, 30, CHOA CHU KANG WAY, #01-K1, KEAT HONG LRT STATION, SINGAPORE(688266)"
BLUESTAR EATING HOUSE PTE. LTD.,18/07/2026 - 17/07/2027,"BLUESTAR EATING HOUSE, 13A, TANAH MERAH COAST ROAD, ITBT OSJV SITE OFFICE (DRINK STALL), SINGAPORE(498708)"
MAMA DIAM PTE. LTD.,20/07/2026 - 19/07/2027,"MAMA MART, 416, ANG MO KIO AVENUE 10, #01-989, TECK GHEE HEARTLANDS, SINGAPORE(560416)"
SHOP W SMILE PTE. LTD.,20/07/2026 - 19/07/2027,"SHOP W SMILE , 32, HAIG ROAD, SINGAPORE(438738)"
LOK FOOK PTE. LTD.,28/07/2026 - 27/07/2027,"KUN HAI SHOP, 10, TAMPINES CENTRAL 1, #03-11, TAMPINES ONE, SINGAPORE(529536)"
NTUC FAIRPRICE CO-OPERATIVE LTD,28/07/2026 - 27/07/2027,"FAIRPRICE FINEST, 176, ORCHARD ROAD, #B1-11, THE CENTREPOINT, SINGAPORE(238843)"
DISTRICT 9 HOLDINGS PTE. LTD.,28/07/2026 - 27/07/2027,"K PALACE, 442, ORCHARD ROAD, #02-29, ORCHARD HOTEL SINGAPORE, SINGAPORE(238879)"
190 BEVERAGES PTE. LTD.,03/08/2026 - 02/08/2027,"YAK HONG KOPITIAM, 190, WOODLANDS INDUSTRIAL PARK E5, #01-01, (DRINK STALL), SINGAPORE(757516)"
SINGAPORE OASIS COP. PTE. LTD.,03/08/2026 - 02/08/2027,"EVERYDAY MART, 26, CHINA STREET, #01-02, SINGAPORE(049568)"
STS CITY RESTAURANT PTE. LTD.,05/08/2026 - 04/08/2027,"STS CITY RESTURANT PTE LTD, 391, UPPER ALJUNIED ROAD, (RESTAURANT), SINGAPORE(367876)"
CHEERS HOLDINGS (2004) PTE. LTD.,05/08/2026 - 04/08/2027,"CHEERS, 91, ANG MO KIO AVENUE 4, #B2-02, MAYFLOWER MRT STATION, SINGAPORE(569900)"
CHEERS HOLDINGS (2004) PTE. LTD.,05/08/2026 - 04/08/2027,"CHEERS, 825, UPPER THOMSON ROAD, #B1-03, SPRINGLEAF MRT STATION, SINGAPORE(787140)"
XIJIADE PTE. LTD.,08/08/2026 - 07/08/2027,"WONDERFUL, 8A, ADMIRALTY STREET, #01-04, (DRINK STALL), SINGAPORE(757437)"
AL - KHAANAA RESTAURANT PTE. LTD.,11/08/2025 - 10/08/2026,"AL- KHAANAA KOPITIAM, 85, KALLANG AVENUE, #01-01, (DRINK STALL), SINGAPORE(339418)"
SINGAPORE SLM4913 PTE. LTD.,12/08/2025 - 11/08/2026,"EVERYDAY MART, 18, ROBERTS LANE, #01-01, GOODLAND BUILDING, SINGAPORE(218297)"
SUBISAI PTE. LTD.,13/08/2025 - 12/08/2026,"SRI ARUTHRA STORES, 301, UBI AVENUE 1, #01-285, (RIGHT SIDE OF THE UNIT), SINGAPORE(400301)"
MAVELI SUPERMARKET,16/08/2025 - 15/08/2026,"MAVELI SUPERMARKET, 152, BUKIT BATOK STREET 11, #01-260, SINGAPORE(650152)"
JBR CURRY HOUSE PTE. LTD.,18/08/2025 - 17/08/2026,"JBR CURRY HOUSE, 9, KIAN TECK DRIVE, (DRINK STALL), SINGAPORE(628826)"
YI JIA F&B PTE. LTD.,19/08/2025 - 18/08/2026,"YI JIA 5036 AMK, 5036, ANG MO KIO INDUSTRIAL PARK 2, #01-401, (DRINK STALL), SINGAPORE(569539)"
GOOD PRICE HUB PTE. LTD.,20/08/2025 - 19/08/2026,"GOOD PRICE HUB, 632, BEDOK RESERVOIR ROAD, #01-834, EUNOS GROVE, SINGAPORE(470632)"
WONG POH HOLDINGS PTE. LTD.,22/08/2025 - 21/08/2026,"WONG POH 111A, 111A, WHAMPOA ROAD, #01-10, (DRINK STALL), SINGAPORE(322111)"
DA SUN FOOD HOUSE PTE. LTD.,24/08/2025 - 23/08/2026,"KIMLY, 808, FRENCH ROAD, #01-03, (DRINK STALL), SINGAPORE(200808)"
LOY INVESTMENT PTE. LTD.,25/08/2025 - 24/08/2026,"JTK FOOD & BEER HOUSE, 11A, JALAN TUKANG, #01-K3, (DRINK STALL), SINGAPORE(619267)"
CHANNEL SAM,25/08/2025 - 24/08/2026,"CHANNEL SAM, 20, BENDEMEER ROAD, #01-01, (DRINK STALL), SINGAPORE(339914)"
SHENG SIONG SUPERMARKET PTE LTD,27/08/2025 - 26/08/2026,"SHENG SIONG, 31A, MARGARET DRIVE, #01-03, SINGAPORE(142031)"
LOTTE TRAVEL RETAIL SINGAPORE PTE. LTD.,30/08/2025 - 29/08/2026,"LOTTE DUTY FREE, 10, AIRPORT BOULEVARD, #02-25, CHANGI AIRPORT TERMINAL 4 (DEPARTURE SOUTH), SINGAPORE(819665)"
SOUTH EASTERN ENTERPRISES PTE. LTD.,30/08/2025 - 29/08/2026,"SE CONVENIENCE SHOP, 34, UPPER CROSS STREET, #01-140, CHIN SWEE VIEW, SINGAPORE(050034)"
VICTRUS PTE. LTD.,31/08/2025 - 30/08/2026,"REAL FRESH, 18A, KRANJI WAY, #01-04, KRANJI WAY DORMITORY (DRINK STALL), SINGAPORE(739443)"
EVERGREEN GLOBAL TRADE PTE. LTD.,31/08/2025 - 30/08/2026,"EVERGREEN MINIMART, 106, HENDERSON CRESCENT, #01-47, HENDERSONVILLE, SINGAPORE(150106)"
RAM AMUTHA PTE. LTD.,31/08/2025 - 30/08/2026,"SRI MURUGAN, 447, ANG MO KIO AVENUE 10, #01-1691, SINGAPORE(560447)"
HOMEZONE HOUSEHOLD APPLIANCE,31/08/2025 - 30/08/2026,"HOMEZONE HOUSEHOLD APPLIANCE, 643, SENJA CLOSE, #01-05, SINGAPORE(670643)"
VALUE PLUS MINIMART,01/09/2025 - 31/08/2026,"VALUE PLUS MINIMART, 555, ANG MO KIO AVENUE 10, #01-1972, CHENG SAN PLACE, SINGAPORE(560555)"
TWS PTE. LTD.,07/09/2025 - 06/09/2026,"CAPITOL CIGAR & WHISKY LOUNGE, 15, STAMFORD ROAD, #01-60, THE CAPITOL KEMPINSKI HOTEL SINGAPORE, SINGAPORE(178906)"
YUMMY GIFT SHOP,09/09/2025 - 08/09/2026,"YUMMY GIFT SHOP, 1, NORTH BRIDGE ROAD, #B1-54, HIGH STREET CENTRE, SINGAPORE(179094)"
YUE HUA FOODPLACE (BEDOK) PTE. LTD.,11/09/2025 - 10/09/2026,"FOOD CITY EATING HOUSE, 1550, BEDOK NORTH AVENUE 4, #01-15, (DRINK STALL), SINGAPORE(489950)"
7-ELEVEN,12/09/2025 - 11/09/2026,"7ELEVEN, 122, JALAN BESAR, SINGAPORE(208840)"
BS SUPERMARKET & TRADING PTE. LTD.,14/09/2025 - 13/09/2026,"BS SUPERMARKET, 32, TUAS VIEW SQUARE, #01-02, SINGAPORE(637778)"
BS SUPERMARKET & TRADING PTE. LTD.,15/09/2025 - 14/09/2026,"TASMAC, 36, TUAS VIEW SQUARE, #01-02E, SINGAPORE(637613)"
XIN YUE HUA PTE. LTD.,17/09/2025 - 16/09/2026,"XIN YUE HUA MART, 25, AMA KENG ROAD, DSTATE2 PROJECT SITE (DORMITORY), SINGAPORE(709831)"
CHEERS HOLDINGS (2004) PTE. LTD.,19/09/2025 - 18/09/2026,"CHEERS, 1, JALAN KELI, #B1-06, UPPER THOMSON MRT STATION, SINGAPORE(577937)"
YEW KOK WAH,21/09/2025 - 20/09/2026,"XIN XIN DRINK STALL, 3, YUNG SHENG ROAD, #02-69, TAMAN JURONG FOOD CENTRE (DRINK STALL), SINGAPORE(618499)"
YAK HONG PRIVATE LIMITED,27/09/2025 - 26/09/2026,"YAK HONG MINIMART, 51, LORONG 6 TOA PAYOH, #01-70, EAST PAYOH PALM, SINGAPORE(310051)"
CHEERS HOLDINGS (2004) PTE. LTD.,28/09/2025 - 27/09/2026,"FAIRPRICEXPRESS, 13, KEPPEL BAY VIEW, #B1-99, REFLECTIONS AT KEPPEL BAY, SINGAPORE(098409)"
TOMI MINI MART,29/09/2025 - 28/09/2026,"TOMI MINIMART, 28, HOY FATT ROAD, #01-34, BRICKWORKS ESTATE (CENTRAL UNIT), SINGAPORE(151028)"
7-ELEVEN,29/09/2025 - 28/09/2026,"7 ELEVEN, 1, JALAN ANAK BUKIT, BUKIT TIMAH PLAZA (L1-CS1), SINGAPORE(588996)"
WISIONLY PTE. LTD.,04/10/2025 - 03/10/2026,"WISIONLY, 61, PUNGGOL WAY, SAMUDERA LRT (PW4) LEVEL 2, SINGAPORE(828645)"
HIGH 5 MART PTE. LTD.,07/10/2025 - 06/10/2026,"HIGH 5 MART PTE. LTD., 416, PASIR RIS DRIVE 6, #01-K1, SINGAPORE(510416)"
S POWER SUPERMART PTE. LTD.,14/10/2025 - 13/10/2026,"S POWER SUPERMART, 18, SUNGEI KADUT STREET 2, #01-04, SUNGEI KADUT INDUSTRIAL ESTATE, SINGAPORE(729236)"
MERRY DELIGHTS PTE. LTD.,15/10/2025 - 14/10/2026,"RAINFOREST GROCER, 1, PASIR RIS CLOSE, #02-200, E!HUB@DOWNTOWN EAST, SINGAPORE(519599)"
ONG MOBILE,15/10/2025 - 14/10/2026,"ONG MOBILE, 727, CLEMENTI WEST STREET 2, #01-248A, (CENTRAL UNIT #01-248), SINGAPORE(120727)"
THE GREEN ESSENTIAL PTE. LTD.,16/10/2025 - 15/10/2026,"THE GREEN ESSENTIAL, 296, GEYLANG ROAD, #01-01, SINGAPORE(389341)"
CHANG CHENG FOOD & BEVERAGE PTE. LTD.,17/10/2025 - 16/10/2026,"CHANG CHENG MEE WAH, 354, CLEMENTI AVENUE 2, #01-157, (DRINK STALL), SINGAPORE(120354)"
PP146 FOOD HOUSE PTE. LTD.,18/10/2025 - 17/10/2026,"PP146 FOOD HOUSE PTE LTD, 421C, NORTHSHORE DRIVE, #01-01, (DRINK STALL), SINGAPORE(823421)"
JIANHU PTE. LTD.,19/10/2025 - 18/10/2026,"EVERYDAY MART, 103, IRRAWADDY ROAD, #01-03, ROYAL SQUARE AT NOVENA, SINGAPORE(329566)"
SINGAPORE AUBREY & CAROLINE PTE. LTD.,19/10/2025 - 18/10/2026,"EVERYDAY MART, 74, SOUTH BRIDGE ROAD, #01-01, WONG SHEE FUN BUILDING, SINGAPORE(058704)"
CHEERS HOLDINGS (2004) PTE. LTD.,20/10/2025 - 19/10/2026,"CHEERS, 60, AIRPORT BOULEVARD, #02-24, CHANGI AIRPORT TERMINAL 2, SINGAPORE(819643)"
HNH PTE. LTD.,22/10/2025 - 21/10/2026,"HNH PTE LTD, 480, TAMPINES STREET 44, #01-263, SINGAPORE(520480)"
HK496 C&B PTE. LTD.,22/10/2025 - 21/10/2026,"THE GRAIN SHOP, 365B, UPPER SERANGOON ROAD, #01-1062, (DRINK STALL), SINGAPORE(532365)"
SACHI FOODS PTE. LTD.,27/10/2025 - 26/10/2026,"BALA STORES, 153, SERANGOON NORTH AVENUE 1, #01-492, (GROUND FLOOR), SINGAPORE(550153)"
CHEVRON SINGAPORE PTE. LTD.,28/10/2025 - 27/10/2026,"STAR MART, 555, UPPER THOMSON ROAD, CALTEX PETROL SERVICE, SINGAPORE(574417)"
CHEVRON SINGAPORE PTE. LTD.,28/10/2025 - 27/10/2026,"STAR MART, 355, EAST COAST ROAD, CALTEX PETROL SERVICE , SINGAPORE(428972)"
7-ELEVEN,30/10/2025 - 29/10/2026,"7-ELEVEN, 78, AIRPORT BOULEVARD, #B2-221, JEWEL CHANGI AIRPORT, SINGAPORE(819666)"
ECA FOODSTUFF,08/11/2025 - 07/11/2026,"MINI MART, 9, DEFU SOUTH STREET 1, TEAMBUILD CONNECT (DORMITORY BLOCK LEVEL 1), SINGAPORE(533844)"
ACE MARKETPLACE PTE. LTD.,09/11/2025 - 08/11/2026,"ACE MARKETPLACE, 803, KING GEORGE'S AVENUE, #01-168, SINGAPORE(200803)"
SREE AADHI AYYA PTE. LTD.,09/11/2025 - 08/11/2026,"KARAIKUDI RESTAURANT & CATERING, 14, TECH PARK CRESCENT, #02-01, (DRINK STALL), SINGAPORE(638118)"
LOTTE TRAVEL RETAIL SINGAPORE PTE. LTD.,10/11/2025 - 09/11/2026,"LOTTE DUTY FREE, 10, AIRPORT BOULEVARD, #02-57, CHANGI AIRPORT TERMINAL 4 (DEPARTURE NORTH), SINGAPORE(819665)"
KOPITIAM INVESTMENT PTE. LTD.,10/11/2025 - 09/11/2026,"FOODFARE, 507, YISHUN AVENUE 4, #01-01, (DRINK STALL), SINGAPORE(760507)"
GOOD PRICE HUB PTE. LTD.,10/11/2025 - 09/11/2026,"GOOD PRICE HUB, 132, MARSILING RISE, #01-220, SINGAPORE(730132)"
AQC COFFEE PTE. LTD.,10/11/2025 - 09/11/2026,"THE YOUNG ONES EATING HOUSE, 158, MEI LING STREET, #01-74, (DRINK STALL), SINGAPORE(140158)"
SHENG SIONG SUPERMARKET PTE LTD,10/11/2025 - 09/11/2026,"SHENG SIONG, 643, SENJA CLOSE, #01-01, SINGAPORE(670643)"
KOPITIAM INVESTMENT PTE. LTD.,10/11/2025 - 09/11/2026,"FOODFARE, 679, JURONG WEST CENTRAL 1, #01-02, SINGAPORE(640679)"
KOPITIAM INVESTMENT PTE. LTD.,10/11/2025 - 09/11/2026,"FOODFARE, 527C, PASIR RIS STREET 51, #01-01, (DRINK STALL), SINGAPORE(513527)"
HARI HARA PTE. LTD.,10/11/2025 - 09/11/2026,"MD VALUE, 221, BOON LAY PLACE, #01-116, BOON LAY SHOPPING CENTRE (RIGHT SIDE OF UNIT), SINGAPORE(640221)"
RED HOUSE AT CLARKE QUAY PTE. LTD.,10/11/2025 - 09/11/2026,"HOT BUNS, 3C, RIVER VALLEY ROAD, #01-02, CQ @ CLARKE QUAY (RESTAURANT), SINGAPORE(179022)"
KANG SEAM TIANG,10/11/2025 - 09/11/2026,"KANG SEAM TIANG, 13, HAIG ROAD, #01-27, SINGAPORE(430013)"
SIA CHOON HONG,16/11/2025 - 15/11/2026,"SUPER 898 PTE LTD, 726, CLEMENTI WEST STREET 2, #01-134, SINGAPORE(120726)"
MAKKAL VILAS PTE. LTD.,16/11/2025 - 15/11/2026,"MAKKAL VILAS PTE. LTD., 11, TECH PARK CRESCENT, #01-02, (DRINK STALL), SINGAPORE(638121)"
CHEERS HOLDINGS (2004) PTE. LTD.,16/11/2025 - 15/11/2026,"FAIRPRICEXPRESS, 916, SIMS AVENUE, #B1-70, SINGAPORE(408974)"
KOPITIAM INVESTMENT PTE. LTD.,17/11/2025 - 16/11/2026,"FOODFARE, 878C, TAMPINES AVENUE 8, #01-66, (DRINK STALL), SINGAPORE(523878)"
HOUGANG 524 KOPI PLACE PTE. LTD.,17/11/2025 - 16/11/2026,"DE TIAN, 524, HOUGANG AVENUE 6, #01-129, (DRINK STALL), SINGAPORE(530524)"
YUNG SHENG BEVERAGE PTE. LTD.,22/11/2025 - 21/11/2026,"YUNG SHENG BEVERAGE, 90, BOON LAY PLACE, #01-01, SAVOY THEATRE (DRINK STALL), SINGAPORE(649884)"
TELOK BLANGAH 46 KOPI PLACE PTE. LTD.,23/11/2025 - 22/11/2026,"DE TIAN, 46, TELOK BLANGAH DRIVE, #01-71, (DRINK STALL), SINGAPORE(100046)"
7-ELEVEN,24/11/2025 - 23/11/2026,"7-ELEVEN, 168, PUNGGOL FIELD, #01-05, PUNGGOL PLAZA, SINGAPORE(820168)"
JVM SUPER MARKET PTE. LTD.,26/11/2025 - 25/11/2026,"JVM SUPER MARKET PTE LTD, 456, JURONG WEST STREET 41, #01-728, (LEFT SIDE OF THE UNIT), SINGAPORE(640456)"
J&L ASPE INTERNATIONAL PTE. LTD.,28/11/2025 - 27/11/2026,"HK MART, 443, CLEMENTI AVENUE 3, #01-71, SINGAPORE(120443)"
7-ELEVEN,29/11/2025 - 28/11/2026,"7-ELEVEN, 20, TUAS WEST DRIVE, #03-02, TUAS LINK MRT STATION, SINGAPORE(638418)"
SAI DJ ONE-STOP SOLUTIONS,29/11/2025 - 28/11/2026,"SAI MINIMART, 931, YISHUN CENTRAL 1, #01-113, SINGAPORE(760931)"
ZHEN WEI FOOD HOUSE PTE. LTD.,01/12/2025 - 30/11/2026,"ZHEN WEI FOOD HOUSE PTE LTD, 153A, SERANGOON NORTH AVENUE 1, #01-462, (DRINK STALL), SINGAPORE(551153)"
ANG MO SUPERMARKET PTE LTD,01/12/2025 - 30/11/2026,"ANG MO SUPERMARKET, 622B, TAMPINES AVENUE 12, #01-10, SINGAPORE(522622)"
ACE FRESH PTE. LTD.,02/12/2025 - 01/12/2026,"ACE FRESH , 18, BEDOK SOUTH ROAD, #01-87, SINGAPORE(460018)"
JIN TAI MART,05/12/2025 - 04/12/2026,"JIN TAI MART, 502, JURONG WEST AVENUE 1, #01-827, HONG KAH COURT (RIGHT SIDE OF THE UNIT), SINGAPORE(640502)"
KDS MINIMART PTE. LTD.,06/12/2025 - 05/12/2026,"KDS MART, 909, JURONG WEST STREET 91, #01-257, SINGAPORE(640909)"
ACE MARKETPLACE PTE. LTD.,06/12/2025 - 05/12/2026,"ACE MARKETPLACE, 181, ANG MO KIO AVENUE 5, #01-2926, KEBUN BARU LINK 2, SINGAPORE(560181)"
ONG YUAN JING,07/12/2025 - 06/12/2026,"RONG CHUN FOOD & DRINK, 162, ANG MO KIO AVENUE 4, #01-24, (DRINK STALL), SINGAPORE(560162)"
HB SPACE PTE. LTD.,07/12/2025 - 06/12/2026,"EVERYDAY MART, 11, TANJONG KATONG ROAD, #01-13, KINEX, SINGAPORE(437157)"
VEL'S MARRT,08/12/2025 - 07/12/2026,"VEL'S MAART, 254, SERANGOON CENTRAL DRIVE, #01-215, SINGAPORE(550254)"
KOUFU PTE LTD,08/12/2025 - 07/12/2026,"KOUFU, 201, KIM TIAN ROAD, #01-400, (DRINK STALL), SINGAPORE(160201)"
KOPITIAM INVESTMENT PTE. LTD.,09/12/2025 - 08/12/2026,"FOODFARE, 106, BIDADARI PARK DRIVE, #01-05, (DRINK STALL), SINGAPORE(340106)"
MCJ MART PTE. LTD.,09/12/2025 - 08/12/2026,"MCJ MART @ CCK, 253, CHOA CHU KANG AVENUE 1, #B1-20, KEAT HONG SHOPPING CENTRE, SINGAPORE(680253)"
PRIME SUPERMARKET (1996) PTE LTD,09/12/2025 - 08/12/2026,"PRIME SUPERMARKET, 678A, WOODLANDS AVENUE 6, #01-19, ADMIRALTY PLACE, SINGAPORE(731678)"
KOPITIAM INVESTMENT PTE. LTD.,09/12/2025 - 08/12/2026,"FOODFARE, 476D, UPPER SERANGOON VIEW, #02-05, (DRINK STALL), SINGAPORE(537476)"
CAPITOL MANAGEMENT PTE. LTD.,09/12/2025 - 08/12/2026,"TUAS SOUTH DORMITORY BEER GARDEN, 3, TUAS SOUTH STREET 12, #01-03, TUAS SOUTH DORMITORY (BEER STALL), SINGAPORE(636947)"
OHOH PTE. LTD.,09/12/2025 - 08/12/2026,"OHOH MOBILEZ, 9, PENDING ROAD, #01-K1, PENDING LRT STATION, SINGAPORE(678296)"
SENG HUP FOO PTE. LTD.,13/12/2025 - 12/12/2026,"U MART, 111, JALAN BUKIT MERAH, #01-1698, TIONG BAHRU ORCHID, SINGAPORE(160111)"
NTUC FAIRPRICE CO-OPERATIVE LTD,13/12/2025 - 12/12/2026,"NTUC FAIRPRICE, 502, JURONG WEST AVENUE 1, #01-821, HONG KAH COURT, SINGAPORE(640502)"
NTUC FAIRPRICE CO-OPERATIVE LTD,13/12/2025 - 12/12/2026,"NTUC FAIRPRICE, 642, SENJA CLOSE, #01-01, SINGAPORE(670642)"
CF F&B PTE. LTD.,22/12/2025 - 21/12/2026,"SINFOODIE, 8, KAKI BUKIT AVENUE 4, #02-07, (DRINK STALL), SINGAPORE(415875)"
GHK @ DEFU CITY PTE. LTD.,05/01/2026 - 04/01/2027,"GHK @ DEFU CITY, 2, DEFU SOUTH STREET 1, #02-01, (DRINK STALL), SINGAPORE(533755)"
CONNECTING EVERYONE PTE. LTD.,06/01/2026 - 05/01/2027,"GEORGES @ WILD WEST, 24, JALAN LEKAR, (DRINK STALL), SINGAPORE(699964)"
EZ HOME PRODUCTS PTE. LTD.,09/01/2026 - 08/01/2027,"AIYOYO SNACK HUT, 735, PASIR RIS STREET 72, #01-342A, PASIR RIS WEST PLAZA, SINGAPORE(510735)"
MAGAJO PTE. LTD.,10/01/2026 - 09/01/2027,"VALUE MART, 231, BAIN STREET, #01-27, BRAS BASAH COMPLEX, SINGAPORE(180231)"
BUZZ SHOP PTE. LTD.,11/01/2026 - 10/01/2027,"BUZZ, 3002, ANG MO KIO AVENUE 8, #01-06, YIO CHU KANG BUS INTERCHANGE, SINGAPORE(567728)"
JIN TAI MART,11/01/2026 - 10/01/2027,"JIN TAI MART, 211, NEW UPPER CHANGI ROAD, #01-739, (RIGHT SIDE OF THE UNIT), SINGAPORE(460211)"
WELCOME MART PTE. LTD.,11/01/2026 - 10/01/2027,"WELCOME MART, 2, TAI THONG CRESCENT, #01-19, THE VENUE SHOPPES, SINGAPORE(347836)"
RECESS TIME (LK) PTE. LTD.,17/01/2026 - 16/01/2027,"RECESS TIME, 24, LENG KEE ROAD, #01-05, LENG KEE AUTOPOINT (DRINK STALL), SINGAPORE(159096)"
UNIVERSAL HOMEMART,19/01/2026 - 18/01/2027,"UNIVERSAL HOMEMART, 329, BEACH ROAD, SINGAPORE(199561)"
LEE QUAN (REVV) PTE. LTD.,25/01/2026 - 24/01/2027,"HAI ZHONG BAO, 1, CORPORATION DRIVE, #01-16, (DRINK STALL), SINGAPORE(619775)"
BUZZ SHOP PTE. LTD.,27/01/2026 - 26/01/2027,"BUZZ, 60, MERPATI ROAD, #B2-03, DTL MATTAR STATION, SINGAPORE(379314)"
7-ELEVEN,30/01/2026 - 29/01/2027,"7-ELEVEN, 70, COMPASSVALE BOW, #01-84, SINGAPORE(544692)"
FIRMAN SHAH ISLAND PTE. LTD.,01/02/2026 - 31/01/2027,"FIRMAN SHAH ISLAND, 6, EU TONG SEN STREET, #01-73, THE CENTRAL, SINGAPORE(059817)"
INDIAN SUPERMARKET PTE. LTD.,06/02/2026 - 05/02/2027,"INDIAN SUPERMARKET , 13, TAMPINES STREET 86, #01-42, Q BAY RESIDENCES, SINGAPORE(528589)"
OHM MURUGA TRADING PTE. LTD.,07/02/2026 - 06/02/2027,"SRI PANDIA'S MINIMART, 32, TOH GUAN ROAD EAST, #01-03, ENTERPRISE HUB, SINGAPORE(608578)"
CDP KIMLY PTE. LTD.,07/02/2026 - 06/02/2027,"KIMLY, 3, LORONG LEW LIAN, #01-76, (DRINK STALL), SINGAPORE(531003)"
A1 JAI SUPERMARKET PTE. LTD.,07/02/2026 - 06/02/2027,"A1 JAI GROCERY & MINI MART, 55, CHAI CHEE DRIVE, #01-180, SINGAPORE(460055)"
THAMEEGYI MINI MART,07/02/2026 - 06/02/2027,"THAMEEGYI MINI MART, 703, BEDOK RESERVOIR ROAD, #01-3514, (RIGHT SIDE OF THE UNIT), SINGAPORE(470703)"
CHANG CHENG FOOD & BEVERAGE PTE. LTD.,08/02/2026 - 07/02/2027,"CHANG CHENG MEE WAH, 727, CLEMENTI WEST STREET 2, #01-232, (DRINK STALL), SINGAPORE(120727)"
SUNRISE MINIMART PTE. LTD.,08/02/2026 - 07/02/2027,"SUNRISE MINIMART PTE. LTD, 164, SIMS AVENUE, SINGAPORE(387484)"
SRB ENGINEERING & TRADING PTE. LTD.,08/02/2026 - 07/02/2027,"MAHIRA MINIMART, 23, ALJUNIED ROAD, SINGAPORE(389808)"
CHANG CHENG FOOD & BEVERAGE PTE. LTD.,09/02/2026 - 08/02/2027,"CHANG CHENG MEE WAH, 848, YISHUN STREET 81, #01-136, KHATIB CENTRAL (DRINK STALL), SINGAPORE(760848)"
RDK ENTERPRISES PTE. LTD.,09/02/2026 - 08/02/2027,"RDK MINI MART, 58, FLORA DRIVE, #B1-66, PARC OLYMPIA, SINGAPORE(506857)"
SHANTHI MINIMART & TRADING,10/02/2026 - 09/02/2027,"SHANTHI MINI MART & TRADING, 8, EMPRESS ROAD, #01-27, FARRER GARDENS (LEFT SIDE OF THE UNIT), SINGAPORE(260008)"
KPA MINIMART PTE. LTD.,13/02/2026 - 12/02/2027,"VEL MURUGAN, 288, CHANGI ROAD, SINGAPORE(419767)"
HOCK SIANG CHENG ENTERPRISE PTE. LTD.,15/02/2026 - 14/02/2027,"HOCK SIANG CHENG ENTERPRISE , 678A, WOODLANDS AVENUE 6, #01-34, ADMIRALTY PLACE, SINGAPORE(731678)"
NEW PALANI EATING HOUSE,16/02/2026 - 15/02/2027,"NEW PALANI BEVERAGES, 27, WOODLANDS INDUSTRIAL PARK E1, #01-04, HIANGKIE INDUSTRIAL BUILDING (DRINK STALL), SINGAPORE(757718)"
CHUA ENG LU,16/02/2026 - 15/02/2027,"JIA JIA, 45, QUALITY ROAD, #01-01, QUALITY ROAD FOOD CENTRE (DRINK STALL), SINGAPORE(618824)"
MAYFUN,17/02/2026 - 16/02/2027,"MAYFUN, 56, MARINE TERRACE, #01-253, MARINE TERRACE HAVEN, SINGAPORE(440056)"
FJM HOLDING PTE. LTD.,25/02/2026 - 24/02/2027,"FOOD-JOY, 26, SOUTH BUONA VISTA ROAD, SINGAPORE(118158)"
SINGAPORE JCCE PTE. LTD.,27/02/2026 - 26/02/2027,"EVERYDAY MART, 3, COLEMAN STREET, #01-23, PENINSULA SHOPPING COMPLEX, SINGAPORE(179804)"
7-ELEVEN,27/02/2026 - 26/02/2027,"7-ELEVEN, 533, CHOA CHU KANG STREET 51, #01-13, LIMBANG SHOPPING CENTRE, SINGAPORE(680533)"
7-ELEVEN,27/02/2026 - 26/02/2027,"7-ELEVEN, 481, JOO CHIAT ROAD, (GROUND FLOOR), SINGAPORE(427685)"
NTUC FAIRPRICE CO-OPERATIVE LTD,28/02/2026 - 27/02/2027,"FINEST, 11, BIDADARI PARK DRIVE, #B1-33, THE WOODLEIGH MALL, SINGAPORE(367803)"
KRISH TRADING SING PTE. LTD.,01/03/2026 - 28/02/2027,"KRISH MINIMART PTE LTD, 201D, TAMPINES STREET 21, #01-1109, SINGAPORE(524201)"
7-ELEVEN,02/03/2026 - 01/03/2027,"7-ELEVEN, 678A, WOODLANDS AVENUE 6, #01-40, ADMIRALTY PLACE, SINGAPORE(731678)"
ALON SERVICES,03/03/2026 - 02/03/2027,"SHELL SELECT, 324, THOMSON ROAD, SHELL PETROL SERVICE, SINGAPORE(307672)"
FU HAI MART PTE. LTD.,07/03/2026 - 06/03/2027,"FU HAI MART, 547, GEYLANG ROAD, SINGAPORE(389502)"
CAPITAL CITY TRADING,08/03/2026 - 07/03/2027,"MONEY CHANGER, 101, UPPER CROSS STREET, #01-26C, PEOPLE'S PARK CENTRE, SINGAPORE(058357)"
JULIA JAEL TAY CHWEE HWA,10/03/2026 - 09/03/2027,"KENJU BEVERAGES, 70, ZION ROAD, #01-23, (DRINK STALL), SINGAPORE(247792)"
NTUC FAIRPRICE CO-OPERATIVE LTD,10/03/2026 - 09/03/2027,"FINEST, 70, COMPASSVALE BOW, #B1-14, SINGAPORE(544692)"
NTUC FAIRPRICE CO-OPERATIVE LTD,10/03/2026 - 09/03/2027,"FAIRPRICE, 360, BALESTIER ROAD, #02-01, SHAW PLAZA, SINGAPORE(329783)"
OM GAURI SHANKAR MART PTE. LTD.,13/03/2026 - 12/03/2027,"OM GAURI SHANKAR MART , 34, WHAMPOA WEST, #01-07, BENDEMEER VILLE (LEFT SIDE OF THE UNIT), SINGAPORE(330034)"
SHENG SIONG SUPERMARKET PTE LTD,14/03/2026 - 13/03/2027,"SHENG SIONG, 91, JALAN SATU, #01-10, SINGAPORE(390091)"
KPM PROVISIONS PTE. LTD.,14/03/2026 - 13/03/2027,"KPM PROVISIONS PTE. LTD., 78A, TELOK BLANGAH STREET 32, #01-03, SINGAPORE(101078)"
AMK 529 KOPI PLACE PTE. LTD.,14/03/2026 - 13/03/2027,"DE TIAN, 529, ANG MO KIO AVENUE 10, #01-2337, (DRINK STALL), SINGAPORE(560529)"
NEW WAHKING SINGAPORE PTE. LTD.,15/03/2026 - 14/03/2027,"EVERYDAY MART, 70, ANSON ROAD, #01-03, HUB SYNERGY POINT, SINGAPORE(079905)"
RRS SUPERMARKET PTE. LTD.,15/03/2026 - 14/03/2027,"RRS SUPERMARKET PTE. LTD., 25, ROBERTS LANE, SINGAPORE(218304)"
PHAN99 (MANDAI) PTE. LTD.,16/03/2026 - 15/03/2027,"PHAN99 SUPERMARKET, 23, MANDAI ESTATE, #01-21, WESTLITE ACCOMMODATION JUNIPER, SINGAPORE(729937)"
"TAN ZI LIN, REBECCA",23/03/2026 - 22/03/2027,"JACKY'S BEER GARDEN, 1220, EAST COAST PARKWAY, -K63, (DRINK STALL), SINGAPORE(468960)"
HS MINI MART,27/03/2026 - 26/03/2027,"HS MINI MART, 143, TAMPINES STREET 12, #01-K1, TAMPINES PARK, SINGAPORE(520143)"
LEAN SENG LEE TRADING,27/03/2026 - 26/03/2027,"LEAN SENG LEE TRADING, 144, UPPER BUKIT TIMAH ROAD, #B1-25, BEAUTY WORLD CENTRE, SINGAPORE(588177)"
LOTTE TRAVEL RETAIL SINGAPORE PTE. LTD.,27/03/2026 - 26/03/2027,"LOTTE DUTY FREE, 60, AIRPORT BOULEVARD, #02-401, CHANGI AIRPORT TERMINAL 2, SINGAPORE(819643)"
MABUHAY LEYTE & SAMAR TRADING PTE. LTD.,28/03/2026 - 27/03/2027,"MABUHAY LEYTE & SAMAR TRADING, 304, ORCHARD ROAD, #B1-89, LUCKY PLAZA, SINGAPORE(238863)"
PANNEER STORES PTE. LTD.,29/03/2026 - 28/03/2027,"PANNER STORES PTE. LTD., 50, CHOA CHU KANG WAY, #01-K1, SOUTH VIEW LRT STATION, SINGAPORE(688265)"
TK (DS) PTE. LTD.,31/03/2026 - 30/03/2027,"TK COFFEE HOUSE, 112, BISHAN STREET 12, #01-22, (DRINK STALL), SINGAPORE(570112)"
LIANHE HOUSE,02/04/2026 - 01/04/2027,"LIANHE HOUSE, 51, SOON LEE ROAD, #01-51B, (DRINK STALL), SINGAPORE(628088)"
COOL MARKET PLACE,02/04/2026 - 01/04/2027,"COOL MARKET PLACE, 409, EUNOS ROAD 2, #01-03, (EUNOS BUS INTERCHANGE), SINGAPORE(409388)"
CAPITOL MANAGEMENT PTE. LTD.,05/04/2026 - 04/04/2027,"WCEGA COFFEE CAFE, 1, BUKIT BATOK CRESCENT, #02-51, (DRINK STALL), SINGAPORE(658064)"
FORTUNE SUPERMARKET PTE. LTD.,07/04/2026 - 06/04/2027,"FORTUNE, 401, HOUGANG AVENUE 10, #01-1168, SINGAPORE(530401)"
SM TRESHA PTE. LTD.,11/04/2026 - 10/04/2027,"SM TRESHA MINIMART, 1, JALAN DUSUN, #01-15, ONE DUSUN RESIDENCES, SINGAPORE(329363)"
XIN TIBITS CENTRE,12/04/2026 - 11/04/2027,"XIN TIBITS CENTRE, 810, GEYLANG ROAD, #01-62, CITY PLAZA, SINGAPORE(409286)"
7-ELEVEN,12/04/2026 - 11/04/2027,"7-ELEVEN, 40, MARGARET DRIVE, #01-04, SINGAPORE(140040)"
7 DAYS HOLDING (S) PTE. LTD.,13/04/2026 - 12/04/2027,"7 DAYS COFFEE SHOP, 2019, BUKIT BATOK STREET 23, #01-262, (DRINK STALL), SINGAPORE(659524)"
GOPAL SENTHAMARAI,13/04/2026 - 12/04/2027,"OM GHANAPATHY SHIVA PROVISIONS, 3, YUNG SHENG ROAD, #01-02, (DRINK STALL), SINGAPORE(618499)"
HUANGS MART PTE. LTD.,13/04/2026 - 12/04/2027,"HUANGS MART, 216, BOON LAY AVENUE, #01-04, SINGAPORE(640216)"
IMART TRADERS PTE. LTD.,14/04/2026 - 13/04/2027,"IMART TRADERS PTE LTD, 428, JURONG WEST AVENUE 1, #01-248, (MIDDLE OF THE UNIT), SINGAPORE(640428)"
SARATHI STORES PTE. LTD.,14/04/2026 - 13/04/2027,"SARATHI STORES PTE LTD, 91, UPPER PAYA LEBAR ROAD, SINGAPORE(534821)"
IT WORLD PTE. LTD.,14/04/2026 - 13/04/2027,"WALL MART, 57, GEYLANG BAHRU, #01-3495, (LEFT SIDE OF THE UNIT), SINGAPORE(330057)"
108 CAFE PTE. LTD.,17/04/2026 - 16/04/2027,"51 CANTEEN, 51, UBI AVENUE 1, #01-17, (DRINK STALL), SINGAPORE(408933)"
STYLE VUNNEZ PTE. LTD.,19/04/2026 - 18/04/2027,"SHOP STYLE VUNNEZ , 6001, BEACH ROAD, #B1-09, GOLDEN MILE TOWER, SINGAPORE(199589)"
7-ELEVEN,20/04/2026 - 19/04/2027,"7-ELEVEN, 11, BIDADARI PARK DRIVE, #01-58, THE WOODLEIGH MALL, SINGAPORE(367803)"
7-ELEVEN,20/04/2026 - 19/04/2027,"7-ELEVEN, 554, SERANGOON NORTH AVENUE 3, #01-85, SINGAPORE(550554)"
FORTUNE MULTI CUISINES PRIVATE LIMITED,21/04/2026 - 20/04/2027,"FORTUNE BEER & BEVERAGES, 28, TOH GUAN ROAD EAST, #01-01, WESTLITE TOH GUAN DORMITORY (STALL 5), SINGAPORE(608596)"
B&C CONVENIENCE,22/04/2026 - 21/04/2027,"B&C CONVENIENCE, 36, CHAI CHEE AVENUE, #01-165, ANSAR GARDEN (LEFT SIDE OF THE UNIT), SINGAPORE(461036)"
MADURO PTE. LTD.,25/04/2026 - 24/04/2027,"MADURO, 2, BUKIT MANIS ROAD, #02-01, THE SINGAPORE RESORT & SPA (BAR), SINGAPORE(099891)"
67 PALL MALL SINGAPORE LTD.,25/04/2026 - 24/04/2027,"67 PALL MALL, 1, SCOTTS ROAD, #27, SHAW CENTRE (BAR), SINGAPORE(228208)"
LOTUS GROCERY,26/04/2026 - 25/04/2027,"LOTUS GROCERY, 180, DEPOT ROAD, #01-03, THE INTERLACE, SINGAPORE(109684)"
LOTUS GROCERY,26/04/2026 - 25/04/2027,"LOTUS GROCERY, 19, LEEDON HEIGHTS, #01-66, D'LEEDON, SINGAPORE(266227)"
7-ELEVEN,26/04/2026 - 25/04/2027,"7-ELEVEN, 747, WOODLANDS CIRCLE, #01-708, SINGAPORE(730747)"
MALAR MARKETING PTE. LTD.,28/04/2026 - 27/04/2027,"MALAR MARKETING PTE LTD, 69, TUAS SOUTH AVENUE 1, #01-02, SEATOWN INDUSTRIAL CENTRE, SINGAPORE(637589)"
KOUFU PTE LTD,28/04/2026 - 27/04/2027,"KOUFU, 11, TAMPINES STREET 32, #01-01, (DRINK STALL), SINGAPORE(529287)"
7-ELEVEN,03/05/2026 - 02/05/2027,"7-ELEVEN, 14, SHUNFU ROAD, #01-48, JADESCAPE, SINGAPORE(575748)"
7-ELEVEN,03/05/2026 - 02/05/2027,"7-ELEVEN, 51, IMBIAH WALK, #01-01, SINGAPORE(099538)"
MAAZA TRADING PTE. LTD.,04/05/2026 - 03/05/2027,"MAAZA TRADING PTE LTD, 6001, BEACH ROAD, #01-69A, GOLDEN MILE TOWER, SINGAPORE(199589)"
INAARA TRADING PTE. LTD.,04/05/2026 - 03/05/2027,"INAARA TRADING PTE. LTD., 37, ROWELL ROAD, SINGAPORE(207990)"
BEDOK 205 KOPI PLACE PTE. LTD.,07/05/2026 - 06/05/2027,"DE TIAN, 205, BEDOK NORTH STREET 1, #01-357, (DRINK STALL), SINGAPORE(460205)"
HOCK BENG MART,08/05/2026 - 07/05/2027,"HOCK BENG MART, 35, JALAN RUMAH TINGGI, #01-493, RUMAH TINGGI VIEW, SINGAPORE(150035)"
CF F&B PTE. LTD.,09/05/2026 - 08/05/2027,"SINFOODIE, 28, TAI SENG STREET, #01-03, SAKAE BUILDING (DRINK STALL), SINGAPORE(534106)"
THAI SUPERMARKET PTE. LTD.,12/05/2026 - 11/05/2027,"THAI SUPERMARKET, 12, KALLANG AVENUE, #01-09, APERIA, SINGAPORE(339511)"
LI FENG YUAN MINI-MART,12/05/2026 - 11/05/2027,"LI FENG YUAN MINIMART, 79E, TOA PAYOH CENTRAL, #01-73, CENTRAL HORIZON, SINGAPORE(315079)"
XIN YI DAI SHI GE PTE. LTD.,15/05/2026 - 14/05/2027,"XIN YI DAI SHI GE, 151, SERANGOON NORTH AVENUE 2, #01-41, (DRINK STALL), SINGAPORE(550151)"
FULING 56 PTE. LTD.,15/05/2026 - 14/05/2027,"FULING 56 PTE LTD, 56, LOYANG WAY, (DRINK STALL), SINGAPORE(508775)"
7-ELEVEN,17/05/2026 - 16/05/2027,"7-ELEVEN, 1, SELEGIE ROAD, #01-10, GR.ID, SINGAPORE(188306)"
SWIRLS BAKE MART,17/05/2026 - 16/05/2027,"SWIRLS BAKE MART, 317, OUTRAM ROAD, #01-09, CONCORDE SHOPPING CENTRE, SINGAPORE(169075)"
HARINI GROUP,17/05/2026 - 16/05/2027,"HARINI GROUP MINIMART, 200, WOODLANDS INDUSTRIAL PARK E7, #01-11, (LEFT SIDE OF THE UNIT), SINGAPORE(757177)"
MD40 COFFEE HOUSE PTE. LTD.,17/05/2026 - 16/05/2027,"FOODHUB, 40, MARGARET DRIVE, #01-05, (DRINK STALL), SINGAPORE(140040)"
7-ELEVEN,24/05/2026 - 23/05/2027,"7-ELEVEN, 5, JALAN BESAR, #01-02, BAN HONG LEONG BUILDING, SINGAPORE(208785)"
7-ELEVEN,29/05/2026 - 28/05/2027,"7-ELEVEN, 22, KEONG SAIK ROAD, (LEVEL 1), SINGAPORE(089129)"
GOOD PRICE HUB PTE. LTD.,31/05/2026 - 30/05/2027,"GOOD PRICE HUB, 509, BEDOK NORTH STREET 3, #01-131, SINGAPORE(460509)"
S.S. DAILY MART PTE. LTD.,03/06/2026 - 02/06/2027,"SS DAILY MART PTE LTD, 781, UPPER CHANGI ROAD EAST, #01-30, SUNHAVEN, SINGAPORE(486069)"
NIHI PTE. LTD.,03/06/2026 - 02/06/2027,"NIHI MINI MART, 80, TUAS AVENUE 1, #01-06, (DORMITORY), SINGAPORE(639525)"
WAN HAO FOODCOURT PTE. LTD.,03/06/2026 - 02/06/2027,"WAN HAO FOODCOURT, 511, UPPER JURONG ROAD, #01-16, ARENA COUNTRY CLUB (DRINK STALL), SINGAPORE(638366)"
CLJR PTE. LTD.,04/06/2026 - 03/06/2027,"VOLTA, 27, WEST COAST HIGHWAY, #01-03, WESTWAY (RESTAURANT), SINGAPORE(117867)"
7-ELEVEN,05/06/2026 - 04/06/2027,"7-ELEVEN, 8, RAFFLES AVENUE, #01-08A, ESPLANADE MALL, SINGAPORE(039802)"
J MINI MART AND SERVICES,06/06/2026 - 05/06/2027,"MOTZ CONVENIENCE STORE, 551, ANG MO KIO AVENUE 10, #01-2226, CHENG SAN GREEN, SINGAPORE(560551)"
7-ELEVEN,07/06/2026 - 06/06/2027,"7-ELEVEN, 45, SIMS DRIVE, #01-168, SIMS VISTA, SINGAPORE(380045)"
RAINBOW TRADING & SUPER MART PTE. LTD.,13/06/2026 - 12/06/2027,"RAINBOW CONVENIENCE STORE, 2, DEFU SOUTH STREET 1, #02-06, SINGAPORE(533755)"
LEELA TRADING,14/06/2026 - 13/06/2027,"VETRI MART, 960, JURONG WEST STREET 92, #01-164, (LEFT SIDE OF THE UNIT), SINGAPORE(640960)"
INDULGE CONVENIENCE STORE,14/06/2026 - 13/06/2027,"INDULGE, 400, ORCHARD ROAD, #B1-10, ORCHARD TOWERS, SINGAPORE(238875)"
"SINGAPORE ISLAND COUNTRY CLUB, THE",14/06/2026 - 13/06/2027,"BUKIT BISTRO & SPORTS BAR, 240, SIME ROAD, #02, SINGAPORE ISLAND COUNTRY CLUB (BAR), SINGAPORE(288303)"
B.P. POWER,14/06/2026 - 13/06/2027,"POWER GROUP, 683, HOUGANG AVENUE 8, #01-915, HOUGANG VILLAGE, SINGAPORE(530683)"
JIN TAI MART,16/06/2026 - 15/06/2027,"JIN TAI MART, 414, YISHUN RING ROAD, #01-1851, SINGAPORE(760414)"
8 MART PTE. LTD.,21/06/2026 - 20/06/2027,"8 MART , 8, FLANDERS SQUARE, (FRONT OF THE SHOP), SINGAPORE(209298)"
A ONE MINI MART PTE. LTD.,24/06/2026 - 23/06/2027,"A ONE MINI MART PTE LTD, 531, BEDOK NORTH STREET 3, #01-696, SINGAPORE(460531)"
7-ELEVEN,28/06/2026 - 27/06/2027,"7-ELEVEN, 19, LORONG 12 GEYLANG, #01-19D, SINGAPORE(398999)"
THE 467 CAFE PTE. LTD.,28/06/2026 - 27/06/2027,"467 COFFEE SHOP, 512, GEYLANG ROAD, ATRIUM RESIDENCES (DRINK STALL), SINGAPORE(389468)"
7-ELEVEN,30/06/2026 - 29/06/2027,"7-ELEVEN, 412, BEDOK NORTH AVENUE 2, #01-128, SINGAPORE(460412)"
243 FOODCOURT PTE. LTD.,30/06/2026 - 29/06/2027,"243 FOODCOURT PTE LTD, 243, CANTONMENT ROAD, (DRINK STALL), SINGAPORE(089770)"
LOTTE TRAVEL RETAIL SINGAPORE PTE. LTD.,30/06/2026 - 29/06/2027,"TERMINAL 2 DEPARTURE CENTRAL, 60, AIRPORT BOULEVARD, #02-167, CHANGI AIRPORT TERMINAL 2, SINGAPORE(819643)"
HIMART MINIMART,05/07/2026 - 04/07/2027,"SHWE CHINDWIN, 71, CIRCUIT ROAD, #01-27, (LEFT SIDE OF THE UNIT), SINGAPORE(370071)"
WELL SUPERMART PTE. LTD.,05/07/2026 - 04/07/2027,"WELL SUPERMART PTE LTD, 65, TELOK BLANGAH DRIVE, #01-162, BLANGAH VIEW (LEFT SIDE OF THE UNIT), SINGAPORE(100065)"
SREE VARI PTE. LTD.,06/07/2026 - 05/07/2027,"HAPPY DAYS SHOP, 555, ANG MO KIO AVENUE 10, #01-1976, CHENG SAN PLACE (LEFT SIDE OF THE UNIT), SINGAPORE(560555)"
WUMING XIAOPU PTE. LTD.,06/07/2026 - 05/07/2027,"WU MING XIAO PU , 119, ALJUNIED AVENUE 2, #01-60, (LEFT SIDE OF THE UNIT), SINGAPORE(380119)"
J. 2 F&B,07/07/2026 - 06/07/2027,"J.2 F&B, 313, OUTRAM ROAD, #01-00, (DRINK STALL), SINGAPORE(169073)"
MAO XIANG CAFETERIA PTE. LTD.,08/07/2026 - 07/07/2027,"MAO XIANG CAFETERIA, 30, PIONEER CRESCENT, #01-15, WEST PARK BIZCENTRAL (DRINK STALL), SINGAPORE(628560)"
MAYAS CHAI@ PTE. LTD.,10/07/2026 - 09/07/2027,"TUASPOT DRINK STALL, 61, TUAS SOUTH LINK 1, (DRINK STALL), SINGAPORE(636801)"
7-ELEVEN,10/07/2026 - 09/07/2027,"7-ELEVEN, 109, BEDOK NORTH ROAD, #01-2304, SINGAPORE(460109)"
AM ARPUTHAM ENTERPRISES PTE. LTD.,11/07/2026 - 10/07/2027,"AM ARPUTHAM ENTERPRISES PTE. LTD., 58, MARINE TERRACE, #01-67, MARINE TERRACE HAVEN, SINGAPORE(440058)"
7-ELEVEN,11/07/2026 - 10/07/2027,"7-ELEVEN, 446, BUKIT BATOK WEST AVENUE 8, #01-04, SINGAPORE(650446)"
NTUC FAIRPRICE CO-OPERATIVE LTD,12/07/2026 - 11/07/2027,"FAIRPRICE FINEST, 271, BUKIT TIMAH ROAD, #01-08A, BALMORAL PLAZA, SINGAPORE(259708)"
MJHC ENTERPRISES PTE. LTD.,12/07/2026 - 11/07/2027,"THE CAPTAIN SUPERSTORE, 635, BALESTIER ROAD, SINGAPORE(329920)"
PROFITRADE PTE. LTD.,13/07/2026 - 12/07/2027,"S.MART, 1, SULTAN GATE, #01-01, SULTAN GATE PLACE, SINGAPORE(198474)"
MADRAS BIRYANI PTE. LTD.,14/07/2026 - 13/07/2027,"MADRAS BRIYANI, 14, ENTERPRISE ROAD, #01-02, ENTERPRISE 10 (DRINK STALL), SINGAPORE(627698)"
MM SUNDRY SHOP PTE. LTD.,14/07/2026 - 13/07/2027,"MM SUNDRY SHOP PTE LTD, 4, KIAN TECK AVENUE, #01-03, KIAN TECK DORMITORY (MINIMART), SINGAPORE(628909)"
JURONG PROVISION SHOP,15/07/2026 - 14/07/2027,"JURONG PROVISION SHOP, 109, JURONG EAST STREET 13, #01-K1, JURONG EAST VILLE, SINGAPORE(600109)"
R & R FAMILY MART,17/07/2026 - 16/07/2027,"R&R FAMILY MART, 55, LENGKOK BAHRU, #01-401, (LEFT SIDE OF THE UNIT), SINGAPORE(151055)"
7-ELEVEN,17/07/2026 - 16/07/2027,"7-ELEVEN, 661, JALAN DAMAI, #01-129, EUNOS DAMAI VILLE, SINGAPORE(410661)"
HUAT LI F&B MANAGEMENT LLP,18/07/2026 - 17/07/2027,"HUAT LI F&B MANAGEMENT LLP, 2, BENOI PLACE, (DRINK STALL), SINGAPORE(629924)"
UMART PRIVATE LIMITED,19/07/2026 - 18/07/2027,"UMART, 2, LORONG TELOK, SINGAPORE(049015)"
GOOD PRICE HUB PTE. LTD.,19/07/2026 - 18/07/2027,"GOOD PRICE HUB, 743, YISHUN AVENUE 5, #01-536, NEE SOON CENTRAL SPRING, SINGAPORE(760743)"
JUMSHA TRADING PTE. LTD.,19/07/2026 - 18/07/2027,"ND MART, 242, JURONG EAST STREET 24, #01-623, SINGAPORE(600242)"
THE PACIFIC CIGAR COMPANY (SINGAPORE) PTE LTD,20/07/2026 - 19/07/2027,"THE CONNOISSEUR EMPORIUM, 1, SULTAN GATE, #01-03, SULTAN GATE PLACE, SINGAPORE(198474)"
SHAFEEK EXCHANGE,20/07/2026 - 19/07/2027,"SHAFEEK EXCHANGE MONEY CHANGER, 930, YISHUN AVENUE 2, #01-01, SINGAPORE(769098)"
KOSMA HOLDINGS PTE LTD,20/07/2026 - 19/07/2027,"KOSMA FOOD CCK 302, 302, CHOA CHU KANG AVENUE 4, #01-719, (DRINK STALL), SINGAPORE(680302)"
"SINGAPORE ISLAND COUNTRY CLUB, THE",20/07/2026 - 19/07/2027,"OKA RESTAURANT AND BAR, 180, ISLAND CLUB ROAD, #03, ISLAND GOLF CLUB (LEFT SIDE OF THE UNIT, BAR), SINGAPORE(578774)"
CF FURNITURE PTE. LTD.,20/07/2026 - 19/07/2027,"SINFOODIE, 61, TAI SENG AVENUE, #B1-02, (DRINK STALL), SINGAPORE(534167)"
DAS MINI-MART,21/07/2026 - 20/07/2027,"DAS MINI-MART, 132, JURONG GATEWAY ROAD, #01-277, (CENTRE OUTLET), SINGAPORE(600132)"
KIM DU FAMILY RESTAURANT,25/07/2026 - 24/07/2027,"KIM DU FAMILY RESTAURANT, 302, UBI AVENUE 1, #01-71, (RESTAURANT), SINGAPORE(400302)"
HYBRID CREATIONS PTE. LTD.,26/07/2026 - 25/07/2027,"CAPASSO, 92, TELOK AYER STREET, #01-01, (RESTAURANT), SINGAPORE(048472)"
TAI WAH CHOK KEE INVESTMENTS PTE. LTD.,27/07/2026 - 26/07/2027,"TAI WAH CHOK KEE INVESTMENTS PTE LTD, 435A, HOUGANG AVENUE 8, #01-01, (DRINK STALL), SINGAPORE(531435)"
HONG XIN ACE MINIMART PTE. LTD.,28/07/2026 - 27/07/2027,"UMART, 110, YISHUN RING ROAD, #01 -391, SINGAPORE(760110)"
7-ELEVEN,31/07/2026 - 30/07/2027,"7-ELEVEN, 237, COMPASSVALE WALK, #01-534, SINGAPORE(540237)"
ANGEL SUPERMART1 PTE. LTD.,01/08/2026 - 31/07/2027,"ANGEL SUPERMART1, 631, ANG MO KIO AVENUE 4, #01-938, SINGAPORE(560631)"
CHEERS HOLDINGS (2004) PTE. LTD.,03/08/2026 - 02/08/2027,"CHEERS, 82, STEVENS ROAD, #B1-02, STEVENS MRT STATION, SINGAPORE(257879)"
PARDESHI PTE. LTD.,05/08/2026 - 04/08/2027,"JUICEI JE, 500, JALAN SULTAN, #01-03, HOTEL BOSS (RESTAURANT), SINGAPORE(199020)"
7-ELEVEN,07/08/2025 - 06/08/2026,"7-ELEVEN, 1, HARBOURFRONT WALK, #02-216C, VIVO CITY, SINGAPORE(098585)"
HAJANAJMUDDIN BIN MOHAMED SHARIFF,07/08/2025 - 06/08/2026,"HAJI MOHAMED SHARIFF, 49A, SERANGOON GARDEN WAY, #01-26, (DRINK STALL), SINGAPORE(555945)"
PSN SUPERMART PTE. LTD.,11/08/2026 - 10/08/2027,"PSN SUPERMART , 87, CIRCUIT ROAD, #01-981, MACPHERSON OASIS (RIGHT SIDE OF THE UNIT), SINGAPORE(370087)"
NEW FAMILY FOOD COURT PTE. LTD.,15/08/2025 - 14/08/2026,"LIM KOPI, 21, SUNGEI KADUT STREET 2, #01-04, (DRINK STALL), SINGAPORE(729238)"
HUANGS MART PTE. LTD.,16/08/2025 - 15/08/2026,"HUANGS MART, 838, JURONG WEST STREET 81, #01-K1, SINGAPORE(640838)"
CHEERS HOLDINGS (2004) PTE. LTD.,16/08/2025 - 15/08/2026,"CHEERS, 301, ORCHARD BOULEVARD, #B2-04, ORCHARD MRT STATION, SINGAPORE(237974)"
BURP FOODS PTE. LTD.,17/08/2025 - 16/08/2026,"BURP FOODS PTE. LTD., 71, TAMPINES AVENUE 1, #01-50, WATERVIEW, SINGAPORE(529779)"
INDIAN SUPERMARKET PTE. LTD.,17/08/2025 - 16/08/2026,"INDIAN SUPERMARKET PTE LTD, 21, HOUGANG STREET 51, #01-36, HOUGANG GREEN SHOPPING MALL, SINGAPORE(538719)"
NTUC FAIRPRICE CO-OPERATIVE LTD,17/08/2025 - 16/08/2026,"NTUC FAIRPRICE, 653B, PUNGGOL DRIVE, #01-06, SINGAPORE(822653)"
SOON HOCK SUPERMARKET PTE. LTD.,18/08/2025 - 17/08/2026,"SOON HOCK SUPERMARKET, 55, CHAI CHEE DRIVE, #01-172, SINGAPORE(460055)"
7-ELEVEN,21/08/2025 - 20/08/2026,"7-ELEVEN, 65, AIRPORT BOULEVARD, #B2-05, CHANGI AIRPORT TERMINAL 3, SINGAPORE(819663)"
PIN PIN PIAU KAY CO,24/08/2025 - 23/08/2026,"PIN PIN PIAU KAY & CO, 70, SENG POH LANE, #01-06, SINGAPORE(160070)"
SPRING GROVE CAFE & MINIMART,24/08/2025 - 23/08/2026,"SPRING GROVE CAFE & MINIMART, 53C, GRANGE ROAD, #01-01, SPRING GROVE, SINGAPORE(249568)"
RAINBOW SUPER MART 24HRS PTE. LTD.,24/08/2025 - 23/08/2026,"RAINBOW SUPER MART, 11, TUAS SOUTH LINK 1, #01-13, SHINE@TUAS SOUTH, SINGAPORE(636901)"
SRI HARI OM PTE. LTD.,28/08/2025 - 27/08/2026,"SRI HARI OM, 2, WOODLANDS SECTOR 2, #01-02, WESTLITE WOODLANDS, SINGAPORE(737723)"
888 MINI-MART PTE. LTD.,30/08/2026 - 29/08/2027,"888 MINI-MART , 2, BLACKMORE DRIVE, #B1-03, KING ALBERT PARK MRT STATION, SINGAPORE(599987)"
EXPRESS CORNER,30/08/2026 - 29/08/2027,"EXPRESS CORNER, 1, KIM SENG PROMENADE, #B2-K104, GREAT WORLD CITY, SINGAPORE(237994)"
BEGONIA SUPERMARKET PTE. LTD.,01/09/2026 - 31/08/2027,"BEGONIA SUPERMARKET PTE LTD, 280, TAMPINES STREET 22, #01-244, SINGAPORE(520280)"
VASEEGARA TRADERS PTE. LTD.,01/09/2025 - 31/08/2026,"VASEEGARA TRADERS PTE.LTD, 631, BEDOK RESERVOIR ROAD, #01-936, EUNOS GROVE, SINGAPORE(470631)"
QQ DIY STORE,02/09/2025 - 01/09/2026,"QQ D I Y STORE, 449, CHANGI ROAD, SINGAPORE(419876)"
BHARATH SUPERMARKET PTE. LTD.,02/09/2025 - 01/09/2026,"BHARATH SUPERMARKET, 242F, TANJONG KATONG ROAD, #01-01, SINGAPORE(437153)"
NORTHSTAR BREWKOPI PTE. LTD.,05/09/2025 - 04/09/2026,"NORTHSTAR BREWKOPI, 7030, ANG MO KIO AVENUE 5, #01-30, NORTHSTAR @ AMK (DRINK STALL), SINGAPORE(569880)"
AMPRO PTE. LTD.,06/09/2025 - 05/09/2026,"AMPRO MINIMART, 107, JALAN RAJAH, #01-K1, RAJAH COURT, SINGAPORE(320107)"
APPLE SUPERMARKET PTE. LTD.,06/09/2025 - 05/09/2026,"APPLE MINI MART, 222, BISHAN STREET 23, #01-K1, SINGAPORE(570222)"
VAIGAI FOODS PTE. LTD.,06/09/2025 - 05/09/2026,"VAIGAI MINIMART, 9, FLORA DRIVE, #01-35, DAHLIA PARK CONDOMINIUM, SINGAPORE(507013)"
FU CHAN F&B GROUP PTE. LTD.,09/09/2025 - 08/09/2026,"FOOD CITY, 653A, PUNGGOL DRIVE, #01-01, (DRINK STALL), SINGAPORE(821653)"
GREAT NANYANG,09/09/2025 - 08/09/2026,"GREAT NANYANG, 31, TAMPINES STREET 92, #01-01, TAMPINES INDUSTRIAL PARK A (DRINK STALL), SINGAPORE(520031)"
7-ELEVEN,11/09/2025 - 10/09/2026,"7-ELEVEN, 230, CHOA CHU KANG CENTRAL, #01-K1, SINGAPORE(680230)"
CHEERS HOLDINGS (2004) PTE. LTD.,12/09/2025 - 11/09/2026,"FAIRPRICEXPRESS, 51, HOUGANG AVENUE 7, #B1-56, RIVERFRONT RESIDENCES, SINGAPORE(533818)"
55 PLUS CAFE,15/09/2025 - 14/09/2026,"55 PLUS CAFE, 55, KIM CHUAN DRIVE, #01-03, PRECISE TREE (DRINK STALL), SINGAPORE(537098)"
7-ELEVEN,18/09/2025 - 17/09/2026,"7-ELEVEN, 34, CLEANTECH LOOP, #01-11, SINGAPORE(636739)"
LOTTE TRAVEL RETAIL SINGAPORE PTE. LTD.,19/09/2025 - 18/09/2026,"LOTTE, 60, AIRPORT BOULEVARD, #03-189, TERMINAL 2 DEPARTURE TRANSIT LOUNGE NORTH, SINGAPORE(819643)"
ONG MOBILE,19/09/2025 - 18/09/2026,"ONG MOBILE, 135, JURONG GATEWAY ROAD, #01-331, (RIGHT SIDE OF THE UNIT), SINGAPORE(600135)"
EL DEVELOPMENT (VENTURES) PTE. LTD.,20/09/2025 - 19/09/2026,"IRON DUKE, 1, HILL STREET, #03-00, (BAR), SINGAPORE(179949)"
WISIONLY PTE. LTD.,22/09/2025 - 21/09/2026,"WISIONLY, 40, PUNGGOL DRIVE, PE7 DAMAI LRT STSTION, SINGAPORE(828855)"
SHENG SIONG SUPERMARKET PTE LTD,22/09/2025 - 21/09/2026,"SHENG SIONG, 471B, YISHUN STREET 42, #01-01, SINGAPORE(762471)"
7-ELEVEN,26/09/2025 - 25/09/2026,"7-ELEVEN, 63, NORMANTON PARK, #01-84, SINGAPORE(117287)"
MAGNATON VENTURES,27/09/2025 - 26/09/2026,"SHELL SELECT, 1, EXPO DRIVE, #01-62, SINGAPORE EXPO , SINGAPORE(486150)"
DS PHARMA SERVICES PTE. LTD.,27/09/2025 - 26/09/2026,"SELVAM MART, 630, BUKIT BATOK CENTRAL, #01-158, (RIGHT SIDE OF THE UNIT), SINGAPORE(650630)"
VELAN PTE. LTD.,28/09/2025 - 27/09/2026,"VELAN MART, 57, TUAS VIEW WALK 2, SINGAPORE(637628)"
AANANDHAM TRADERS2 PTE. LTD.,28/09/2025 - 27/09/2026,"SUNRISE MART, 167, WOODLANDS STREET 11, #02-27, SINGAPORE(730167)"
GREENSHINE SG FRESHMART PTE. LTD.,28/09/2025 - 27/09/2026,"GREENSHINE SG FRESH MART PVT. LTD, 441, PASIR RIS DRIVE 6, #01-68, SINGAPORE(510441)"
ADAM GLOBAL PTE. LTD.,28/09/2025 - 27/09/2026,"ADAM GLOBAL SG PTE LTD, 200, WOODLANDS INDUSTRIAL PARK E7, #01-40, WOODLANDS RECREATION CENTRE (DRINK STALL), SINGAPORE(757177)"
GOOD PRICE HUB PTE. LTD.,29/09/2025 - 28/09/2026,"GOOD PRICE HUB, 59, MARINE TERRACE, #01-83, MARINE TERRACE HAVEN, SINGAPORE(440059)"
MEGA VALUE,29/09/2025 - 28/09/2026,"MEGA VALUE, 109, BUKIT PURMEI ROAD, #01-151, BUKIT PURMEI VILLE, SINGAPORE(090109)"
ORANGE MART SG PTE. LTD.,29/09/2025 - 28/09/2026,"ORANGE MART SG PTE. LTD., 165, BEDOK SOUTH ROAD, #01-K1, SINGAPORE(460165)"
KIM SAN LENG (JURONG EAST) PTE. LTD.,02/10/2025 - 01/10/2026,"KIM SAN LENG (JURONG) PTE LTD, 130, JURONG GATEWAY ROAD, #01-211, (DRINK STALL), SINGAPORE(600130)"
GEARAGE LLP,03/10/2025 - 02/10/2026,"GEARAGE, 471B, YISHUN STREET 42, #01-08, SINGAPORE(762471)"
STAR MARS PTE. LTD.,04/10/2025 - 03/10/2026,"STAR MARS PTE LTD, 237, JURONG EAST STREET 21, #01-402, (LEFT SIDE OF THE UNIT), SINGAPORE(600237)"
YI CING MINI-SUPER MARKET,06/10/2025 - 05/10/2026,"YI CING MINI SUPERMARKET, 632, YISHUN STREET 61, #01-10, SINGAPORE(760632)"
SWEETHEART GARDEN PTE. LTD.,06/10/2025 - 05/10/2026,"QUEENSTOWN SUPERMART, 169, STIRLING ROAD, #01-1161, STIRLING VIEW, SINGAPORE(140169)"
CHEERS HOLDINGS (2004) PTE. LTD.,06/10/2025 - 05/10/2026,"CHEERS, 321, SOUTH BRIDGE ROAD, #B1-05, MAXWELL MRT STATION, SINGAPORE(058841)"
FIRST EATING HOUSE PTE. LTD.,09/10/2025 - 08/10/2026,"FIRST EATING HOUSE PTE LTD, 568, SERANGOON ROAD, (DRINK STALL), SINGAPORE(218183)"
SHREE KARUMBUBAYIRAM PTE. LTD.,10/10/2025 - 09/10/2026,"SHREE KARUMBUBAYIRAM PTE.LTD., 15, PANDAN CRESCENT, #01, SINGAPORE(128470)"
IMART TRADERS PTE. LTD.,11/10/2025 - 10/10/2026,"IMART TRADERS PTE LTD, 427, JURONG WEST AVENUE 1, #01-K1, SINGAPORE(640427)"
SUNSHINE MINIMART PTE. LTD.,11/10/2025 - 10/10/2026,"SUNSHINE SUPERMART, 61, TELOK BLANGAH HEIGHTS, #01-113, BLANGAH GARDEN, SINGAPORE(100061)"
NAFISA MINIMART,11/10/2025 - 10/10/2026,"NAFISA MINIMART, 932, JURONG WEST STREET 92, #01-K2, SINGAPORE(640932)"
FORTUNE SUPERMARKET PTE. LTD.,12/10/2025 - 11/10/2026,"FORTUNE, 173, YISHUN AVENUE 7, #01-827, SINGAPORE(760173)"
NEW RADIANT AGENT FU KWEE SIANG DRIED & MINCED PORK,12/10/2025 - 11/10/2026,"FU KWEE SIANG DRIED PORK & PORK FLOSS, 18, UPPER BOON KENG ROAD, #01-1125, BOON KENG VILLE, SINGAPORE(380018)"
GOOD PRICE HUB PTE. LTD.,12/10/2025 - 11/10/2026,"GOOD PRICE HUB, 750, PASIR RIS STREET 71, #01-10, SINGAPORE(510750)"
ASIAN MINIMART,13/10/2025 - 12/10/2026,"ASIAN MINIMART, 3, HAIG ROAD, #01-523, HAIG VIEW, SINGAPORE(430003)"
LIM HEOK PROVISION SHOP PTE. LTD.,14/10/2025 - 13/10/2026,"LIM HEOK PROVISION SHOP PTE LTD, 47, SIMS PLACE, #01-171, SIMS VISTA, SINGAPORE(380047)"
STUNNING ENTERPRISES PTE. LTD.,14/10/2025 - 13/10/2026,"SRI ANNAI MART, 128, ANG MO KIO AVENUE 3, #01-1839, (LEFT SIDE OF THE UNIT), SINGAPORE(560128)"
ZHANG MEILAN,15/10/2025 - 14/10/2026,"YEW YI HUP KEE EATING HOUSE, 86, MARKET STREET, #02-25, (DRINK STALL), SINGAPORE(048947)"
SOON HONG (YISHUN) EATING HOUSE PTE. LTD.,17/10/2025 - 16/10/2026,"SOON HONG (YISHUN) EATING HOUSE PTE LTD, 1, YISHUN INDUSTRIAL STREET 1, #01-12, A'POSH BIZHUB (DRINK STALL), SINGAPORE(768160)"
LOK FOOK PTE. LTD.,17/10/2025 - 16/10/2026,"KUN HAI SHOP, 3155, COMMONWEALTH AVENUE WEST, #04-32, THE CLEMENTI MALL, SINGAPORE(129588)"
GMART IMPEX PTE. LTD.,17/10/2025 - 16/10/2026,"G MART, 109, BUKIT PURMEI ROAD, #01-155, BUKIT PURMEI VILLE, SINGAPORE(090109)"
AMMAN HOUSEHOLD SUPPLIES PTE. LTD.,24/10/2025 - 23/10/2026,"AMMAN HOUSEHOLD SUPPLIES PTE LTD, 153, JALAN TECK WHYE, #01-01, SINGAPORE(680153)"
IMART TRADERS PTE. LTD.,24/10/2025 - 23/10/2026,"IMART, 414, JURONG WEST STREET 42, #01-795, SINGAPORE(640414)"
RELAX (MS) PTE. LTD.,24/10/2025 - 23/10/2026,"KRUSH, 6, RAFFLES BOULEVARD, #01-01, MARINA SQUARE (RESTAURANT), SINGAPORE(039594)"
SKYLINE F&B PTE. LTD.,25/10/2025 - 24/10/2026,"FOODHUB, 803, KEAT HONG CLOSE, #01-01, (DRINK STALL), SINGAPORE(680803)"
CHAI YU TRADING,25/10/2025 - 24/10/2026,"CHAI YU TRADING, 445, SIN MING AVENUE, #01-473, SIN MING COURT, SINGAPORE(570445)"
IFAX R INTERNATIONAL,27/10/2025 - 26/10/2026,"IFAX R SHOP ONE1, 10, COMPASSVALE STREET, SE1 COMPASSVALL LRT STATION, SINGAPORE(545055)"
SHLOKE'S MART PTE. LTD.,27/10/2025 - 26/10/2026,"KOPI-MINIMART, 3014, UBI ROAD 1, #01-308, KAMPONG UBI INDUSTRIAL ESTATE, SINGAPORE(408702)"
KOPI TARIK PTE. LTD.,31/10/2025 - 30/10/2026,"KOPI TARIK PTE LTD, 174C, HOUGANG AVENUE 1, #01-01, PAYA LEBAR LODGE (DRINK STALL), SINGAPORE(533174)"
KKN GENERAL CONTRACTOR PTE. LTD.,01/11/2025 - 31/10/2026,"KAVYA MART, 8, DUNLOP STREET, #01-00, SINGAPORE(209338)"
PALATE BISTRO PTE. LTD.,01/11/2025 - 31/10/2026,"PALATE BISTRO PTE. LTD., 10, ADMIRALTY STREET, #01-75, NORTH LINK BUILDING (DRINK STALL), SINGAPORE(757695)"
SR EAGLE PTE. LTD.,02/11/2025 - 01/11/2026,"STEFANO RICCI LOUNGE, 268, ORCHARD ROAD, #11-01, YEN SAN BUILDING (BAR), SINGAPORE(238856)"
7-ELEVEN,02/11/2025 - 01/11/2026,"7-ELEVEN, 28, SERANGOON NORTH AVENUE 1, #01-60, AFFINITY AT SERANGOON, SINGAPORE(554341)"
SEKIB PTE. LTD.,03/11/2025 - 02/11/2026,"FOODPRINTS@BEDOK, 3015, BEDOK NORTH STREET 5, #06-23A, SHIMEI EAST KITCHEN (RESTAURANT), SINGAPORE(486350)"
SSJ ENTERPRISE PTE. LTD.,03/11/2025 - 02/11/2026,"SSJ CONVENIENCE MART, 1, PARK ROAD, #01-76, PEOPLE'S PARK COMPLEX, SINGAPORE(059108)"
SOON HOCK SUPERMARKET PTE. LTD.,03/11/2025 - 02/11/2026,"SOON HOCK SUPERMARKET, 121, BUKIT MERAH LANE 1, #01-16, SINGAPORE(150121)"
NEW MEENA ENTERPRISE PTE. LTD.,04/11/2025 - 03/11/2026,"NEW MEENA ENTERPRISE, 505, TAMPINES CENTRAL 1, #01-331, SINGAPORE(520505)"
NTUC FAIRPRICE CO-OPERATIVE LTD,08/11/2025 - 07/11/2026,"NTUC FINEST, 963C, UPPER CHANGI ROAD NORTH, #01-07, SINGAPORE(506790)"
HAO MART PTE. LTD.,09/11/2025 - 08/11/2026,"ECCELLENTE BY HAO MART, 160, ORCHARD ROAD, #01-01, ORCHARD POINT, SINGAPORE(238842)"
HAO MART PTE. LTD.,09/11/2025 - 08/11/2026,"ECCELLENTE BY HAO MART, 160, ORCHARD ROAD, #02-01, ORCHARD POINT, SINGAPORE(238842)"
FIVE FOURTEEN INTERNATIONAL PTE. LTD.,10/11/2025 - 09/11/2026,"GROCER SUPERMARKET, 907, JURONG WEST STREET 91, #01-197, SINGAPORE(640907)"
UNCLE YAP'S ENTERPRISE II PTE. LTD.,13/11/2025 - 12/11/2026,"UNCLE YAPâ€™S ONE-STOP MINIMART, 34, CASSIA CRESCENT, #01-74, SINGAPORE(390034)"
SRI ARASI TRADING PTE. LTD.,14/11/2025 - 13/11/2026,"SRI ARASI TRADING PTE LTD, 38, BEO CRESCENT, #01-34, THE BEO CRESCENT (LEFT SIDE OF THE UNIT), SINGAPORE(160038)"
DGS MART,15/11/2025 - 14/11/2026,"DGS MART, 30, TUAS SOUTH STREET 5, #01-03, (DORMITORY) MINIMART, SINGAPORE(637826)"
HCD TRADING PTE. LTD.,16/11/2025 - 15/11/2026,"HCD SHOP, 15, HOUGANG AVENUE 3, #01-109, HOUGANG VIEW, SINGAPORE(530015)"
AD ASTRA E-COM PTE. LTD.,17/11/2025 - 16/11/2026,"M G M FOREIGN EXCHANGE, 1, HARBOURFRONT WALK, #02-216B, VIVO CITY, SINGAPORE(098585)"
SRI PANDIA'S TRADING PTE. LTD.,17/11/2025 - 16/11/2026,"SRI PANDIAS TRADING, 44, TOH GUAN ROAD EAST, #02-83, ENTERPRISE HUB, SINGAPORE(608584)"
COLD STORAGE SINGAPORE (1983) PTE LTD,22/11/2025 - 21/11/2026,"CS FRESH, 7, HOLLAND VILLAGE WAY, #01-16, ONE HOLLAND VILLAGE, SINGAPORE(275748)"
31 COFFEE HOUSE PTE. LTD.,22/11/2025 - 21/11/2026,"31 COFFEE HOUSE, 732, YISHUN AVENUE 5, #01-380, STALL 8 (DRINK STALL), SINGAPORE(760732)"
ANGELES CITY BISTRO AND RESTAURANT PTE. LTD.,24/11/2025 - 23/11/2026,"ANGELES CITY BISTRO AND RESTAURANT PTE. LTD., 51, SOON LEE ROAD, #01, SCAL RECREATION CENTRE (BLK D, RESTAURANT), SINGAPORE(628088)"
HOE KEE TEIK COFFEE SHOPS,24/11/2025 - 23/11/2026,"HOE KEE TEIK COFFEE SHOPS, 55, SUNGEI KADUT DRIVE, (DRINK STALL) BLOCK 4, SINGAPORE(729563)"
MAVELI ENTERPRISES,27/11/2025 - 26/11/2026,"MAVELI ENTERPRISES, 503, TAMPINES CENTRAL 1, #01-291, (LEFT SIDE OF THE UNIT), SINGAPORE(520503)"
GOOD PRICE HUB PTE. LTD.,27/11/2025 - 26/11/2026,"GOOD PRICE HUB, 187C, MARSILING ROAD, #01-05, SINGAPORE(733187)"
NEW GREATMART PTE. LTD.,27/11/2025 - 26/11/2026,"NEW GREATMART, 187C, MARSILING ROAD, #01-06, SINGAPORE(733187)"
SRI AMMAN TRADERS & SUPPLIERS PTE. LTD.,29/11/2025 - 28/11/2026,"SRI AMMAN TRADERS & SUPPLIERS PTE.LTD, 292, YISHUN STREET 22, #01-293, SINGAPORE(760292)"
CARPE OMNIA ENT PTE. LTD.,29/11/2025 - 28/11/2026,"COASTAL ACOUSTIC, 27, WEST COAST HIGHWAY, #01-08, WESTWAY (RESTAURANT), SINGAPORE(117867)"
DYNAMIC STORES PTE. LTD.,30/11/2025 - 29/11/2026,"SRI PONNI MART, 761, YISHUN STREET 72, #01-356, (LEFT SIDE OF THE UNIT), SINGAPORE(760761)"
MH CONVENIENCE STORE,01/12/2025 - 30/11/2026,"MH CONVENIENCE STORE, 625, ELIAS ROAD, #01-326, ELIAS MALL (RIGHT SIDE OF THE UNIT), SINGAPORE(510625)"
MOUNT FABER LEISURE GROUP PTE. LTD.,01/12/2025 - 30/11/2026,"DUSK RESTAURANT & BAR, 109, MOUNT FABER ROAD, #02, MOUNT FABER PEAK (RESTAURANT), SINGAPORE(099203)"
HJCC - (80),01/12/2025 - 30/11/2026,"SHELL SELECT, 2, BOON LAY AVENUE, SHELL PETROL SERVICE, SINGAPORE(649960)"
7-ELEVEN,04/12/2025 - 03/12/2026,"7-ELEVEN, 60A, ORCHARD ROAD, #B2-06, DHOBY GHAUT NEL MRT STATION, SINGAPORE(238890)"
CHEERS HOLDINGS (2004) PTE. LTD.,05/12/2025 - 04/12/2026,"FAIRPRICEXPRESS, 35, SELEGIE ROAD, #01-11, PARKLANE SHOPPING MALL, SINGAPORE(188307)"
CHEERS HOLDINGS (2004) PTE. LTD.,06/12/2025 - 05/12/2026,"CHEERS, 50, BEACH VIEW, #01-01, BEACH LRT STATION, SINGAPORE(098604)"
"SINGAPORE ISLAND COUNTRY CLUB, THE",08/12/2025 - 07/12/2026,"BRAID BAR, 240, SIME ROAD, S.I.C.C (RESTAURANT, LEVEL 3), SINGAPORE(288303)"
JM ASIA TRADING PTE. LTD.,08/12/2025 - 07/12/2026,"THE STANDISH, 211, HOLLAND AVENUE, #02-30, HOLLAND ROAD SHOPPING CENTRE, SINGAPORE(278967)"
NTUC FAIRPRICE CO-OPERATIVE LTD,08/12/2025 - 07/12/2026,"NTUC FINEST, 2, TAMPINES CENTRAL 5, #B1-07, CENTURY SQUARE, SINGAPORE(529509)"
U STARS PTE. LTD.,14/12/2025 - 13/12/2026,"U SUPERMARKET, 330, ANCHORVALE STREET, #01-01, ANCHORVALE HARVEST, SINGAPORE(540330)"
U STARS PTE. LTD.,14/12/2025 - 13/12/2026,"U SUPERMARKET, 215C, COMPASSVALE DRIVE, #01-01, SINGAPORE(543215)"
U STARS PTE. LTD.,14/12/2025 - 13/12/2026,"U SUPERMARKET, 261, PUNGGOL WAY, #01-02, PUNGGOL TOPAZ, SINGAPORE(820261)"
U STARS PTE. LTD.,14/12/2025 - 13/12/2026,"U SUPERMARKET, 878C, TAMPINES AVENUE 8, #01-65, SINGAPORE(523878)"
NTUC FAIRPRICE CO-OPERATIVE LTD,16/12/2025 - 15/12/2026,"NTUC FINEST, 4, DAIRY FARM LANE, #B1-12, DAIRY FARM MALL, SINGAPORE(677622)"
ST 82 C&B PTE. LTD.,19/12/2025 - 18/12/2026,"FOODHUB, 432A, BUKIT BATOK WEST AVENUE 8, #01-06, (DRINK STALL), SINGAPORE(651432)"
FOOD LEAF HOLDINGS PTE. LTD.,19/12/2025 - 18/12/2026,"YONG LI COFFEE STATION, 542B, SERANGOON NORTH AVENUE 3, #01-01, (DRINK STALL), SINGAPORE(552542)"
NJ PTE. LTD.,20/12/2025 - 19/12/2026,"NJ, 39, TEBAN GARDENS ROAD, #01-329, (RIGHT SIDE OF THE UNIT), SINGAPORE(600039)"
ED@KAI,20/12/2025 - 19/12/2026,"EK MINIMART, 710, CLEMENTI WEST STREET 2, #01-251, SINGAPORE(120710)"
SRI TRADERS PTE. LTD.,21/12/2025 - 20/12/2026,"SRI TRADERS PTE LTD, 631, BEDOK RESERVOIR ROAD, #01-958, EUNOS GROVE (LEFT SIDE OF THE UNIT), SINGAPORE(470631)"
FRESHPICK MART,21/12/2025 - 20/12/2026,"FRESH PICK MART, 686C, WOODLANDS DRIVE 73, #01-90, SINGAPORE(733686)"
YES - MART PTE. LTD.,22/12/2025 - 21/12/2026,"YES - MART, 108, HOUGANG AVENUE 1, #01-1265, SINGAPORE(530108)"
THENG MART PTE. LTD.,22/12/2025 - 21/12/2026,"THENG MART, 1, WEST COAST DRIVE, #01-104, NEWEST, SINGAPORE(128020)"
VICTRUS PTE. LTD.,27/12/2025 - 26/12/2026,"SAI LEE TRADERS, 217A, JURONG EAST STREET 21, #01-589, SINGAPORE(601217)"
HUANGS MART PTE. LTD.,27/12/2025 - 26/12/2026,"HUANGS MART, 205, CHOA CHU KANG CENTRAL, #01-K1, SINGAPORE(680205)"
GRAND DYNASTY PTE. LTD.,27/12/2025 - 26/12/2026,"GRAND DYNASTY, 100, JALAN SULTAN, #06-01, SULTAN PLAZA (CLUB), SINGAPORE(199001)"
ZO QUEST,27/12/2025 - 26/12/2026,"ZO QUEST MART, 925, YISHUN CENTRAL 1, #01-237, (LEFT SIDE OF THE UNIT), SINGAPORE(760925)"
AJMAL TRADE MART PTE. LTD.,28/12/2025 - 27/12/2026,"AJMAL TRADE MART PTE LTD, 3B, AVIATION PARK ROAD, (DORMITORY) MINIMART, SINGAPORE(499980)"
RAM MART,28/12/2025 - 27/12/2026,"RAM MART, 818, WOODLANDS STREET 82, #01-417, (RIGHT SIDE OF THE UNIT), SINGAPORE(730818)"
OW'S HOLDINGS PTE. LTD.,28/12/2025 - 27/12/2026,"OW'S HOLDINGS PTE LTD, 38, TELOK BLANGAH RISE, #01-319, SINGAPORE(090038)"
7-ELEVEN,28/12/2025 - 27/12/2026,"7-ELEVEN, 89, SHORT STREET, #01-06, GOLDEN WALL CENTRE, SINGAPORE(188216)"
7-ELEVEN,28/12/2025 - 27/12/2026,"7-ELEVEN, 801, WEST COAST CRESCENT, #01-02, SINGAPORE(120801)"
7-ELEVEN,28/12/2025 - 27/12/2026,"7-ELEVEN, 614, TAMPINES NORTH DRIVE 1, #01-03, SINGAPORE(520614)"
TIAN TIAN MINIMART PTE. LTD.,28/12/2025 - 27/12/2026,"TIAN TIAN MINIMART, 220, GEYLANG ROAD, SINGAPORE(389280)"
COLD STORAGE SINGAPORE (1983) PTE LTD,28/12/2025 - 27/12/2026,"CS FRESH, 36H, DUNEARN ROAD, #01-44A, CHANCERY COURT, SINGAPORE(309433)"
ACE MARKETPLACE PTE. LTD.,30/12/2025 - 29/12/2026,"ACE MARKETPLACE, 146, JALAN BUKIT MERAH, #01-1074, SINGAPORE(160146)"
YUE HWA CHINESE PRODUCTS PTE LTD,30/12/2025 - 29/12/2026,"YUE HWA CHINESE PRODUCTS, 23, SERANGOON CENTRAL, #03-21, NEX, SINGAPORE(556083)"
GLORY RESTAURANT & CATERING PTE. LTD.,02/01/2026 - 01/01/2027,"GLORY FOODCOURT, 11, KAKI BUKIT ROAD 1, #01-07, (DRINK STALL), SINGAPORE(415939)"
SIDVIN SUPERMART PTE. LTD.,04/01/2026 - 03/01/2027,"SIDVIN SUPERMART, 453, GEYLANG ROAD, SINGAPORE(389412)"
CHEERS HOLDINGS (2004) PTE. LTD.,04/01/2026 - 03/01/2027,"FAIRPRICEXPRESS, 63, NORMANTON PARK, #01-81, SINGAPORE(117287)"
YEO EXPRESS PTE. LTD.,05/01/2026 - 04/01/2027,"YEO EXPRESS , 355, WOODLANDS AVENUE 1, #01-707, SINGAPORE(730355)"
CF ALJUNIED PTE. LTD.,05/01/2026 - 04/01/2027,"SINFOODIE, 164, KALLANG WAY, #02-01, SOLARIS @KALLANG 164 (DRINK STALL), SINGAPORE(349248)"
LOTTE TRAVEL RETAIL SINGAPORE PTE. LTD.,05/01/2026 - 04/01/2027,"TERMINAL 2 DEPARTURE WING SOUTH, 60, AIRPORT BOULEVARD, #02-197, CHANGI AIRPORT TERMINAL 2, SINGAPORE(819643)"
RIYA TRADING & RESTAURANT PTE. LTD.,05/01/2026 - 04/01/2027,"RIYA SUPER MART, 155, UPPER PAYA LEBAR ROAD, SINGAPORE(534853)"
SG COFFEE TOP PTE. LTD.,06/01/2026 - 05/01/2027,"SG COFFEE TOP PTE LTD, 1, BINJAI PARK, BINJAI PARK (DRINK STALL), SINGAPORE(589818)"
PHAN99 (MANDAI) PTE. LTD.,09/01/2026 - 08/01/2027,"PHAN99 SUPERMARKET, 501A, PUNGGOL WAY, (A-1-03), DORMITORY - MINIMART , SINGAPORE(828646)"
KASI FAIR MART PTE. LTD.,09/01/2026 - 08/01/2027,"KASI FAIR MART, 185, TOA PAYOH CENTRAL, #01-346, (LEFT SIDE OF THE UNIT), SINGAPORE(310185)"
KAVI MART PTE. LTD.,09/01/2026 - 08/01/2027,"KAVI SUPERMARKET, 48, TOH GUAN ROAD EAST, #01-130, ENTERPRISE HUB (MINIMART), SINGAPORE(608586)"
GRAND GROCERIA PTE. LTD.,11/01/2026 - 10/01/2027,"G G MART, 432, BALESTIER ROAD, #01-440, PUBLIC MANSIONS, SINGAPORE(329813)"
SREE AMMAN MINIMART PTE. LTD.,11/01/2026 - 10/01/2027,"SREE AMMAN MINI MART, 249, JURONG EAST STREET 24, #01-94, SINGAPORE(600249)"
FF CAFE PTE. LTD.,15/01/2026 - 14/01/2027,"FF CAFE PTE LTD, 122, ANG MO KIO AVENUE 3, #01-1771, (DRINK STALL 7), SINGAPORE(560122)"
VICTRUS PTE. LTD.,16/01/2026 - 15/01/2027,"REAL FRESH, 3B, AVIATION PARK ROAD, #01-06, CR101 DORMITORY (CANTEEN 2, STALL 2), SINGAPORE(499980)"
COMO LIFESTYLE PTE. LTD.,18/01/2026 - 17/01/2027,"COTE KOREAN STEAKHOUSE, 30, BIDEFORD ROAD, #03-01, COMO METROPOLITAN SINGAPORE, SINGAPORE(229922)"
L & K GOURMET PTE. LTD.,18/01/2026 - 17/01/2027,"SHENG YUAN FOOD ARENA, 10, KAKI BUKIT AVENUE 4, #03-60, PREMIER @ KAKI BUKIT (DRINK STALL 1), SINGAPORE(415874)"
NEW CHENNAI STORE PTE. LTD.,18/01/2026 - 17/01/2027,"NEW CHENNAI STORE , 5, JALAN MAS PUTEH, PASIR PANJANG GARDENS, SINGAPORE(128611)"
HAPPY MART PTE. LTD.,20/01/2026 - 19/01/2027,"HAPPY MART, 64, CIRCUIT ROAD, #01-359, MACPHERSON GARDEN (LEFT SIDE OF THE UNIT), SINGAPORE(370064)"
SOON HOCK SUPERMARKET PTE. LTD.,20/01/2026 - 19/01/2027,"SOON HOCK SUPERMARKET, 10, SENGKANG SQUARE, #01-118, KOPITIAM SQUARE, SINGAPORE(544829)"
ASIA COFFEE HOUSE PTE. LTD.,22/01/2026 - 21/01/2027,"ASIA COFFEE HOUSE, 101, WOODLANDS AVENUE 12, #01-16, (STALL 5), SINGAPORE(737719)"
FOOD GOURMET F&B PTE. LTD.,22/01/2026 - 21/01/2027,"106 FOOD ALLIANCE PTE LTD, 106, HOUGANG AVENUE 1, #01-1239, (DRINK STALL 1), SINGAPORE(530106)"
NTUC FAIRPRICE CO-OPERATIVE LTD,23/01/2026 - 22/01/2027,"NTUC FINEST, 3B, RIVER VALLEY ROAD, #01-04, CQ @ CLARKE QUAY, SINGAPORE(179021)"
IL FIORE PTE. LTD.,24/01/2026 - 23/01/2027,"DUNGEON BY IL FIORE, 30, RAFFLES PLACE, #01-16, 30 RAFFLES PLACE, SINGAPORE(048622)"
M.CONNECT (KALLANG) PTE. LTD.,25/01/2026 - 24/01/2027,"M.CONNECT, 163, KALLANG WAY, #01-12, MAPLETREE HI-TECH PARK @KALLANG WAY (STALL 1), SINGAPORE(349256)"
PANG PANG LITTLE STORE,26/01/2026 - 25/01/2027,"PANG PANG LITTLE STORE, 117, BUKIT BATOK WEST AVENUE 6, #01-K1, SINGAPORE(650117)"
A V M SUPERMART PTE. LTD.,26/01/2026 - 25/01/2027,"AVM SUPERMART , 681, RACE COURSE ROAD, #01-297, SINGAPORE(210681)"
ASCENDAS RETAIL PTE. LTD.,30/01/2026 - 29/01/2027,"HAO KE, 101, YISHUN AVENUE 5, #01-65, SINGAPORE(760101)"
NANYANG OVERSEAS SERVICE COMPANY PTE. LTD.,31/01/2026 - 30/01/2027,"DUDU MINI MART, 101, UPPER BUKIT TIMAH ROAD, #B1-03, BEAUTY WORLD MRT STATION, SINGAPORE(588216)"
SMART VALUE TRADING,01/02/2026 - 31/01/2027,"MART VALUE TRADING, 359, BUKIT BATOK STREET 31, #01-395B, SINGAPORE(650359)"
CHEVRON SINGAPORE PTE. LTD.,02/02/2026 - 01/02/2027,"STAR MART, 1, YISHUN STREET 11, CALTEX PETROL SERVICE, SINGAPORE(768642)"
DUKE MARTS PTE. LTD.,02/02/2026 - 01/02/2027,"DUKE MARTS, 26, DICKSON ROAD, #01-01, SINGAPORE(209509)"
BCH HOTEL SINGAPORE,03/02/2026 - 02/02/2027,"HUMIDOR, 80, MIDDLE ROAD, LEVEL 1, EAST LOBBY, SINGAPORE(188966)"
JL ASIA RESOURCES PTE. LTD.,05/02/2026 - 04/02/2027,"HOTEL 1900, 46, MOSQUE STREET, LEVEL 1, LOBBY, SINGAPORE(059524)"
KINGSMART PTE. LTD.,09/02/2026 - 08/02/2027,"KINGSMART, 30, PENJURU PLACE, #01-07, JURONG PENJURU DORMITORY 2, SINGAPORE(608557)"
YUMMY MART PTE. LTD.,09/02/2026 - 08/02/2027,"YUMMY MART, 249, JURONG EAST STREET 24, #01-102, (LEFT SIDE OF THE UNIT), SINGAPORE(600249)"
YONG YUN PTE. LTD.,09/02/2026 - 08/02/2027,"YONG YUN PTE LTD, 17, WOODLANDS LINK, (CANTEEN), SINGAPORE(738727)"
PARK RESERVOIR FOOD HOUSE PTE. LTD.,09/02/2026 - 08/02/2027,"PARK RESERVOIR FOOD HOUSE PTE. LTD., 187C, MARSILING ROAD, #01-01, (STALL 7), SINGAPORE(733187)"
PANNEER STORES PTE. LTD.,09/02/2026 - 08/02/2027,"PANEER STORES PTE LTD, 5, EUNOS CRESCENT, #01-2625, SINGAPORE(400005)"
SKM FOOD PTE. LTD.,09/02/2026 - 08/02/2027,"SKM MINIMART, 2, PANDAN VALLEY, #01-209, ACACIA COURT, SINGAPORE(597626)"
GONG SHI INDUSTRY PTE. LTD.,12/02/2026 - 11/02/2027,"GONG SHI INDUSTRY PTE LTD, 269, QUEEN STREET, #02-224, SINGAPORE(180269)"
FAYIZ ENTERPRISE,15/02/2026 - 14/02/2027,"FAYIZ ENTERPRISE, 130, BUKIT MERAH VIEW, #01-338, BUKIT MERAH VIEW, SINGAPORE(150130)"
786 SPICES PTE. LTD.,15/02/2026 - 14/02/2027,"786 SPICES, 36, TUAS VIEW SQUARE, #01-02B, (RIGHT SIDE OF THE UNIT), SINGAPORE(637613)"
DOLLARSMART,16/02/2026 - 15/02/2027,"DOLLARSMART, 1005, SERANGOON ROAD, SINGAPORE(328167)"
WANG WANG KITCHEN PTE. LTD.,21/02/2026 - 20/02/2027,"WANG COFFEE TOWN, 3024, UBI ROAD 3, #01-99, KAMPONG UBI INDUSTRIAL ESTATE (DRINK STALL 6), SINGAPORE(408652)"
YAK HONG COFFEE HOUSE PTE. LTD.,21/02/2026 - 20/02/2027,"YAK HONG KOPITIAM, 464B, CLEMENTI AVENUE 1, #01-01, (STALL 9), SINGAPORE(122464)"
WALL MART A2Z PTE. LTD.,22/02/2026 - 21/02/2027,"WALL MART, 661, BUFFALO ROAD, #01-30, (RIGHT SIDE OF THE UNIT), SINGAPORE(210661)"
VERSATILE TRADERS PTE. LTD.,28/02/2026 - 27/02/2027,"VERSATILE TRADERS, 1A, TENGAH ROAD, ONBOARD@TENGAH, DORMITORY (MINIMART), SINGAPORE(698813)"
ALON SERVICES,28/02/2026 - 27/02/2027,"SHELL SELECT, 2, JERVOIS ROAD, SHELL PETROL SERVICE, SINGAPORE(248994)"
SRI MURUGAN TRADING PTE. LTD.,05/03/2026 - 04/03/2027,"SRI MURUGAN , 1, JURONG WEST CENTRAL 2, #B1-26, JURONG POINT, SINGAPORE(648886)"
MP 81 KOPI PLACE PTE. LTD.,06/03/2026 - 05/03/2027,"DE TIAN-DRINK STALL, 81, MARINE PARADE CENTRAL, #01-654, MARINE PARADE PROMENADE (STALL 9), SINGAPORE(440081)"
OMEGA MINIMART PTE. LTD.,06/03/2026 - 05/03/2027,"OMEGA MART , 94, LORONG 4 TOA PAYOH, #01-42, TOA PAYOH PALM SPRING, SINGAPORE(310094)"
MITA GROUP PTE. LTD.,08/03/2026 - 07/03/2027,"MITA GROUP PTE LTD, 39, KAKI BUKIT AVENUE 3, HOMESTAY LODGE (BLK 21) MINIMART, SINGAPORE(415920)"
G.T.S TECH PTE. LTD.,11/03/2026 - 10/03/2027,"GTS MINI MART, 2A, PENJURU ROAD, #01-03, (ADMIN BLOCK), DORMITORY, MINIMART, SINGAPORE(609853)"
GREENSHINE SG FRESHMART PTE. LTD.,12/03/2026 - 11/03/2027,"GREENSHINE SG FRESH MART PVT. LTD, 252, CHOA CHU KANG AVENUE 2, #01-304, SINGAPORE(680252)"
SRI BHAGAVATHI MINI MART PTE. LTD.,12/03/2026 - 11/03/2027,"SRI BHAGAVATHI MART PTE. LTD., 14, KERBAU ROAD, (LEVEL 1), SINGAPORE(219153)"
YICK HAI DEPARTMENTAL PTE. LTD.,12/03/2026 - 11/03/2027,"YH EATING HOUSE, 501, WEST COAST DRIVE, #01-286, (LEFT SIDE OF THE UNIT), SINGAPORE(120501)"
7-ELEVEN,13/03/2026 - 12/03/2027,"7-ELEVEN, 51, JALAN SULTAN, (LEVEL 1), SINGAPORE(198975)"
7-ELEVEN,13/03/2026 - 12/03/2027,"7-ELEVEN, 21, HOUGANG STREET 51, #01-19, HOUGANG GREEN SHOPPING MALL, SINGAPORE(538719)"
7-ELEVEN,14/03/2026 - 13/03/2027,"7-ELEVEN, 10, BEACH VIEW, #01-K1, IMBIAH LRT STATION, SINGAPORE(098588)"
SELVAGANAPATHY MART PTE. LTD.,14/03/2026 - 13/03/2027,"SELVA GANAPATHI MART, 342, UBI AVENUE 1, #01-925, (RIGHT SIDE OF THE SHOP), SINGAPORE(400342)"
ANUSH TRADERS PTE. LTD.,14/03/2026 - 13/03/2027,"ANUSH TRADERS PTE. LTD., 71, CIRCUIT ROAD, #01-43, SINGAPORE(370071)"
SHENG SIONG SUPERMARKET PTE LTD,15/03/2026 - 14/03/2027,"SHENG SIONG, 209A, CLEMENTI AVENUE 6, #01-01, SINGAPORE(121209)"
SAISRI SG PTE. LTD.,16/03/2026 - 15/03/2027,"SAISRI MINIMART, 22, SIN MING ROAD, #01-240, SIN MING VILLE, SINGAPORE(570022)"
MR ALAGU EXPORT & IMPORT PTE. LTD.,19/03/2026 - 18/03/2027,"MR.ALAGU MINI MART, 21, OPAL CRESCENT, SINGAPORE(328416)"
PK SUNSHINE,21/03/2026 - 20/03/2027,"PK SUNSHINE, 825, TAMPINES STREET 81, #01-46, TAMPINES GROVE (RIGHT SIDE OF THE UNIT), SINGAPORE(520825)"
BILLION FOODS PTE. LTD.,23/03/2026 - 22/03/2027,"BILLION FOODS, 160, SIN MING DRIVE, #01-20, SIN MING AUTOCITY (DRINK STALL 1), SINGAPORE(575722)"
SIMPLY FOOD PTE. LTD.,23/03/2026 - 22/03/2027,"THE LOCAL CAFE, 9, YIO CHU KANG ROAD, #01-55, SPACE @ KOVAN, SINGAPORE(545523)"
LIM FOOD F&B PTE. LTD.,04/04/2026 - 03/04/2027,"LIM FOOD F&B CANTEEN, 15, JALAN TEPONG, #01-02, JURONG FOOD HUB (DRINK STALL), SINGAPORE(619336)"
COLD STORAGE SINGAPORE (1983) PTE LTD,04/04/2026 - 03/04/2027,"CS FRESH, 46, KIM YAM ROAD, #01-09, THE HERENCIA, SINGAPORE(239351)"
COLD STORAGE SINGAPORE (1983) PTE LTD,04/04/2026 - 03/04/2027,"COLD STORAGE, 7, PASIR RIS CENTRAL, #B1-11, SINGAPORE(519612)"
G&D FUSION PTE. LTD.,05/04/2026 - 04/04/2027,"UNCABUNCA, 80, MOHAMED SULTAN ROAD, #01-05, THE PIER AT ROBERTSON, SINGAPORE(239013)"
CHEERS HOLDINGS (2004) PTE. LTD.,07/04/2026 - 06/04/2027,"CHEERS, 20, ORCHARD BOULEVARD, #B1-02, ORCHARD BOULEVARD MRT STATION, SINGAPORE(248654)"
PHAN55 INVESTMENTS PTE. LTD.,08/04/2026 - 07/04/2027,"PHAN55 SUPERMART, 10A, LORONG BISTARI, #01-11, MWOC@CCK (MINIMART), SINGAPORE(688186)"
ANGELES CITY BISTRO AND RESTAURANT PTE. LTD.,10/04/2026 - 09/04/2027,"ANGELES CITY BISTRO AND RESTAURANT PTE. LTD., 301, CANBERRA ROAD, #01-20, (BLOCK C, BISTRO BLOCK), SINGAPORE(759774)"
7-ELEVEN,11/04/2026 - 10/04/2027,"7-ELEVEN, 3, GATEWAY DRIVE, #02-37, WESTGATE, SINGAPORE(608532)"
NEW FAMILY FOOD COURT PTE. LTD.,12/04/2026 - 11/04/2027,"LIM KOPI, 18, SUNGEI KADUT STREET 2, #01-06, SUNGEI KADUT IND EST(DRINK STALL 15), SINGAPORE(729236)"
STADIUM MINIMART PTE. LTD.,13/04/2026 - 12/04/2027,"STADIUM MINIMART, 3, STADIUM WALK, #01-10, STADIUM MRT STATION, SINGAPORE(397692)"
THANJAI CATER SERVICES PTE. LTD.,13/04/2026 - 12/04/2027,"THANJAI CATER SERVICES PTE. LTD., 31, BUKIT BATOK CRESCENT, #01-01, THE SPLENDOUR, SINGAPORE(658070)"
DIABLO MART PTE. LTD.,13/04/2026 - 12/04/2027,"DIABLO MART, 28A, SUNVIEW WAY, #01-02, TEMPORARY WORKERS DORMITORY, SINGAPORE(627460)"
MARINA BAY SANDS PTE. LTD.,13/04/2026 - 12/04/2027,"PAIZA SKY RESIDENCE, 1, BAYFRONT AVENUE, #55-00, MARINA BAY SANDS, TOWER 2 (WHISKY BAR), SINGAPORE(018971)"
PHAN55 INVESTMENTS PTE. LTD.,15/04/2026 - 14/04/2027,"PHAN55 SUPERMART, 81, PUNGGOL WAY, SINGAPORE(828644)"
NTUC FAIRPRICE CO-OPERATIVE LTD,16/04/2026 - 15/04/2027,"FAIRPRICE, 339, ANCHORVALE ROAD, #B1-02, SINGAPORE(540339)"
VERSATILE TRADERS PTE. LTD.,16/04/2026 - 15/04/2027,"VERSATILE TRADERS, 6, DEFU SOUTH STREET 1, #08-21, SINGAPORE(533757)"
DESHI SUPERMARKET PTE. LTD.,16/04/2026 - 15/04/2027,"DESHI SUPERMARKET, 33, TECH PARK CRESCENT, LANTANA LODGE, SINGAPORE(637849)"
FAIRMART FOOD PTE. LTD.,16/04/2026 - 15/04/2027,"FAIRMART SUPERMART, 16, UPPER BOON KENG ROAD, #01-1089, BOON KENG VILLE, SINGAPORE(380016)"
7-ELEVEN,16/04/2026 - 15/04/2027,"7-ELEVEN, 339, ANCHORVALE ROAD, #01-21, SINGAPORE(540339)"
LIAN TAT PROVISION SHOP,18/04/2026 - 17/04/2027,"LIAN TAT, 38, TEBAN GARDENS ROAD, #01-323, SINGAPORE(600038)"
CHENDUR STORES PTE. LTD.,19/04/2026 - 18/04/2027,"CHENDUR MART, 407, ANG MO KIO AVENUE 10, #01-765, TECK GHEE SQUARE (RIGHT SIDE OF THE UNIT), SINGAPORE(560407)"
GOOD PRICE HUB PTE. LTD.,20/04/2026 - 19/04/2027,"GOOD PRICE HUB, 801, WEST COAST CRESCENT, #01-06, SINGAPORE(120801)"
JHY RESINA'S MART PTE. LTD.,20/04/2026 - 19/04/2027,"JHY RESINA'S MART, 101, UPPER CROSS STREET, #01-36, PEOPLE'S PARK CENTRE (CORNER OF THE UNIT), SINGAPORE(058357)"
N.D'S ENTERPRISE,23/04/2026 - 22/04/2027,"SHELL BUKIT TIMAH HILL, 219, UPPER BUKIT TIMAH ROAD, SINGAPORE(588186)"
EVERGREEN SUPERMART PTE. LTD.,23/04/2026 - 22/04/2027,"EVERGREEN SUPERMART, 17, JALAN TENTERAM, #01-128, SINGAPORE(321017)"
CHEERS HOLDINGS (2004) PTE. LTD.,23/04/2026 - 22/04/2027,"CHEERS, 2, PARK STREET, #B1-02, SINGAPORE(018928)"
PENTAGON GROUP PTE. LTD.,24/04/2026 - 23/04/2027,"LUK'ERS, 30, COSFORD ROAD, #01-12, COSFORD CONTAINER PARK, SINGAPORE(499550)"
SRI ANGALA AMMAN TRADING,24/04/2026 - 23/04/2027,"SRI MINIMART, 156A, RIVERVALE CRESCENT, #01-02, RIVERVALE GREEN, SINGAPORE(541156)"
TUAS PROVISION SHOP,24/04/2026 - 23/04/2027,"TUAS PROVISION SHOP, 71, PIONEER ROAD, #01-05, SINGAPORE(639591)"
HARI HARA PTE. LTD.,25/04/2026 - 24/04/2027,"GOOD SPOT, 221, BOON LAY PLACE, #01-114, BOON LAY SHOPPING CENTRE, SINGAPORE(640221)"
SHENG SIONG SUPERMARKET PTE LTD,25/04/2026 - 24/04/2027,"SHENG SIONG, 159, BUKIT BATOK STREET 11, #01-178, SINGAPORE(650159)"
SP MARKETS PTE. LTD.,25/04/2026 - 24/04/2027,"SP MARKETS PTE. LTD., 322B, CHANGI ROAD, SINGAPORE(419797)"
SRI KRISHNA FOODS PTE. LTD.,25/04/2026 - 24/04/2027,"SRI KRISHNA, 15, SIGLAP ROAD, #01-01, MANDARIN GARDENS, SINGAPORE(448912)"
MARK ANTONY MART PTE. LTD.,26/04/2026 - 25/04/2027,"MARK ANTONY MART, 60, BUFFALO ROAD, SINGAPORE(219804)"
SJ MINIMART PTE. LTD.,27/04/2026 - 26/04/2027,"SJ MINIMART PTE. LTD., 17, SHAW ROAD, #01-01, DORMITORY - MINIMART, SINGAPORE(367955)"
ESSENTIAL PLUS PTE. LTD.,28/04/2026 - 27/04/2027,"ESSENTIAL PLUS, 2, EVERTON PARK, #01-51, EVERTON PARK, SINGAPORE(081002)"
RISING SUN MANAGEMENT SERVICE,29/04/2026 - 28/04/2027,"SHELL SERVICE STATION, 35, UPPER BUKIT TIMAH ROAD, SHELL PETROL SERVICE, SINGAPORE(588166)"
4U MART PTE. LTD.,29/04/2026 - 28/04/2027,"4U MART PTE. LTD., 11, PASIR RIS LINK, #01-48, SEASTRAND, SINGAPORE(518180)"
ASHA MINIMART PTE. LTD.,30/04/2026 - 29/04/2027,"ASHA MINIMART PTE. LTD., 11, MANDAI ESTATE, #01-15, ELDIX, SINGAPORE(729908)"
CHEERS HOLDINGS (2004) PTE. LTD.,30/04/2026 - 29/04/2027,"CHEERS, 218, BEDOK NORTH STREET 1, #01-49, SINGAPORE(460218)"
ZONETRAD MARKETING AND ENTERPRISE,02/05/2026 - 01/05/2027,"ZONETRAD MARKETING AND ENTERPRISE, 691, WOODLANDS DRIVE 73, #01-03, SINGAPORE(730691)"
KAAMINI MINI MART PTE. LTD.,04/05/2026 - 03/05/2027,"KAAMINI MINI MART PTE. LTD., 59, LENGKOK BAHRU, #01-545, SINGAPORE(150059)"
KIM SAN LENG (TOA PAYOH) PTE. LTD.,04/05/2026 - 03/05/2027,"KIM SAN LENG (TOA PAYOH) PTE LTD, 177, TOA PAYOH CENTRAL, #01-102, (DRINK STALL 7), SINGAPORE(310177)"
7-ELEVEN,07/05/2026 - 06/05/2027,"7-ELEVEN, 9, BATTERY ROAD, #01-01, MYP CENTRE, SINGAPORE(049910)"
7-ELEVEN,07/05/2026 - 06/05/2027,"7-ELEVEN, 2, CENTRAL BOULEVARD, #01-04, IOI CENTRAL BOULEVARD TOWERS, SINGAPORE(018916)"
AP SPIRITS PTE. LTD.,08/05/2026 - 07/05/2027,"AP SPIRITS PTE LTD, 293, YISHUN STREET 22, #01-259, SINGAPORE(760293)"
PPR JR PTE. LTD.,08/05/2026 - 07/05/2027,"FOODINI, 30, BIOPOLIS STREET, #01-01, MATRIX (DRINK STALL 1), SINGAPORE(138671)"
YI YUN 8 DEPARTMENT STORE,09/05/2026 - 08/05/2027,"YI YUN 8 DEPARTMENT STORE, 498, JURONG WEST STREET 41, #01-444, (LEFT SIDE OF THE UNIT), SINGAPORE(640498)"
SIVASAKTHI SUPERMART PTE. LTD.,10/05/2026 - 09/05/2027,"SIVASAKTHI SUPERMART PTE LTD, 501, WEST COAST DRIVE, #01-254B, SINGAPORE(120501)"
7-ELEVEN,10/05/2026 - 09/05/2027,"7-ELEVEN, 200, BISHAN ROAD, #01-02, BISHAN MRT STATION, SINGAPORE(579827)"
V.S.MART PTE. LTD.,14/05/2026 - 13/05/2027,"V.S.MART PTE. LTD., 110, YISHUN RING ROAD, #01-383, SINGAPORE(760110)"
RAJ PROVISION AND TRADING PTE. LTD.,14/05/2026 - 13/05/2027,"RAJ MART , 829, TAMPINES STREET 81, #01-294, TAMPINES GROVE, SINGAPORE(520829)"
RAHMAN INT'L TRADING PTE. LTD.,15/05/2026 - 14/05/2027,"RAHMAN INT'L TRADING, 266, GEYLANG ROAD, SINGAPORE(389321)"
IAKABA EXCHANGE PTE. LTD.,15/05/2026 - 14/05/2027,"IAKABA EXCHANGE PTE LTD, 1, MARITIME SQUARE, #01-36, HARBOURFRONT CENTRE, SINGAPORE(099253)"
ZHONG GUO XIANG BAO,16/05/2026 - 15/05/2027,"K M ZHONG GUO XIANG BAO, 59, LENGKOK BAHRU, #01-553, SINGAPORE(150059)"
HK496 C&B PTE. LTD.,16/05/2026 - 15/05/2027,"BADALING, 446, ANG MO KIO AVENUE 10, #01-1653, (DRINK STALL 8), SINGAPORE(560446)"
252 FOODCOURT PRIVATE LIMITED,17/05/2026 - 16/05/2027,"252 FOODCOURT, 252, JURONG EAST STREET 24, #01-183, YUHUA VILLAGE (DRINK STALL 7), SINGAPORE(600252)"
OH OH MART PTE. LTD.,18/05/2026 - 17/05/2027,"OHOH MOBILE'Z, 50, BUKIT PANJANG RING ROAD, #01-K1, SEGAR (LRT STOP), SINGAPORE(679940)"
SINGAPORE R&G INTERNATIONAL INVESTMENTS PTE. LTD.,18/05/2026 - 17/05/2027,"EVERYDAY MART, 24, PAGODA STREET, PSSA-18, SINGAPORE(059186)"
NTUC FAIRPRICE CO-OPERATIVE LTD,22/05/2026 - 21/05/2027,"FAIRPRICE, 131, KILLINEY ROAD, #01-02, CGH BUILDING, SINGAPORE(239571)"
HAVEEN TRADING PTE. LTD.,25/05/2026 - 24/05/2027,"HAVEEN TRADING PTE LTD, 801, WEST COAST CRESCENT, #01-05, SINGAPORE(120801)"
THANJAI MINI MART,25/05/2026 - 24/05/2027,"THANJAI MINI MART, 478, TAMPINES STREET 44, #01-215, SINGAPORE(520478)"
7-ELEVEN,27/05/2026 - 26/05/2027,"7-ELEVEN, 10, PASIR RIS CENTRAL, #01-02, PASIR RIS MRT STATION, SINGAPORE(519634)"
DHIYA INTERNATIONAL PTE. LTD.,27/05/2026 - 26/05/2027,"DHIYA INTERNATIONAL PTE. LTD., 12, SHAW ROAD, #01-22, SHAW LODGE (MINIMART), SINGAPORE(367951)"
JIMMBO FLOWER SHOP,28/05/2026 - 27/05/2027,"JIMMBO FLOWER SHOP, 732, YISHUN AVENUE 5, #01-392, NEE SOON CENTRAL VISTA, SINGAPORE(760732)"
KOPITIAM INVESTMENT PTE. LTD.,30/05/2026 - 29/05/2027,"YEW TEE SQUARE, 624, CHOA CHU KANG STREET 62, #02-222, YEW TEE SQUARE (DRINK STALL 1), SINGAPORE(680624)"
CHUAN LI MINIMART PTE. LTD.,30/05/2026 - 29/05/2027,"JIT SIN MINI MARKET, 523, HOUGANG AVENUE 6, #01-117, SINGAPORE(530523)"
JDP PRODUCTS PTE. LTD.,31/05/2026 - 30/05/2027,"JDP PRODUCTS PTE LTD, 271, BUKIT BATOK EAST AVENUE 4, #01-146, (RIGHT SIDE OF THE UNIT), SINGAPORE(650271)"
COLD STORAGE SINGAPORE (1983) PTE LTD,04/06/2026 - 03/06/2027,"GIANT TENGAH, 127, PLANTATION CRESCENT, #B1-06, PLANTATION PLAZA, SINGAPORE(690127)"
TONG SHENG FOODSTUFFS PTE. LTD.,05/06/2026 - 04/06/2027,"TONG SHENG COFFEE HOUSE, 100G, PASIR PANJANG ROAD, #01-03, INTERLOCAL CENTRE (DRINK STALL 4), SINGAPORE(118523)"
IMME AUTOMOBILE,06/06/2026 - 05/06/2027,"SHELL SELECT, 600, HOUGANG AVENUE 3, SHELL PETROL SERVICE, SINGAPORE(538846)"
ONG MOBILE,06/06/2026 - 05/06/2027,"ONG MOBILE, 722, CLEMENTI WEST STREET 2, #01-166, (LEFT SIDE OF THE UNIT), SINGAPORE(120722)"
MIGHTY COFFEE PTE. LTD.,06/06/2026 - 05/06/2027,"CHAI CHEE COFFEE SHOP, 510, CHAI CHEE LANE, #01-01, (DRINKS STALL), SINGAPORE(469027)"
IMME AUTOMOBILE,07/06/2026 - 06/06/2027,"SHELL SELECT, 821, PUNGGOL ROAD, SHELL PETROL SERVICE, SINGAPORE(829169)"
AJMAL TRADE MART PTE. LTD.,12/06/2026 - 11/06/2027,"AJMAL TRADE MART PTE LTD, 2, TAMPINES PLACE, #01-66, TAMPINES DORMITORY, SINGAPORE(528821)"
A.SUNSET OPERATIONS PTE. LTD.,18/06/2026 - 17/06/2027,"SUSHISAMBA SINGAPORE, 168, ROBINSON ROAD, #52-01, CAPITAL TOWER (NEXT TO CIGAR HUMIDOR), SINGAPORE(068912)"
LOK FOOK PTE. LTD.,18/06/2026 - 17/06/2027,"KUN HAI SHOP, 1, PARK ROAD, #01-84D, PEOPLE'S PARK COMPLEX, SINGAPORE(059108)"
GANESHA GROCERIES PTE. LTD.,18/06/2026 - 17/06/2027,"GANESHA GROCERIES, 172, LENTOR LOOP, #01-01, BULLION PARK, SINGAPORE(789100)"
ANNAI SUPER MART PTE. LTD.,18/06/2026 - 17/06/2027,"ANNAI SUPER MART, 266, BALESTIER ROAD, (RIGHT SIDE OF THE UNIT), SINGAPORE(329717)"
SARATHI STORES PTE. LTD.,20/06/2026 - 19/06/2027,"SARATHI STORES PTE LTD, 89, UPPER PAYA LEBAR ROAD, SINGAPORE(534820)"
TAMPINES WEST FOOD COURT PTE. LTD.,20/06/2026 - 19/06/2027,"KIMLY, 304, ORCHARD ROAD, #06-48A, LUCKY PLAZA (DRINK STALL 6), SINGAPORE(238863)"
WUMING XIAOPU (HG) PTE. LTD.,20/06/2026 - 19/06/2027,"WU MING XIAO PU , 727, CLEMENTI WEST STREET 2, #01-272, SINGAPORE(120727)"
KOPITIAM INVESTMENT PTE. LTD.,20/06/2026 - 19/06/2027,"KOPITIAM CORNER, 308, ANCHORVALE ROAD, #01-07, ANCHORVALE PLACE (DRINK STALL 1), SINGAPORE(540308)"
KOPITIAM INVESTMENT PTE. LTD.,20/06/2026 - 19/06/2027,"673 CHOA CHU KANG, 673B, CHOA CHU KANG CRESCENT, #01-01, (DRINK STALL 9), SINGAPORE(682673)"
THANJAI CATERING SERVICES PTE. LTD.,21/06/2026 - 20/06/2027,"THANJAI CATERING SERVICES PTE LTD, 18, KAKI BUKIT ROAD 3, #01-12, ENTREPRENEUR BUSINESS CENTRE, SINGAPORE(415978)"
SREE POKKISHA KAALI PTE. LTD.,25/06/2026 - 24/06/2027,"KARAIKUDI MART, 30, KAKI BUKIT ROAD 3, #01-14, EMPIRE TECHNOCENTRE, SINGAPORE(417819)"
CHEERS HOLDINGS (2004) PTE. LTD.,26/06/2026 - 25/06/2027,"CHEERS, 351, RIVER VALLEY ROAD, #B1-02, GREAT WORLD MRT STATION, SINGAPORE(238384)"
SELVI TRADERS PTE. LTD.,26/06/2026 - 25/06/2027,"SRI THANGAM RESTAURANT, 18, KAKI BUKIT ROAD 3, #01-18, ENTREPRENEUR BUSINESS CENTRE (STALL NO. 1), SINGAPORE(415978)"
CHEERS HOLDINGS (2004) PTE. LTD.,27/06/2026 - 26/06/2027,"CHEERS, 7, PASIR RIS CENTRAL, #01-25, PASIR RIS MALL, SINGAPORE(519612)"
AADHI TRADING AND SUPERMARKET PTE. LTD.,28/06/2026 - 27/06/2027,"AADHI TRADING AND SUPERMARKET, 23, CAMPBELL LANE, SINGAPORE(209896)"
HK TRADERS PTE. LTD.,29/06/2026 - 28/06/2027,"HK MART, 177, BUKIT BATOK WEST AVENUE 8, #01-253, SINGAPORE(650177)"
SHENG SIONG SUPERMARKET PTE LTD,02/07/2026 - 01/07/2027,"SHENG SIONG, 212, BIDADARI PARK DRIVE, #03-10, WOODLEIGH HILLSIDE, SINGAPORE(360212)"
7-ELEVEN,02/07/2026 - 01/07/2027,"7-ELEVEN, 231, NEW BRIDGE ROAD, (LEVEL 1), SINGAPORE(059435)"
SARATHA VEG MART PTE. LTD.,02/07/2026 - 01/07/2027,"SARATHA VEG MART PTE LTD, 184, CHOA CHU KANG AVENUE 1, COMFORT GARDEN (LEFT SIDE OF THE UNIT), SINGAPORE(689463)"
TING HOOI GUIM,03/07/2026 - 02/07/2027,"SUNRAY DEPARTMENTAL STORE, 29, BENDEMEER ROAD, #01-91, BENDEMEER MARKET AND FOOD CENTRE, SINGAPORE(330029)"
CONNOISSEUR GLOBAL PTE. LTD.,04/07/2026 - 03/07/2027,"PURO PREMIUM CIGARS, 30, MERCHANT ROAD, #02-02, RIVERSIDE POINT, SINGAPORE(058282)"
HK496 C&B PTE. LTD.,04/07/2026 - 03/07/2027,"FOODHUB, 36, CHAI CHEE AVENUE, #01-151, ANSAR GARDEN (DRINK STALL 2), SINGAPORE(461036)"
MARINA BAY SANDS PTE. LTD.,05/07/2026 - 04/07/2027,"IN ROOM DINING, 1, BAYFRONT AVENUE, MARINA BAY SANDS (LVL B2, COMMISSARY KITCHEN), SINGAPORE(018971)"
BREAD BUTTER JAM PTE. LTD.,06/07/2026 - 05/07/2027,"BREAD BUTTER JAM, 11, BISHAN STREET 21, #01-01, SINGAPORE(573943)"
NEST DELIGHT HOLDING PTE LTD,09/07/2026 - 08/07/2027,"COMBO 105, 105, CANBERRA STREET, #01-03, EASTBROOK@CANBERRA (DRINK STALL), SINGAPORE(750105)"
SRI MURUGAN TRADING PTE. LTD.,09/07/2026 - 08/07/2027,"SRI MURUGAN, 54, BAYSHORE ROAD, #01-07, BAYSHORE PARK, SINGAPORE(469979)"
GREEN OLIVE GROUP PTE. LTD.,10/07/2026 - 09/07/2027,"SCARLETT+, 201, VICTORIA STREET, #03-17, BUGIS+, SINGAPORE(188067)"
CHEERS HOLDINGS (2004) PTE. LTD.,11/07/2026 - 10/07/2027,"FAIRPRICEXPRESS, 101, CLEMENTI ROAD, #01-01, KENT VALE, SINGAPORE(129787)"
MARINA BAY SANDS PTE. LTD.,12/07/2026 - 11/07/2027,"PAIZA SKY PALACE, CENTRAL PANTRY, 1, BAYFRONT AVENUE, #53-00, MARINA BAY SANDS, TOWER 2 (CASINO), SINGAPORE(018971)"
7-ELEVEN,15/07/2026 - 14/07/2027,"7-ELEVEN, 126B, TENGAH DRIVE, #01-337, SINGAPORE(692126)"
MARINA BAY SANDS PTE. LTD.,16/07/2026 - 15/07/2027,"PAIZA SKY PALACE (CENTRAL PANTRY), 1, BAYFRONT AVENUE, #54-00, MARINA BAY SANDS, TOWER 2 (CASINO), SINGAPORE(018971)"
SHENG SIONG SUPERMARKET PTE LTD,16/07/2026 - 15/07/2027,"SHENG SIONG, 410A, SIN MING AVENUE, #01-02, SINGAPORE(571410)"
LK1 PTE. LTD.,17/07/2026 - 16/07/2027,"LK1 PTE. LTD., 226E, ANG MO KIO AVENUE 1, #01-699, KEBUN BARU MALL, SINGAPORE(565226)"
S-MART PTE. LTD.,17/07/2026 - 16/07/2027,"S-MART 33 JALAN BUROH, 33, JALAN BUROH, SMART ENERGY PETROL STATION, SINGAPORE(619487)"
MEGA VALUE MINIMART PTE. LTD.,17/07/2026 - 16/07/2027,"MEGA VALUE, 65, CIRCUIT ROAD, #01-365, MACPHERSON GARDEN, SINGAPORE(370065)"
LIM ONG MART PTE. LTD.,18/07/2026 - 17/07/2027,"303 EVERYDAY MART, 303, JURONG EAST STREET 32, #01-88, HONG KAH EAST GARDEN (RIGHT SIDE OF THE UNIT), SINGAPORE(600303)"
JIANG'S F&B MANAGEMENT PTE. LTD.,18/07/2026 - 17/07/2027,"GOOD SPOT, 88, SYED ALWI ROAD, #01-01, (LEFT SIDE OF THE UNIT), SINGAPORE(207667)"
21 CAFE PTE. LTD.,21/07/2026 - 20/07/2027,"CAFE 21, 532, ANG MO KIO AVENUE 10, #01-2473, CHENG SAN CENTRE (DRINK STALL 11), SINGAPORE(560532)"
BROADWAY FOOD CENTRE (HOLDINGS) PTE LTD,23/07/2026 - 22/07/2027,"BROADWAY FOOD CENTRE, 261, SERANGOON CENTRAL DRIVE, #01-15, (STALL NO. 16), SINGAPORE(550261)"
CASK PTE. LTD.,23/07/2026 - 22/07/2027,"THE CHAMBERS BY CASK, 28, MAXWELL ROAD, #01-01, MAXWELL CHAMBERS SUITES, SINGAPORE(069120)"
MUNCHENG PTE. LTD.,23/07/2025 - 22/07/2026,"MUN CHENG, 63, ALEXANDRA TERRACE, #01-14, HARBOURLINK INNOHUB (DRINK STALL 10), SINGAPORE(119937)"
SREE KAMATCHI AMMAN PTE. LTD.,23/07/2026 - 22/07/2027,"KARAIKUDI MART, 180, WOODLANDS INDUSTRIAL PARK E5, #01-06, WOODLANDS AUTO HUB, SINGAPORE(757512)"
SRI VINAYAKA MART PTE. LTD.,24/07/2026 - 23/07/2027,"SRI VINAYAKA MART, 849, WOODLANDS STREET 82, #01-213, SINGAPORE(730849)"
XIANG WEI HUNAN CUISINE,24/07/2026 - 23/07/2027,"XIANG WEI HUNAN CUISINE, 37, LORONG 23 GEYLANG, #01-01, YU LI INDUSTRIAL BUILDING, SINGAPORE(388371)"
SUBIKSHAM GROCERY MART PTE. LTD.,25/07/2025 - 24/07/2026,"SUBIKSHAM GROCERY MART, 37, CHAI CHEE AVENUE, #01-297, ANSAR GARDEN, SINGAPORE(461037)"
LUNA SUPERMART PTE. LTD.,25/07/2026 - 24/07/2027,"LUNA SUPERMART, 268, RIVER VALLEY ROAD, #01-01, SINGAPORE(238313)"
NTUC FAIRPRICE CO-OPERATIVE LTD,26/07/2026 - 25/07/2027,"FAIRPRICE, 633, TAMPINES NORTH DRIVE 2, #01-01, SINGAPORE(520633)"
THE SPACE 978 PTE. LTD.,27/07/2026 - 26/07/2027,"THE SPACE BISTRO, 978, TOA PAYOH NORTH, #02-01, (DRINK STALL 9), SINGAPORE(319001)"
SHENG SIONG SUPERMARKET PTE LTD,27/07/2026 - 26/07/2027,"SHENG SIONG, 465, FERNVALE ROAD, #01-05, SINGAPORE(790465)"
21 SUPERMARKET PTE. LTD.,27/07/2026 - 26/07/2027,"21 MART, 419, TAMPINES STREET 41, #01-94, SUN PLAZA GARDENS, SINGAPORE(520419)"
DORM MART LLP,27/07/2025 - 26/07/2026,"DORM MART LLP, 21, DEFU SOUTH STREET 1, SOILBUILD PREFAB INNOVATION HUB (DORMITORY), SINGAPORE(533848)"
JCR TRADERS PTE. LTD.,28/07/2025 - 27/07/2026,"JEYAM GROCER, 1, JALAN ANAK BUKIT, #B1-22, BUKIT TIMAH PLAZA, SINGAPORE(588996)"
AMMAN HOUSEHOLD SUPPLIES PTE. LTD.,30/07/2026 - 29/07/2027,"AMMAN HOUSEHOLD SUPPLIES PTE. LTD., 204, BEDOK NORTH STREET 1, #01-419, SINGAPORE(460204)"
CANDY KORNER,30/07/2025 - 29/07/2026,"CANDYKORNER, 23B, QUEEN'S CLOSE, #01-183, QUEEN'S VIEW, SINGAPORE(141023)"
YAK WEI SIN CHELSEA,30/07/2026 - 29/07/2027,"HUP HUP COFFEE & TEA STALL, 45, QUALITY ROAD, #01-20, QUALITY ROAD FOOD CENTRE, SINGAPORE(618824)"
TAN N LEE CLUB,31/07/2026 - 30/07/2027,"TAN N LEE CLUB, 4, SAGO LANE, #01-125, KRETA AYER HEIGHTS (LEFT SIDE OF THE UNIT), SINGAPORE(050004)"
DAZZLINE PTE. LTD.,31/07/2025 - 30/07/2026,"HIPCITY STORE, 607, ANG MO KIO AVENUE 4, #01-1289, SINGAPORE(560607)"
BCH HOTEL SINGAPORE,02/08/2026 - 01/08/2027,"POOL BAR, 80, MIDDLE ROAD, (LEVEL 5, POOL BAR), SINGAPORE(188966)"
BCH HOTEL SINGAPORE,02/08/2026 - 01/08/2027,"LOBBY LOUNGE, 80, MIDDLE ROAD, (LEVEL 1, LOBBY LOUNGE), SINGAPORE(188966)"
NTUC FAIRPRICE CO-OPERATIVE LTD,03/08/2026 - 02/08/2027,"FAIRPRICE, 170B, SENGKANG EAST DRIVE, #01-11, SINGAPORE(542170)"
CHEERS HOLDINGS (2004) PTE. LTD.,06/08/2025 - 05/08/2026,"CHEERS, 81, SILOSO ROAD, #01-02, SILOSO POINT STATION, SINGAPORE(098979)"
PRIME SUPERMARKET (1996) PTE LTD,08/08/2025 - 07/08/2026,"PRIME SUPERMARKET, 116, JALAN TENTERAM, #01-02, SINGAPORE(320116)"
TSA TRADING (SG) PTE. LTD.,10/08/2026 - 09/08/2027,"TSA TRADING & MINIMART, 262, GEYLANG ROAD, SINGAPORE(389318)"
YUQUANXUAN PTE. LTD.,11/08/2026 - 10/08/2027,"YUQUANXUAN PTE. LTD., 179, UBI AVENUE 4, #01-01, EVAN LIM WAREHOUSE (DRINK STALL NO.7), SINGAPORE(408793)"
ATLANTIC TRAVEL & TRADING PTE. LTD.,13/08/2025 - 12/08/2026,"ATLANTIC, 400, ORCHARD ROAD, #01-22A, ORCHARD TOWERS, SINGAPORE(238875)"
BAILAMOS BISTRO BAR & CAFE PTE. LTD.,13/08/2025 - 12/08/2026,"PHAYA CHALAWAN MINIMART, 114, LAVENDER STREET, #01-02, CT HUB 2, SINGAPORE(338729)"
ANUA GROUP MONEY EXCHANGERS PTE. LTD.,15/08/2025 - 14/08/2026,"ANUA GROUP MONEY EXCHANGERS, 50, TANAH MERAH FERRY ROAD, #01-24, TANAH MERAH FERRY TERMINAL, SINGAPORE(498833)"
ACE DYNAMIC HOLDINGS PTE. LTD.,15/08/2025 - 14/08/2026,"ACE SIGNATURE, 448, GEYLANG ROAD, SINGAPORE(389407)"
NPS MINIMART PTE. LTD.,16/08/2026 - 15/08/2027,"NPS MINIMART PTE. LTD., 157, ANG MO KIO AVENUE 4, #01-564, MAYFLOWER SHOPPING & FOOD CENTRE, SINGAPORE(560157)"
7-ELEVEN,19/08/2025 - 18/08/2026,"7-ELEVEN, 1, PASIR RIS CENTRAL STREET 3, #01-24, SINGAPORE(518457)"
SKYLINE F&B PTE. LTD.,21/08/2025 - 20/08/2026,"FOODHUB, 325, CLEMENTI AVENUE 5, #01-129, (DRINK STALL 8), SINGAPORE(120325)"
DIISSA IMPEX'S LLP,21/08/2025 - 20/08/2026,"DIISSA IMPEX'S, 145, YISHUN STREET 11, #01-K1, SINGAPORE(760145)"
SUNSHINE GROCERY,22/08/2025 - 21/08/2026,"SUNSHINE GROCERY, 105, CASHEW ROAD, #01-05, CASHEW HEIGHTS, SINGAPORE(679675)"
BEER CAFE PTE. LTD.,23/08/2025 - 22/08/2026,"BEER CAFE PTE LTD, 17, NORTH CANAL ROAD, SINGAPORE(048829)"
VAIGAI MINIMART PTE. LTD.,23/08/2025 - 22/08/2026,"VAIGAI MINIMART, 139, TAMPINES STREET 11, #01-58, SINGAPORE(521139)"
THE VENDING CO. PTE. LTD.,23/08/2025 - 22/08/2026,"QUICK PICK MINIMART, 164, BISHAN STREET 13, #01-264, BISHAN CRESTA, SINGAPORE(570164)"
YJ HOUSEHOLD,23/08/2026 - 22/08/2027,"YJ HOUSEHOLD, 38, BEO CRESCENT, #01-32, THE BEO CRESCENT, SINGAPORE(160038)"
PONQUBE PTE. LTD.,27/08/2025 - 26/08/2026,"PON MINI MART, 685, HOUGANG STREET 61, #01-164, HOUGANG SPRING (LEFT SIDE OF THE UNIT), SINGAPORE(530685)"
SAI BROTHERS MINIMART PTE. LTD.,28/08/2025 - 27/08/2026,"SAI BROTHERS MINIMART, 1, NORTH BRIDGE ROAD, #01-K1, HIGH STREET CENTRE, SINGAPORE(179094)"
MARINA BAY SANDS PTE. LTD.,28/08/2025 - 27/08/2026,"RUBY LEVEL 1, 10, BAYFRONT AVENUE, MARINA BAY SANDS (LEVEL 1, RUBY LOUNGE), SINGAPORE(018956)"
EZ CONVENIENCE STORES PTE. LTD.,29/08/2026 - 28/08/2027,"EZGOMART, 7500A, BEACH ROAD, #B1-303, THE PLAZA, SINGAPORE(199591)"
CHUAN SENG LEE FURNITURE,30/08/2025 - 29/08/2026,"CHUAN SENG LEE FURNITURE, 194, KIM KEAT AVENUE, #01-408, KIM KEAT VIEW, SINGAPORE(310194)"
SHWE TIKE PTE. LTD.,31/08/2025 - 30/08/2026,"SHWE TIKE PTE LTD, 710, CLEMENTI WEST STREET 2, #01-257, (RIGHT SIDE OF THE UNIT), SINGAPORE(120710)"
KJMRYV,01/09/2025 - 31/08/2026,"KJMRYV, 302, BALESTIER ROAD, #01-02, SINGAPORE(329738)"
SENTOSA LINK PTE. LTD.,02/09/2025 - 01/09/2026,"SENTOSA LINK, 111, NORTH BRIDGE ROAD, #02-02B, PENINSULA PLAZA, SINGAPORE(179098)"
SABAREES TRADING PTE. LTD.,03/09/2025 - 02/09/2026,"SABAREES TRADING, 83, MARINE PARADE CENTRAL, #01-554, (LEFT SIDE OF THE UNIT), SINGAPORE(440083)"
BANGKIT KIOSK PTE. LTD.,03/09/2025 - 02/09/2026,"BANGKIT KIOSK , 150, ORCHARD ROAD, #01-59, ORCHARD PLAZA, SINGAPORE(238841)"
T-MART,04/09/2026 - 03/09/2027,"T-MART, 380, CLEMENTI AVENUE 5, #01-374, SINGAPORE(120380)"
7-ELEVEN,06/09/2025 - 05/09/2026,"7-ELEVEN, 50, TANAH MERAH FERRY ROAD, #01-23, TANAH MERAH FERRY TERMINAL, SINGAPORE(498833)"
KUMAR STORE TRADING,07/09/2025 - 06/09/2026,"KUMAR STORE TRADING, 1, CHANGI VILLAGE ROAD, #01-2028, (LEFT SIDE OF THE UNIT), SINGAPORE(500001)"
MERCURY MOBILE PTE. LTD.,09/09/2025 - 08/09/2026,"MERCURY MOBILE PTE LTD, 11, COLLYER QUAY, #01-30, THE ARCADE, SINGAPORE(049317)"
CHEERS HOLDINGS (2004) PTE. LTD.,10/09/2025 - 09/09/2026,"CHEERS, 11, MARINA MALL, #B1-03, GARDENS BY THE BAY MRT STATION, SINGAPORE(019396)"
L & K GOURMET PTE. LTD.,10/09/2025 - 09/09/2026,"SHENG YUAN COFFEEHOUSE, 37, TANNERY LANE, #01-06, TANNERY HOUSE (DRINK STALL 2), SINGAPORE(347790)"
JAYTARRANI FOODS PTE. LTD.,11/09/2025 - 10/09/2026,"JAYTARRANI FOODS PTE LTD, 81, TAGORE LANE, #01-10, TAG A (DRINK STALL), SINGAPORE(787502)"
CHEERS HOLDINGS (2004) PTE. LTD.,11/09/2025 - 10/09/2026,"CHEERS, 600, UPPER SERANGOON ROAD, #B1-04, SERANGOON MRT STATION, SINGAPORE(534801)"
SM TRADING SERVICES PTE. LTD.,11/09/2025 - 10/09/2026,"SM MART, 259, BUKIT PANJANG RING ROAD, #01-14A, BUKIT PANJANG NEW TOWN, SINGAPORE(671259)"
THREE HANDS COFFEE PTE. LTD.,11/09/2025 - 10/09/2026,"THREE BAR, 2, MARINA BOULEVARD, #01-01, THE SAIL @ MARINA BAY, SINGAPORE(018987)"
LI YU TRADING PTE. LTD.,11/09/2025 - 10/09/2026,"NOROCO, 14, TUAS AVENUE 1, #01-08, (DORMITORY), SINGAPORE(639499)"
MAHA IMPEX SG PTE. LTD.,12/09/2025 - 11/09/2026,"MAHA SUPERMARKET, 473, RIVER VALLEY ROAD, #01-01, VALLEY PARK, SINGAPORE(248358)"
CHI LIU XIANG PTE. LTD.,12/09/2025 - 11/09/2026,"CHI LIU XIANG PTE. LTD., 34, JALAN PARI BURONG, PICARDY GARDEN (DRINKS STALL), SINGAPORE(488700)"
KNK TRADING PTE. LTD.,12/09/2025 - 11/09/2026,"KNK TRADING PTE. LTD., 465, NORTH BRIDGE ROAD, #01-5069, SINGAPORE(191465)"
BUZZ SHOP PTE. LTD.,13/09/2025 - 12/09/2026,"BUZZ , 400, UPPER SERANGOON ROAD, #B1-02, WOODLEIGH MRT STATION, SINGAPORE(347695)"
SK 170 KOPI PLACE PTE. LTD.,13/09/2025 - 12/09/2026,"DE TIAN - DRINK STALL, 170A, SENGKANG EAST DRIVE, #01-09, (DRINK STALL 8) , SINGAPORE(541170)"
SAMRAN PTE. LTD.,13/09/2025 - 12/09/2026,"SAMIRA MART, 20, DICKSON ROAD, SINGAPORE(209504)"
DEEP GLOBAL2 PTE. LTD.,13/09/2025 - 12/09/2026,"DEEP'G MINIMART, 139, TAMPINES STREET 11, #01-24, (LEFT SIDE OF THE UNIT) , SINGAPORE(521139)"
SINGAPORE PETROLEUM COMPANY LIMITED,14/09/2025 - 13/09/2026,"CHOICES, 9, TAMPINES AVENUE 7, SPC PETROL SERVICE, SINGAPORE(529619)"
ATLANTA MANAGEMENT SERVICES,17/09/2025 - 16/09/2026,"SHELL SELECT, 110, BRADDELL ROAD, SHELL PETROL SERVICE, SINGAPORE(359914)"
ATLANTA MANAGEMENT SERVICES,17/09/2025 - 16/09/2026,"SHELL SELECT, 248, LORONG 1 TOA PAYOH, SHELL PETROL SERVICE , SINGAPORE(319755)"
GOLDPAY.SG PTE. LTD.,17/09/2025 - 16/09/2026,"THE GOLD CLUB, 7, FRASER STREET, #01-14, DUO GALLERIA, SINGAPORE(189356)"
7-ELEVEN,17/09/2025 - 16/09/2026,"7-ELEVEN, 260, JOO CHIAT ROAD, (LEVEL 1), SINGAPORE(427514)"
SM MART PTE. LTD.,18/09/2025 - 17/09/2026,"SM MART, 71, WOODLANDS AVENUE 10, #01-02, WOODLANDS INDUSTRIAL XCHANGE, SINGAPORE(737743)"
NEPTUNE (AMK) PTE. LTD.,19/09/2025 - 18/09/2026,"NEPTUNE, 84, BEDOK NORTH STREET 4, #01-59, (LEFT SIDE OF THE UNIT), SINGAPORE(460084)"
SPS MART PTE. LTD.,19/09/2025 - 18/09/2026,"SPS MART PTE LTD, 91, TELOK BLANGAH STREET 31, #01-02, SINGAPORE(100091)"
GOLDEN AVA INTERNATIONAL PTE. LTD.,21/09/2025 - 20/09/2026,"SHWE INN WA, 301, BOON LAY WAY, #01-17, BOON LAY MRT STATION, SINGAPORE(649846)"
PONNI INDIAN GROCERIES PTE. LTD.,21/09/2025 - 20/09/2026,"PONNI INDIAN GROCERIES, 72, BUFFALO ROAD, SINGAPORE(219810)"
SAMRAN PTE. LTD.,21/09/2025 - 20/09/2026,"TAMILNADU WINES, 44, UPPER WELD ROAD, SINGAPORE(207401)"
YESSENIA MANAGEMENT SERVICES,24/09/2025 - 23/09/2026,"SHELL SELECT, 20, WOODLANDS AVENUE 9, SHELL PETROL SERVICE, SINGAPORE(738954)"
GMART IMPEX PTE. LTD.,25/09/2025 - 24/09/2026,"G MART, 269A, YISHUN STREET 22, #01-511, SINGAPORE(761269)"
SELVAGANAPATHY MART PTE. LTD.,26/09/2025 - 25/09/2026,"SELVA GANAPATHI MART, 3, GUL DRIVE, (DORMITORY) MINI MART, SINGAPORE(629455)"
RUNMILY PTE. LTD.,27/09/2025 - 26/09/2026,"RUNMILY , 633, TAMPINES NORTH DRIVE 2, #02-10, SINGAPORE(520633)"
MACHAN TRADING PTE. LTD.,30/09/2025 - 29/09/2026,"MACHAN MART, 26, BUKIT BATOK EAST AVENUE 2, #02-03, HILLVIEW REGENCY, SINGAPORE(659920)"
SINGAPORE WINNIE AND VERNA PTE. LTD.,03/10/2025 - 02/10/2026,"EVERYDAY MART, 91, BENCOOLEN STREET, #01-08, SUNSHINE PLAZA, SINGAPORE(189652)"
MWH MINIMART,03/10/2025 - 02/10/2026,"MWH MINIMART, 803, KEAT HONG CLOSE, #01-05, SINGAPORE(680803)"
HAPPY MEGA MART PTE. LTD.,03/10/2025 - 02/10/2026,"HAPPY MEGA MART, 76, CIRCUIT ROAD, #01-04, SINGAPORE(370076)"
PALLAVA PTE. LTD.,03/10/2025 - 02/10/2026,"DAILY DELIGHTS, 21, FERNVALE ROAD, #01-11, HIGH PARK RESIDENCES, SINGAPORE(797637)"
PURE GROCERIES PTE. LTD.,04/10/2025 - 03/10/2026,"PURE GROCERIES PTE LTD, 1, BEDOK RESERVOIR VIEW, #01-04, AQUARIUS BY THE PARK, SINGAPORE(478926)"
CHEERS HOLDINGS (2004) PTE. LTD.,04/10/2025 - 03/10/2026,"CHEERS, 233, SOUTH BRIDGE ROAD, SINGAPORE(058782)"
ALWRICH PTE. LTD.,05/10/2025 - 04/10/2026,"ALWRICH COFFEE SHOP, 3, TUAS SOUTH STREET 12, #01-05, TUAS SOUTH DORMITORY (DRINK STALL), SINGAPORE(636947)"
ONE CAPITAL ASSETS PTE. LTD.,05/10/2025 - 04/10/2026,"ONE CAPITAL ASSETS PTE LTD, 73, LORONG 4 TOA PAYOH, #01-611, TOA PAYOH VISTA (DRINK STALL 2), SINGAPORE(310073)"
JWS (BEDOK) PTE. LTD.,08/10/2025 - 07/10/2026,"YONG XIN COFFEE SHOP, 47, TAI THONG CRESCENT, SENNETT ESTATE (DRINKS STALL 4), SINGAPORE(347867)"
GREEN OLIVE GROUP PTE. LTD.,08/10/2025 - 07/10/2026,"JOYOUS SUPERMARKET, 1, PARK ROAD, #01-83, PEOPLE'S PARK COMPLEX, SINGAPORE(059108)"
ARRIZQ PTE. LTD.,08/10/2025 - 07/10/2026,"GRAB AND GO MART, 31, CLUB STREET, #01-01, EMERALD GARDEN, SINGAPORE(069468)"
EMMAR STORE,08/10/2025 - 07/10/2026,"EMMAR STORE, 602, HOUGANG AVENUE 4, #01-K1, SINGAPORE(530602)"
E-XIN EXPRESS PTE. LTD.,08/10/2025 - 07/10/2026,"E-XIN MART, 282, BISHAN STREET 22, #01-117, (LEFT SIDE OF THE UNIT), SINGAPORE(570282)"
CHEERS HOLDINGS (2004) PTE. LTD.,08/10/2025 - 07/10/2026,"CHEERS, 1000, MARINE PARADE ROAD, #B1-01, SIGLAP MRT STATION, SINGAPORE(449969)"
AMR (S) ENTERPRISE PTE. LTD.,08/10/2025 - 07/10/2026,"AMR (S) ENTERPRISE PRIVATE LIMITED, 2, YISHUN INDUSTRIAL STREET 1, #01-20, NORTH POINT BIZHUB, SINGAPORE(768159)"
HOME FAMILY MINI MART,08/10/2025 - 07/10/2026,"HOME FAMILY MINI MART, 156, YISHUN STREET 11, #01-118, (RIGHT SIDE OF THE UNIT), SINGAPORE(760156)"
PRIME SUPERMARKET (1996) PTE LTD,10/10/2025 - 09/10/2026,"PRIME SUPERMARKET, 37, EUNOS ROAD 2, #01-01, SINGAPORE(400037)"
SHA MART PTE. LTD.,10/10/2025 - 09/10/2026,"SHA MART , 245, JALAN KAYU, SINGAPORE(799469)"
EFH & COMPANY PTE. LTD.,11/10/2025 - 10/10/2026,"LIGERO, 7, RAFFLES BOULEVARD, #02-04, THE PAN PACIFIC HOTEL SINGAPORE, SINGAPORE(039595)"
SHAFEN SUPERMARKET & TRADING (S) PTE. LTD.,11/10/2025 - 10/10/2026,"SHAFEN SUPERMARKET, 49, TEBAN GARDENS ROAD, #01-585, SINGAPORE(600049)"
RANDOM STAR PTE. LTD.,12/10/2025 - 11/10/2026,"RANDOM STAR , 40, FAJAR ROAD, #01-K1, FAJAR LRT STATION, SINGAPORE(679004)"
KOLEE SUPERMARKETS,12/10/2025 - 11/10/2026,"KOLEE SUPERMARKETS, 32, KIAN TECK AVENUE, #01-28, KIAN TECK HOSTEL, (DORMITORY) MINIMART , SINGAPORE(628922)"
SARAH'S MIRACLE PTE. LTD.,13/10/2025 - 12/10/2026,"SAI EATING HOUSE, 9, TRACTOR ROAD, (DRINK STALL 1), SINGAPORE(627970)"
ZHOU JIA PTE. LTD.,14/10/2025 - 13/10/2026,"ZHOU JIA PTE. LTD., 31, WOODLANDS CLOSE, #01-30, WOODLANDS HORIZON (DRINKS STALL 10), SINGAPORE(737855)"
SHENG HO SUPERMARKET PTE. LTD.,15/10/2025 - 14/10/2026,"SHENG HO SUPERMARKET , 86, REDHILL CLOSE, #01-610, SINGAPORE(150086)"
CHOP LEONG YICK LOONG,17/10/2025 - 16/10/2026,"CHOP LEONG YICK LOONG, 333, KRETA AYER ROAD, #01-28, KRETA AYER HEIGHTS, SINGAPORE(080333)"
SHENG SIONG SUPERMARKET PTE LTD,17/10/2025 - 16/10/2026,"SHENG SIONG, 512, BISHAN STREET 13, #01-524, SINGAPORE(570512)"
CHONG LIN SWEE,17/10/2025 - 16/10/2026,"HOCK HOE COFFEE STALL, 2A, JALAN SEH CHUAN, #01-021, BUKIT TIMAH INTERIM HAWKER CENTRE, SINGAPORE(599213)"
UMART PRIVATE LIMITED,23/10/2025 - 22/10/2026,"UMART, 222, TANJONG KATONG ROAD, SINGAPORE(437013)"
ECO FRESH MART PTE. LTD.,24/10/2025 - 23/10/2026,"GREEN MART SG, 322, TANJONG KATONG ROAD, SINGAPORE(437102)"
THE GREEN ESSENTIAL PTE. LTD.,31/10/2025 - 30/10/2026,"THE GREEN ESSENTIAL, 302, UBI AVENUE 1, #01-55, ( 1ST FLOOR ), SINGAPORE(400302)"
N.D'S ENTERPRISE,05/11/2025 - 04/11/2026,"SHELL SELECT, 355, COMMONWEALTH AVENUE, SHELL PETROL SERVICE, SINGAPORE(149731)"
NTUC FAIRPRICE CO-OPERATIVE LTD,06/11/2025 - 05/11/2026,"FAIRPRICE, 431A, NORTHSHORE DRIVE, #01-02, SINGAPORE(821431)"
MAGNATON VENTURES,06/11/2025 - 05/11/2026,"SHELL SELECT, 255, PAYA LEBAR ROAD, SHELL PETROL SERVICE, SINGAPORE(409037)"
CDP KIMLY PTE. LTD.,06/11/2025 - 05/11/2026,"KIMLY, 302, UBI AVENUE 1, #01-09, (DRINK STALL 2), SINGAPORE(400302)"
NTUC FAIRPRICE CO-OPERATIVE LTD,07/11/2025 - 06/11/2026,"FAIRPRICE, 524A, JELAPANG ROAD, #03-13, GREENRIDGE SHOPPING CENTRE, SINGAPORE(671524)"
SR ENTERTAINMENT PTE. LTD.,07/11/2025 - 06/11/2026,"CHINADOLL, 101, UPPER CROSS STREET, #B1-25A, PEOPLE'S PARK CENTRE, SINGAPORE(058357)"
SNR (S) TRADING PTE. LTD.,07/11/2025 - 06/11/2026,"SNR (S) TRADING PTE LTD, 347, BUKIT BATOK STREET 34, #01-268, (RIGHT SIDE OF THE UNIT) , SINGAPORE(650347)"
E-XIN EXPRESS PTE. LTD.,07/11/2025 - 06/11/2026,"E-XIN MART, 302, UBI AVENUE 1, #01-25, SINGAPORE(400302)"
CHENG'S PROVISION,07/11/2025 - 06/11/2026,"CHENG'S PROVISION, 253, CHOA CHU KANG AVENUE 1, #01-24, KEAT HONG SHOPPING CENTRE (UNIT WM04), SINGAPORE(680253)"
NEO CHIN CHER,07/11/2025 - 06/11/2026,"TIAN KEE COFFEE STALL, 2A, JALAN SEH CHUAN, #01-043, BUKIT TIMAH INTERIM HAWKER CENTRE, SINGAPORE(599213)"
BIG GAINNER ENTERPRISE PTE. LTD.,07/11/2025 - 06/11/2026,"BIG GAINNER ENTERPRISE PTE LTD, 5, ALJUNIED ROAD, SINGAPORE(389797)"
HAVEEN TRADING PTE. LTD.,07/11/2025 - 06/11/2026,"HAVEEN TRADING PTE. LTD., 42A, TENGAH BOULEVARD, #01-04, TENGAH BUS INTERCHANGE, SINGAPORE(699896)"
ARV RAMYA AFFORDABLE MART PTE. LTD.,07/11/2025 - 06/11/2026,"ARV RAMYA AFFORDABLE MART PTE LTD, 292, CHANGI ROAD, SINGAPORE(419770)"
FONG SHENG TRADING,07/11/2025 - 06/11/2026,"FONG SHENG TRADING, 2A, JALAN SEH CHUAN, #01-101, SINGAPORE(599213)"
SREE MASANI AMMAN PTE. LTD.,07/11/2025 - 06/11/2026,"KARAIKUDI MINI MART, 19, TAMPINES AVENUE, #01-01, SINGAPORE(529798)"
GINGER TEA HOUSE PTE. LTD.,07/11/2025 - 06/11/2026,"GINGER TEA HOUSE PTE LTD, 20, PIONEER CRESCENT, #02-02, WEST PARK BIZCENTRAL (DRINK STALL 1), SINGAPORE(628555)"
LEE MIAO YE,07/11/2025 - 06/11/2026,"TIAN SHENG SOYA BEAN DRINK, 45, QUALITY ROAD, #01-12, QUALITY ROAD FOOD CENTRE, SINGAPORE(618824)"
CHEERS HOLDINGS (2004) PTE. LTD.,07/11/2025 - 06/11/2026,"CHEERS, 101, MARINE PARADE ROAD, #B1-01, MARINE PARADE MRT STATION, SINGAPORE(449971)"
CHEERS HOLDINGS (2004) PTE. LTD.,07/11/2025 - 06/11/2026,"CHEERS, 2450, ANG MO KIO AVENUE 8, #01-02, SINGAPORE(569811)"
Q ME BUDGET STORE,07/11/2025 - 06/11/2026,"Q ME BUDGET STORE, 12, LORONG 1 GEYLANG, (GROUND FLOOR), SINGAPORE(389120)"
MARKET BOUNTY SUPERMART PTE. LTD.,07/11/2025 - 06/11/2026,"MARKET BOUNTY SUPERMART PTE. LTD, 612, CLEMENTI WEST STREET 1, #01-294, SINGAPORE(120612)"
LEE QUAN (GAMBAS) PTE. LTD.,07/11/2025 - 06/11/2026,"VIBEZ@GAMBAS, 6, GAMBAS WAY, #01-18, ASCENT @ GAMBAS (DRINK STALL 1), SINGAPORE(756939)"
H & R TRADING AND ACCESSORIES LLP,07/11/2025 - 06/11/2026,"APO NI LOLA BASYANG MINI MART, 304, ORCHARD ROAD, #02-23, LUCKY PLAZA, SINGAPORE(238863)"
FENG SHENG GROUP (F&B) PTE. LTD.,08/11/2025 - 07/11/2026,"BILLION FOOD POINT, 50, SERANGOON NORTH AVENUE 4, #01-30, FIRST CENTRE (DRINK STALL 4), SINGAPORE(555856)"
DREAM BOUQUET PTE. LTD.,14/11/2025 - 13/11/2026,"CHEIAH BOOK SHOP PTE LTD, 846, YISHUN RING ROAD, #01-3617, KHATIB CENTRAL (LEFT SIDE OF THE UNIT), SINGAPORE(760846)"
KYNERGY MANAGEMENT SERVICES,16/11/2025 - 15/11/2026,"SHELL SELECT, 9A, SERANGOON NORTH AVENUE 5, SHELL PETROL SERVICE, SINGAPORE(554500)"
REVATHI MINIMART,17/11/2025 - 16/11/2026,"REVATHI MINIMART, 62, SUNGEI KADUT LOOP, LEVEL 1, (DORMITORY) , SINGAPORE(729507)"
NTUC FAIRPRICE CO-OPERATIVE LTD,19/11/2025 - 18/11/2026,"FAIRPRICE, 76, CIRCUIT ROAD, #02-13, SINGAPORE(370076)"
UNIVERSE 7 GENERAL TRADING PTE. LTD.,19/11/2025 - 18/11/2026,"UNIVERSE 7 GENERAL TRADING PTE. LTD., 683, TESSENSOHN ROAD, #01-133, (GROUND FLOOR QUARTER SHOP), SINGAPORE(210683)"
CONVENIENCE PLUS (II) PTE. LTD.,20/11/2025 - 19/11/2026,"CONVENIENCE PLUS, 260, BANGKIT ROAD, #01-41, BUKIT PANJANG NEW TOWN, SINGAPORE(670260)"
SRI SKANDA TRADING PTE. LTD.,20/11/2025 - 19/11/2026,"MEGA GROCERY MART, 639, PASIR RIS DRIVE 1, #01-536, SINGAPORE(510639)"
A ABI MINIMART PTE. LTD.,20/11/2025 - 19/11/2026,"A ABI MINIMART PTE LTD, 302, UBI AVENUE 1, #01-39, SINGAPORE(400302)"
SHENG SIONG SUPERMARKET PTE LTD,21/11/2025 - 20/11/2026,"SHENG SIONG, 181, LORONG 4 TOA PAYOH, #01-602, SINGAPORE(310181)"
HI-TECH COMMUNICATIONS (S) PTE. LTD.,22/11/2025 - 21/11/2026,"HI-TECH, 45, KERBAU ROAD, SINGAPORE(219172)"
QURNIA TRADERS,22/11/2025 - 21/11/2026,"QURNIA TRADERS, 10, HAIG ROAD, #01-355, HAIG VIEW, SINGAPORE(430010)"
MELVILLE PARK SUPERMART,23/11/2025 - 22/11/2026,"MELVILLE PARK SUPERMART, 12, SIMEI STREET 1, #01-02, MELVILLE PARK, SINGAPORE(529940)"
HONG & FRIENDS COMPANY,29/11/2025 - 28/11/2026,"HONG & FRIENDS COMPANY, 1, TANJONG PAGAR PLAZA, #01-30, SINGAPORE(082001)"
NEW MERCHANTS PTE. LTD.,30/11/2025 - 29/11/2026,"NEWRISE MINIMART, 38, TELOK BLANGAH RISE, #01-325, SINGAPORE(090038)"
HONEST HARVEST PTE. LTD.,30/11/2025 - 29/11/2026,"HONEST HARVEST MINIMART, 566, WOODLANDS ROAD, #01-09, SINGAPORE(728697)"
MANJAL MINI MART PTE. LTD.,02/12/2025 - 01/12/2026,"MANJAL MINIMART PTE. LTD., 276, JURONG WEST STREET 25, #01-02, (RIGHT SIDE OF THE UNIT), SINGAPORE(640276)"
FORTUNE MOTOR PTE. LTD.,04/12/2025 - 03/12/2026,"CONVENIENT VALUE SELECTION, 355, SERANGOON ROAD, SINGAPORE(218115)"
SRI GANAPATHY GROCERY PTE. LTD.,04/12/2025 - 03/12/2026,"S.G GROCERY, 40, BEO CRESCENT, #01-06, THE BEO CRESCENT, SINGAPORE(160040)"
CHAKKULATHAMMA TRADING PTE. LTD.,04/12/2025 - 03/12/2026,"CHAKKULATHAMMA TRADING PTE LTD., 306, UBI AVENUE 1, #01-211, SINGAPORE(400306)"
SAI SUPERMART PTE. LTD.,05/12/2025 - 04/12/2026,"SAI SUPERMART, 661, BUFFALO ROAD, #01-31, SINGAPORE(210661)"
CHEERS HOLDINGS (2004) PTE. LTD.,05/12/2025 - 04/12/2026,"CHEERS, 304, MARINE PARADE ROAD, #B1-03, MARINE TERRACE MRT STATION, SINGAPORE(449970)"
NANG OO KIN,06/12/2025 - 05/12/2026,"NANG OO KIN, 61, TEBAN GARDENS ROAD, #01-04, TEBAN PLACE (RIGHT SIDE OF THE UNIT), SINGAPORE(600061)"
SK MINIMART PTE. LTD.,06/12/2025 - 05/12/2026,"SK MINIMART, 53E, TUAS SOUTH AVENUE 1, TUAS COVE INDUSTRIAL CENTRE, SINGAPORE(637273)"
WELCOME SUPERMARKET PTE. LTD.,07/12/2025 - 06/12/2026,"WELCOME , 38, TELOK BLANGAH RISE, #01-327, (GROUND FLOOR), SINGAPORE(090038)"
NG GEOK HWA,07/12/2025 - 06/12/2026,"SAN TECK COFFEE STALL, 409, ANG MO KIO AVENUE 10, #01-23, ANG MO KIO MARKET & FOOD CENTRE, SINGAPORE(560409)"
786 SPICES BAZAAR PTE. LTD.,10/12/2025 - 09/12/2026,"786 SPICES BAZAAR PTE. LTD., 20, NEYTHAL ROAD, (LEFT SIDE OF THE UNIT) MINI MART, SINGAPORE(628585)"
JILIN QIAN AN JUN ZI IMPORT & EXPORT PTE. LTD.,12/12/2025 - 11/12/2026,"CHINA MINIMART, 103, YISHUN RING ROAD, #01-95, SINGAPORE(760103)"
SANNASI STORES PTE. LTD.,12/12/2025 - 11/12/2026,"SANNASI STORES PTE LTD, 468A, YISHUN STREET 43, #01-65, MEADOW SPRING @ YISHUN, SINGAPORE(761468)"
XEVI PTE. LTD.,13/12/2025 - 12/12/2026,"CLUB 69, 69, SOUTH BRIDGE ROAD, SINGAPORE(058699)"
45 KTD F&B PTE. LTD.,15/12/2025 - 14/12/2026,"45 KTD MINIMART, 45, KIAN TECK DRIVE, #01-03, CHINSIM INDUSTRIAL CENTRE (BLK 3, DORMITORY), SINGAPORE(628859)"
FORTUNE SUPERMARKET PTE. LTD.,17/12/2025 - 16/12/2026,"FORTUNE, 78, REDHILL LANE, #01-09, SINGAPORE(150078)"
JF ESSENTIAL PTE. LTD.,17/12/2025 - 16/12/2026,"JF ESSENTIAL, 644, HOUGANG AVENUE 8, #01-259, GROUND FLOOR (RIGHT SIDE OF THE UNIT), SINGAPORE(530644)"
AGR TECHNOLOGIES PTE. LTD.,17/12/2025 - 16/12/2026,"AGR MINI MART, 16, TUAS AVENUE 1, #07-219, (DORMITORY), SINGAPORE(639529)"
GOOD PRICE CENTRE,18/12/2025 - 17/12/2026,"GOOD PRICE CENTRE, 740, WOODLANDS CIRCLE, #01-413, SINGAPORE(730740)"
DK EXPORTS PTE. LTD.,18/12/2025 - 17/12/2026,"24SEVEN CONVENIENCE STORE, 32, NEW MARKET ROAD, #02-1128, SINGAPORE(050032)"
SUNSHINE STAR ENTERPRISES PTE. LTD.,18/12/2025 - 17/12/2026,"24SEVEN CONVENIENCE STORE, 101, NEW PUNGGOL ROAD, #B2-02, PUNGGOL COAST NEL MRT STATION, SINGAPORE(828604)"
UNIVERSE 7 GENERAL TRADING PTE. LTD.,18/12/2025 - 17/12/2026,"UNIVERSE 7 GENERAL TRADING PTE. LTD., 681, RACE COURSE ROAD, #01-309, SINGAPORE(210681)"
CONVENIENCE PLUS (III) PTE. LTD.,21/12/2025 - 20/12/2026,"CONVENIENCE PLUS 3, 221, BOON LAY PLACE, #01-154, BOON LAY SHOPPING CTR (LEFT SIDE OF THE UNIT), SINGAPORE(640221)"
VANILLA IMPEX TRADERS PTE. LTD.,22/12/2025 - 21/12/2026,"VANILLA MART, 421C, NORTHSHORE DRIVE, #01-02, SINGAPORE(823421)"
SHANGHAI YONGFU SINGAPORE PTE. LTD.,23/12/2025 - 22/12/2026,"YONG FU, 3, TEMASEK BOULEVARD, #01-444, SUNTEC CITY MALL (GIFT ROOM), SINGAPORE(038983)"
ALO FASHION & SUPERSHOP PTE. LTD.,23/12/2025 - 22/12/2026,"ALO FASHION & SUPERSHOP PTE. LTD, 32, ROBERTS LANE, #01-01, SINGAPORE(218311)"
ARUNA SUPERMARKET PTE. LTD.,31/12/2025 - 30/12/2026,"ARUNA MINIMART, 26, JALAN BERSEH, #01-152, KELANTAN COURT, SINGAPORE(200026)"
MEGHNA MART PTE. LTD.,31/12/2025 - 30/12/2026,"MEGHNA MART, 178, SIMS AVENUE, SINGAPORE(387494)"
HAPPY FAMILY MART,04/01/2026 - 03/01/2027,"HF MART, 35, MARSILING DRIVE, #01-399, SINGAPORE(730035)"
SRIVATHI TRADE PTE. LTD.,06/01/2026 - 05/01/2027,"SRIVATHI BHAVAN, 30, KAKI BUKIT ROAD 3, #01-13, EMPIRE TECHNOCENTRE (DRINK STALL), SINGAPORE(417819)"
UMART PRIVATE LIMITED,07/01/2026 - 06/01/2027,"UMART@SIMSCITY, 705, SIMS DRIVE, #01-17, SHUN LI INDUSTRIAL COMPLEX, SINGAPORE(387384)"
SAI LEE TRADERS PTE. LTD.,10/01/2026 - 09/01/2027,"SAI LEE TRADERS PTE LTD, 8, CANBERRA DRIVE, #01-10, EIGHT COURTYARDS, SINGAPORE(768141)"
ARASI PTE. LTD.,10/01/2026 - 09/01/2027,"ARASI STORE, 51, HAVELOCK ROAD, #01-02, HAVELOCK VIEW (LEFT SIDE OF THE UNIT), SINGAPORE(161051)"
KINRI ENTERPRISE,11/01/2026 - 10/01/2027,"SHELL SELECT, 191, TANJONG KATONG ROAD, SHELL PETROL SERVICE , SINGAPORE(436993)"
SRI ANNAPOORANI STORES PTE. LTD.,11/01/2026 - 10/01/2027,"SRI ANNAPOORANI STORES PTE LTD, 152, BUKIT BATOK STREET 11, #01 -274, (LEFT SIDE OF THE UNIT), SINGAPORE(650152)"
SOUTH EASTERN ENTERPRISES PTE. LTD.,11/01/2026 - 10/01/2027,"SE CONVENIENCE SHOP, 178, TOA PAYOH CENTRAL, #01-226, (GROUND FLOOR RIGHT HALF PART), SINGAPORE(310178)"
HAPPY MEGA MART PTE. LTD.,14/01/2026 - 13/01/2027,"HAPPY MEGA MART, 17A, JURONG GATEWAY ROAD, #01-13, JURONG EAST INTEGRATED BUS INTERCHANGE, SINGAPORE(608513)"
HUANGS MART PTE. LTD.,14/01/2026 - 13/01/2027,"HUANGS MART, 239, BOON LAY DRIVE, #01-02, SINGAPORE(640239)"
PETER THAI TRADING,14/01/2026 - 13/01/2027,"PETER THAI TRADING, 6, BEACH ROAD, #01-4875, BEACH ROAD GARDENS (RIGHT SIDE OF THE UNIT), SINGAPORE(190006)"
GPSS TRADING PTE. LTD.,15/01/2026 - 14/01/2027,"GPSS TRADING PTE LTD, 10, BRADDELL HILL, #01-83, SINGAPORE(579719)"
YAK HONG COFFEE HOUSE PTE. LTD.,15/01/2026 - 14/01/2027,"YAK HONG KOPITIAM, 465, FERNVALE ROAD, #01-01, (DRINKS STALL 2), SINGAPORE(790465)"
FACH MANAGEMENT SERVICES,15/01/2026 - 14/01/2027,"SHELL SELECT, 331, BEDOK ROAD, SHELL PETROL SERVICE, SINGAPORE(469504)"
FAIRMART FOOD PTE. LTD.,16/01/2026 - 15/01/2027,"FAIRMART SUPERMART, 532, ANG MO KIO AVENUE 10, #01-2489, CHENG SAN CENTRE (LEFT SIDE OF THE UNIT), SINGAPORE(560532)"
JIYA PTE. LTD.,16/01/2026 - 15/01/2027,"JIYA PTE. LTD., 72, CIRCUIT ROAD, #01-19, SINGAPORE(370072)"
SHENG SIONG SUPERMARKET PTE LTD,16/01/2026 - 15/01/2027,"SHENG SIONG, 161, ANG MO KIO AVENUE 4, #01-504, SINGAPORE(560161)"
ARUNA SUPERMARKET PTE. LTD.,17/01/2026 - 16/01/2027,"ARUNA MINIMART, 1, ROCHOR CANAL ROAD, #B1-38, SIM LIM SQUARE, SINGAPORE(188504)"
SHANG SHANG JIA MINIMART PTE. LTD.,18/01/2026 - 17/01/2027,"SHANG SHANG JIA MINIMART , 467B, FERNVALE LINK, #01-531, FERNVALE LEA, SINGAPORE(792467)"
MAY MYANMAR MINIMART,18/01/2026 - 17/01/2027,"MAY MYANMAR MINIMART, 149, SERANGOON NORTH AVENUE 1, #01-915, GOLDEN GINGER, SINGAPORE(550149)"
PNS TRADERS,19/01/2026 - 18/01/2027,"SRI ANNAPOORANI STORES PTE. LTD., 118, RACE COURSE ROAD, (GROUND FLOOR), SINGAPORE(218581)"
MARTWAYS PTE. LTD.,20/01/2026 - 19/01/2027,"MARTWAY'S, 34, CASSIA CRESCENT, #01-82, (GROUND FLOOR), SINGAPORE(390034)"
LING LONG MINIMART PTE. LTD.,20/01/2026 - 19/01/2027,"LING LONG MINIMART PTE LTD, 50, GUL ROAD, (MINIMART), SINGAPORE(629351)"
SHAMITHAS STORES PTE. LTD.,22/01/2026 - 21/01/2027,"SHAMITHA'S STORES PTE LTD, 186, WOODLANDS INDUSTRIAL PARK E5, #01-03, SINGAPORE(757515)"
MARINA BAY SANDS PTE. LTD.,23/01/2026 - 22/01/2027,"JIN TING WAN, 10, BAYFRONT AVENUE, #55-00, MARINA BAY SANDS, TOWER 1 (VESTIBULE AREA), SINGAPORE(018956)"
MUKESH MART PTE. LTD.,24/01/2026 - 23/01/2027,"MUKESH MART PTE LTD, 201A, TAMPINES STREET 21, #01-1055, (LEFT SIDE OF THE UNIT), SINGAPORE(521201)"
COLD STORAGE SINGAPORE (1983) PTE LTD,24/01/2026 - 23/01/2027,"JASONS DELI, 2, BAYFRONT AVENUE, #B2-48, THE SHOPPES AT MARINA BAY SANDS, SINGAPORE(018972)"
GREENLAND MINIMART PTE. LTD.,24/01/2026 - 23/01/2027,"GREENLAND MINIMART PTD LTD, 669, JALAN DAMAI, #01-51, EUNOS DAMAI VILLE, SINGAPORE(410669)"
VICTRUS PTE. LTD.,25/01/2026 - 24/01/2027,"REALFRESH, 25, UBI AVENUE 3, #01-09, (DORMITORY) MINIMART, SINGAPORE(409821)"
WELCOME 262 JURONG PTE. LTD.,25/01/2026 - 24/01/2027,"WELCOME, 262, JURONG EAST STREET 24, #01-487, SINGAPORE(600262)"
MI SAN MINIMART PTE. LTD.,25/01/2026 - 24/01/2027,"MI SAN MINIMART PTE LTD, 452, ANG MO KIO AVENUE 10, #01-1781, (LEFT SIDE OF THE UNIT), SINGAPORE(560452)"
TYRANT HOLDINGS PTE. LTD.,27/01/2026 - 26/01/2027,"UBI BEER GARDEN, 50, UBI AVENUE 3, #01-03, FRONTIER (DRINK STALL 11), SINGAPORE(408866)"
SAI GROUPS PTE. LTD.,27/01/2026 - 26/01/2027,"ABI TRADERS, 2, NORRIS ROAD, SINGAPORE(208247)"
SHIVANI'S GLOBAL MART PTE. LTD.,28/01/2026 - 27/01/2027,"SGM MINIMART, 301, CANBERRA ROAD, #01-05, SEMBAWANG RECREATION CENTRE, SINGAPORE(759774)"
MEENA TRADING PTE. LTD.,28/01/2026 - 27/01/2027,"FAIR VALUE MART , 776, PASIR RIS STREET 71, #01-412, SINGAPORE(510776)"
SHIVARANJANI MINIMART LLP,28/01/2026 - 27/01/2027,"SHIVARANJANI MINIMART , 552, PASIR RIS STREET 51, #01-85, SINGAPORE(510552)"
SHIVARANJANI PTE. LTD.,31/01/2026 - 30/01/2027,"SHIVARANJANI PTE LTD, 114, PASIR RIS STREET 11, #01-K1, SINGAPORE(510114)"
SRI MURUGAN TRADING PTE. LTD.,03/02/2026 - 02/02/2027,"SRI MURUGAN, 51, YISHUN CENTRAL 1, #01-07, YISHUN 10 CINEMA COMPLEX, SINGAPORE(768794)"
AN HUA HOLDINGS PTE. LTD.,04/02/2026 - 03/02/2027,"AN HUA HOLDINGS PTE LTD, 183, TOA PAYOH CENTRAL, #01-290, (GROUND FLOOR), SINGAPORE(310183)"
BUZZ SHOP PTE. LTD.,05/02/2026 - 04/02/2027,"BUZZ , 11, SENGKANG CENTRAL, #01-108, BUANGKOK BUS INTERCHANGE, SINGAPORE(544575)"
YU LEI GLOBAL PTE. LTD.,05/02/2026 - 04/02/2027,"NEW YONGLI SUPERMARKET, 288, LAVENDER STREET, #01-01, SINGAPORE(338804)"
STR JAPAN,07/02/2026 - 06/02/2027,"STR JAPAN, 954C, TAMPINES STREET 96, #01-03, SINGAPORE(523954)"
SVS DISTRIBUTION PTE. LTD.,08/02/2026 - 07/02/2027,"SVS DISTRIBUTION PTE LTD, 11, TECH PARK CRESCENT, #01-03, (MINIMART), SINGAPORE(638121)"
UNIQUE-TEAMX (TPY) PTE. LTD.,14/02/2026 - 13/02/2027,"UNIQUE-TEAMX (NORTH) PTE. LTD., 212, LORONG 8 TOA PAYOH, #01-31, SINGAPORE(310212)"
DA WEI WANG FOODIE PTE. LTD.,14/02/2026 - 13/02/2027,"DA WEI WANG, 91, ALPS AVENUE, #02-16, LIAN SOON AMENITY CENTRE (DRINK STALL), SINGAPORE(498787)"
RONG CHENG F & B PTE. LTD.,16/02/2026 - 15/02/2027,"RONG CHENG F&B PTE LTD, 9012, TAMPINES STREET 93, #01-157, TAMPINES INDUSTRIAL PARK A (DRINK STALL 1), SINGAPORE(528845)"
DANG ANOM HALAL MART,20/02/2026 - 19/02/2027,"DANG ANOM HALAL MART, 151, YUNG HO ROAD, #01-87, SINGAPORE(610151)"
SOUTHWEST TAVERN PTE. LTD.,22/02/2026 - 21/02/2027,"SOUTHWEST TAVERN, 8, BOON LAY WAY, #01-31, 8 @ TRADEHUB 21, SINGAPORE(609964)"
G2 TRADERS PTE. LTD.,24/02/2026 - 23/02/2027,"G2 TRADERS , 711, JURONG WEST STREET 71, #B1-11, NANYANG SAPPHIRE, SINGAPORE(640711)"
SRI NATRAJ STORE PTE. LTD.,24/02/2026 - 23/02/2027,"SRI NATRAJ STORE PTE. LTD., 685, RACE COURSE ROAD, #01-326, SINGAPORE(210685)"
HUA GE PTE. LTD.,24/02/2026 - 23/02/2027,"HUA GE MINIMART, 568B, CHAMPIONS WAY, #01-15, SINGAPORE(732568)"
TWO B IMPEX PTE. LTD.,24/02/2026 - 23/02/2027,"2B SUPER MARKET, 10, SIGLAP LINK, #01-37, SEASIDE RESIDENCES, SINGAPORE(448869)"
SHENG SIONG SUPERMARKET PTE LTD,26/02/2026 - 25/02/2027,"SHENG SIONG, 671, EDGEFIELD PLAINS, #02-01, WATERWAY BANKS, SINGAPORE(820671)"
ULTRA GROCERY,26/02/2026 - 25/02/2027,"ULTRA GROCERY, 95, BUKIT DRIVE, #01-32, THE RAINTREE, SINGAPORE(587843)"
KYNERGY MANAGEMENT SERVICES,01/03/2026 - 28/02/2027,"SHELL SELECT, 3535, ANG MO KIO AVENUE 6, SHELL PETROL SERVICE, SINGAPORE(569839)"
RAFFLES SENTOSA SINGAPORE,03/03/2026 - 02/03/2027,"CHAIRMAN'S ROOM, 4, BUKIT MANIS ROAD, RAFFLES SENTOSA SINGAPORE (ARRIVAL BUILDING), SINGAPORE(099947)"
HENG AUTOCARE PETROL KIOSK,03/03/2026 - 02/03/2027,"SHELL SELECT, 305, OUTRAM ROAD, SHELL PETROL SERVICE, SINGAPORE(169072)"
HOUGANG BAZAAR PTE. LTD.,03/03/2026 - 02/03/2027,"HOUGANG BAZAAR, 685, HOUGANG STREET 61, #01-152, HOUGANG SPRING (RIGHT SIDE OF THE UNIT), SINGAPORE(530685)"
333 COFFEESHOP,03/03/2026 - 02/03/2027,"333 COFFEESHOP, 61, KAKI BUKIT AVENUE 1, #01-10, SHUN LI INDUSTRIAL PARK (DRINK STALL 1), SINGAPORE(417943)"
ALADDIN INDIAN CUISINE PTE. LTD.,03/03/2026 - 02/03/2027,"ALADDIN INDIAN-MUSLIM CAFE, 55, PASIR PANJANG ROAD, #01-02, PASIR PANJANG FERRY TERMINAL, SINGAPORE(118810)"
SRI AMBAL FLOWERS & TRADING PTE. LTD.,03/03/2026 - 02/03/2027,"SRI AMBAL FLOWERS & MINIMART, 563, SERANGOON ROAD, SINGAPORE(218179)"
ABR MINI MART,03/03/2026 - 02/03/2027,"ABR MINI MART, 1, WEST COAST DRIVE, #01-K5, NEWEST, SINGAPORE(128020)"
YATA 11:11,03/03/2026 - 02/03/2027,"YATA 11:11, 91, BENCOOLEN STREET, #01-07, SUNSHINE PLAZA, SINGAPORE(189652)"
SINOPEC HONG KONG (SINGAPORE) PTE. LTD.,03/03/2026 - 02/03/2027,"EASY JOY, 11, PASIR RIS DRIVE 4, SINOPEC PETROL SERVICE, SINGAPORE(519456)"
YISHUN MINIMART,13/03/2026 - 12/03/2027,"YISHUN MINIMART, 223, YISHUN STREET 21, #01-K1, YISHUN GARDENS, SINGAPORE(760223)"
GULA MELAKA TEH TARIK PTE. LTD.,17/03/2026 - 16/03/2027,"GULA MELAKA TEH TARIK PTE. LTD, 1, TUAS SOUTH AVENUE 6, #01-25, THE WESTCOM (DRINK STALL 5), SINGAPORE(637021)"
PASSION MART PTE. LTD.,17/03/2026 - 16/03/2027,"PASSION MART PTE LTD, 37, JALAN RUMAH TINGGI, #01-401, RUMAH TINGGI VIEW (RIGHT SIDE OF THE UNIT), SINGAPORE(150037)"
COFFEE POINT PTE. LTD.,17/03/2026 - 16/03/2027,"COFFEE POINT, 1, WHOLESALE CENTRE, #01-02, PASIR PANJANG WHOLESALE CTR (DRINK STALL 12), SINGAPORE(110001)"
S S V TRADING PTE. LTD.,17/03/2026 - 16/03/2027,"TRIPLE N SUPERMART PTE LTD, 21, TANNERY LANE, - , (LEVEL - 1 MINI MART), SINGAPORE(347783)"
LWS EATING HOUSE,17/03/2026 - 16/03/2027,"LWS EATING HOUSE, 2, TAMPINES INDUSTRIAL AVENUE 1, CONSTRUCTION SITE CANTEEN (DRINK STALL), SINGAPORE(529432)"
SAKTHI IMPEX PTE. LTD.,18/03/2026 - 17/03/2027,"JOY LUCK GROCER, 31, HOLLAND CLOSE, #01-221, SINGAPORE(270031)"
7-ELEVEN,19/03/2026 - 18/03/2027,"7-ELEVEN, 391, ORCHARD ROAD, #01-K1, NGEE ANN CITY, SINGAPORE(238872)"
GOOD PRICE HUB PTE. LTD.,20/03/2026 - 19/03/2027,"GOOD PRICE HUB, 505, TAMPINES CENTRAL 1, #01-355, TAMPINES HEART, SINGAPORE(520505)"
KABAR KYAW TRADING,21/03/2026 - 20/03/2027,"KABAR KYAW TRADING-JURONG BRANCH, 214, JURONG EAST STREET 21, #01-435, (RIGHT SIDE OF THE UNIT), SINGAPORE(600214)"
WELCOME 318 JURONG PTE. LTD.,21/03/2026 - 20/03/2027,"WELCOME , 318, JURONG EAST STREET 31, #01-48, SINGAPORE(600318)"
SMMR FOODS PTE. LTD.,24/03/2026 - 23/03/2027,"SM PROVISIONS, 603, ANG MO KIO AVENUE 5, #01-2657, YIO CHU KANG GREEN, SINGAPORE(560603)"
SAN GREEN PTE. LTD.,24/03/2026 - 23/03/2027,"SANCTUARY MART, 189, TANJONG RHU ROAD, #01-01, SANCTUARY GREEN, SINGAPORE(436926)"
AYESHA SUPERMART PTE. LTD.,27/03/2026 - 26/03/2027,"AYESHA SUPERMART PTE. LTD., 73, TUAS VIEW WALK 1, #01-03, (LEVEL 1 MINI MART), SINGAPORE(637614)"
ACE FRESH PTE. LTD.,27/03/2026 - 26/03/2027,"ACE FRESH, 65, TELOK BLANGAH DRIVE, #01-166, BLANGAH VIEW, SINGAPORE(100065)"
ACE FRESH PTE. LTD.,27/03/2026 - 26/03/2027,"ACE FRESH, 109, BUKIT PURMEI ROAD, #01-139, BUKIT PURMEI VILLE, SINGAPORE(090109)"
ACE FRESH PTE. LTD.,27/03/2026 - 26/03/2027,"ACE FRESH , 449, ANG MO KIO AVENUE 10, #01-1733, SINGAPORE(560449)"
VINAYAK TRADERS PTE. LTD.,27/03/2026 - 26/03/2027,"BAZAAR, 28, TOH GUAN ROAD EAST, #02-02, WESTLITE TOH GUAN DORMITORY (MINIMART), SINGAPORE(608596)"
CULTURE ENTERTAINMENT PTE. LTD.,02/04/2026 - 01/04/2027,"INCLOUD, 74, PRINSEP STREET, SINGAPORE(188669)"
CHEERS HOLDINGS (2004) PTE. LTD.,04/04/2026 - 03/04/2027,"CHEERS, 10, CHOA CHU KANG AVENUE 4, #01-11, CHOA CHU KANG MRT STATION (NS4), SINGAPORE(689810)"
AL SHIKA PTE. LTD.,04/04/2026 - 03/04/2027,"25 BENOI ROAD KOPI SHOP, 25, BENOI ROAD, #01-01, PIONEER LOT (DRINKS STALL 1), SINGAPORE(629914)"
DV BIOHERBS PTE. LTD.,08/04/2026 - 07/04/2027,"NEIGHBOUR'S MART, 107, JALAN BUKIT MERAH, #01-1838, TIONG BAHRU ORCHID (RIGHT SIDE OF THE UNIT), SINGAPORE(160107)"
THREE SIX COMPANY PTE. LTD.,08/04/2026 - 07/04/2027,"PIONEER LODGE MALL, 39A, SOON LEE ROAD, #01-801, PIONEER LODGE MALL (DORMITORY) (MINIMART), SINGAPORE(628089)"
TRUE VALUE PTE. LTD.,08/04/2026 - 07/04/2027,"TRUE VALUE , 34, UPPER CROSS STREET, #01-160, SINGAPORE(050034)"
THE GREEN ESSENTIAL PTE. LTD.,10/04/2026 - 09/04/2027,"THE GREEN ESSENTIAL, 801, GEYLANG ROAD, #01-01, GEYLANG CONSERVATION AREA, SINGAPORE(389681)"
CLAUDINE PTE. LTD.,12/04/2026 - 11/04/2027,"CLAUDINE, 39C, HARDING ROAD, SINGAPORE(249541)"
KALAI'S MINI MART PTE. LTD.,15/04/2026 - 14/04/2027,"KALAI'S MINI MART PTE. LTD., 136, MARSILING ROAD, #01-2178, SINGAPORE(730136)"
7-ELEVEN,15/04/2026 - 14/04/2027,"7-ELEVEN, 96, ARAB STREET, (LEVEL 1), SINGAPORE(199792)"
DPF MART PTE. LTD.,15/04/2026 - 14/04/2027,"DPF MART, 45, TELOK BLANGAH DRIVE, #01-165, BLANGAH COURT, SINGAPORE(100045)"
SELVAGANAPATHY MART PTE. LTD.,17/04/2026 - 16/04/2027,"SELVA GANAPATHI MART, 25, NEW UPPER CHANGI ROAD, #01-632, SINGAPORE(462025)"
JIXIANG HUI PTE. LTD.,17/04/2026 - 16/04/2027,"JI XIANGHUI, 35A, SCOTTS ROAD, DEANS PROPERTY CENTRE, SINGAPORE(228228)"
GRANDEUR MANAGEMENT SERVICES,17/04/2026 - 16/04/2027,"SHELL SELECT, 509, SERANGOON ROAD, SHELL PETROL SERVICE, SINGAPORE(218152)"
AKILAM FOODS PTE. LTD.,17/04/2026 - 16/04/2027,"KPM PROVISIONS, 23, FERNVALE CLOSE, #01-09, RIVERTREES RESIDENCES, SINGAPORE(797461)"
THANJAI TRADING SERVICES PTE. LTD.,17/04/2026 - 16/04/2027,"THANJAI TRADING SERVICES PTE. LTD. (MINIMART), 21, CHAI CHEE ROAD, #01-432, PING-AN GARDENS (RIGHT SIDE OF THE UNIT), SINGAPORE(461021)"
EASAN TRADING PTE. LTD.,17/04/2026 - 16/04/2027,"EASAN MINI MART, 23, SIN MING ROAD, #01-29, SIN MING VILLE (RIGHT SIDE OF THE UNIT), SINGAPORE(570023)"
SHAKTHI IMPORT & EXPORT PTE. LTD.,19/04/2026 - 18/04/2027,"SHAKTHI IMPORT & EXPORT PTE. LTD., 625, ELIAS ROAD, #01-324, ELIAS MALL (ENTRANCE FACING MAIN ROAD), SINGAPORE(510625)"
NTUC FAIRPRICE CO-OPERATIVE LTD,24/04/2026 - 23/04/2027,"FAIRPRICE FINEST, 604, SEMBAWANG ROAD, #B1-25, SEMBAWANG SHOPPING CENTRE, SINGAPORE(758459)"
YESSENIA MANAGEMENT SERVICES,24/04/2026 - 23/04/2027,"SHELL SELECT , 595, SEMBAWANG ROAD, SHELL PETROL SERVICES, SINGAPORE(758454)"
JR LEGACY PTE. LTD.,26/04/2026 - 25/04/2027,"JIA REN FAMILY MART, 46, SIMS PLACE, #01-193, SIMS VISTA, SINGAPORE(380046)"
KAAMINI HOUSEHOLD TRADING PTE. LTD.,28/04/2026 - 27/04/2027,"KAAMINI HOUSEHOLD TRADING PTE LTD, 653A, PUNGGOL DRIVE, #01-03, WATERWAY SUNRISE II, SINGAPORE(821653)"
MATHI MINIMART PTE. LTD.,30/04/2026 - 29/04/2027,"MATHI MINIMART, 249, JURONG EAST STREET 24, #01-84, SINGAPORE(600249)"
G2 TRADERS PTE. LTD.,05/05/2026 - 04/05/2027,"G2 TRADERS, 43, TECH PARK CRESCENT, #01-01, SINGAPORE(637811)"
HAPPY SUPER MART PTE. LTD.,07/05/2026 - 06/05/2027,"HAPPY SUPER MART PTE LTD , 2, PENJURU PLACE, #01-01, 2.8 PENJURU TECH HUB, SINGAPORE(608783)"
VIVA CORPORATE SERVICES PTE. LTD.,07/05/2026 - 06/05/2027,"VIVA MART, 21A, TANAH MERAH COAST ROAD, COASTAL DORMITORY F (LVL 1 MINIMART), SINGAPORE(498712)"
VIVA CORPORATE SERVICES PTE. LTD.,07/05/2026 - 06/05/2027,"VIVA MART, 17A, TANAH MERAH COAST ROAD, COASTAL DORMITORY D (LVL 1 MINIMART), SINGAPORE(498710)"
VIVA CORPORATE SERVICES PTE. LTD.,07/05/2026 - 06/05/2027,"VIVA MART, 11A, TANAH MERAH COAST ROAD, COASTAL DORMITORY A (LVL 1 MINIMART), SINGAPORE(498718)"
GOMARTGO TRADING,08/05/2026 - 07/05/2027,"GOMARTGO TRADING, 7, JALAN BATU, #01-101, DI TANJONG RHU, SINGAPORE(431007)"
HENG ENG BOON SUPERMARTS PTE. LTD.,09/05/2026 - 08/05/2027,"HENG ENG BOON SUPERMARTS PTE LTD, 71, KALLANG BAHRU, #01-531G, SINGAPORE(330071)"
206 MANAGEMENT FOOD COURT PTE. LTD.,10/05/2026 - 09/05/2027,"KIMLY, 206, TOA PAYOH NORTH, #01-1197, AI ZI LEARNING CENTRE, (DRINK STALL 8), SINGAPORE(310206)"
GRANDEUR MANAGEMENT SERVICES,13/05/2026 - 12/05/2027,"SHELL SELECT, 103, MOULMEIN ROAD, SHELL PETROL SERVICE, SINGAPORE(308080)"
CHOH DEE (S204) FOOD HOUSE PTE. LTD.,13/05/2026 - 12/05/2027,"KIMLY, 204, SERANGOON CENTRAL, #01-104, (DRINK STALL 2), SINGAPORE(550204)"
HUAYI COFFEE HOUSE PTE. LTD.,13/05/2026 - 12/05/2027,"HAOSHIJIAN FOOD COURT, 9, TAGORE LANE, #01-02, 9 @ TAGORE (STALL MR3), SINGAPORE(787472)"
VIVA CORP SERVICES PTE. LTD.,14/05/2026 - 13/05/2027,"VIVA MART, 13A, TANAH MERAH COAST ROAD, COASTAL DORMITORY B (LVL 1 MINIMART), SINGAPORE(498708)"
DR MART PTE. LTD.,14/05/2026 - 13/05/2027,"OG MART, 118, ALJUNIED AVENUE 2, #01-118, LEFT SIDE OF THE UNIT, SINGAPORE(380118)"
MAY(OHN)AH ENTERPRISES PTE. LTD.,15/05/2026 - 14/05/2027,"MAY(OHN)AH ENTERPRISES, 99, JOO CHIAT ROAD, #01-01, SINGAPORE(427393)"
SEYON TRADERS PTE. LTD.,15/05/2026 - 14/05/2027,"SEYON TRADERS PTE. LTD., 681, HOUGANG AVENUE 8, #01-863, SINGAPORE(530681)"
SRI ANNAI MINIMART PTE. LTD.,16/05/2026 - 15/05/2027,"SRI ANNAI MINI MART, 15, TUAS VIEW LOOP, #01-02, SINGAPORE(637681)"
MAMA DIAM (TAMPINES) PTE. LTD.,19/05/2026 - 18/05/2027,"M FAMILY MART, 481, TAMPINES STREET 44, #01-269, RIGHT SIDE OF THE UNIT, SINGAPORE(520481)"
ORANGE MART (AMK) PTE. LTD.,19/05/2026 - 18/05/2027,"M FAMILY MART, 526, ANG MO KIO AVENUE 10, #01-2413, CHENG SAN CENTRE, SINGAPORE(560526)"
YEO EXPRESS PTE. LTD.,20/05/2026 - 19/05/2027,"YEO EXPRESS, 764, CHOA CHU KANG NORTH 5, #01-275, SINGAPORE(680764)"
SHWE TAUNG MINI MART PTE. LTD.,20/05/2026 - 19/05/2027,"SHWE TAUNG MINIMART, 698, HOUGANG STREET 61, #01-12, HOUGANG SPRING (RIGHT SIDE OF THE UNIT), SINGAPORE(530698)"
EZ HOME PRODUCTS PTE. LTD.,21/05/2026 - 20/05/2027,"VALU$, 221, BOON LAY PLACE, #01-234, BOON LAY SHOPPING CENTRE, SINGAPORE(640221)"
J.B.I. TRADING,21/05/2026 - 20/05/2027,"J.B.I. TRADING CONVENIENCE STORE, 71, PASIR RIS DRIVE 3, #01-03, PASIR RIS INTEGRATED TRANSPORT HUB, SINGAPORE(519872)"
9X PTE. LTD.,21/05/2026 - 20/05/2027,"BUKIT BATOK FOOD VILLAGE, 2, BUKIT BATOK STREET 24, #09-18, SKYTECH, (DRINKS STALL 11), SINGAPORE(659480)"
FAIR FRESH PTE. LTD.,21/05/2026 - 20/05/2027,"FAIR FRESH PTE LTD, 8, SLIM BARRACKS RISE, #01-06, ONE-NORTH EDEN, SINGAPORE(138492)"
DIABLO MART PTE. LTD.,21/05/2026 - 20/05/2027,"DIABLO MART, 21A, MERANTI AVENUE, #01-08, TSANDERCO DORMITORY, SINGAPORE(627449)"
CHERRYHEART NATURAL,21/05/2026 - 20/05/2027,"CHERRYHEART NATURAL, 1, WEST COAST DRIVE, #01-K15, NEWEST, SINGAPORE(128020)"
AMIBA F&B PTE. LTD.,22/05/2026 - 21/05/2027,"CHANG CHENG MEE WAH, 166, WOODLANDS STREET 13, #01-553, (DRINK STALL 1), SINGAPORE(730166)"
AZT MYANMAR FOOD,26/05/2026 - 25/05/2027,"AZT MYANMAR COFFEE & DRINKS, 1, WOODLANDS INDUSTRIAL PARK E2, #01-01, NORDIX (DRINK STALL), SINGAPORE(757447)"
SKT MART PTE. LTD.,27/05/2026 - 26/05/2027,"SKT MART PTE. LTD, 603, CLEMENTI WEST STREET 1, #01-39, SINGAPORE(120603)"
THANJAI CAFE & BAR PTE. LTD.,27/05/2026 - 26/05/2027,"THANJAI CAFE, 15, TECH PARK CRESCENT, #01-05, TUAS TECHPARK (CANTEEN), SINGAPORE(638117)"
HAO MART PTE. LTD.,28/05/2026 - 27/05/2027,"HAO MART, 69, BEDOK SOUTH AVENUE 3, #01-484, SIGLAP LUCKY VALLEY, SINGAPORE(460069)"
PRIME SUPERMARKET (1996) PTE LTD,28/05/2026 - 27/05/2027,"PRIME SUPERMARKET, 18, LORONG 7 TOA PAYOH, #01-232, KIM KEAT PALM, SINGAPORE(310018)"
VERSATILE TRADERS PTE. LTD.,30/05/2026 - 29/05/2027,"VERSATILE TRADERS, 30, TUAS BAY DRIVE, #02-01, 30 TUAS BAY DRIVE DORMITORY, SINGAPORE(637548)"
EML F&B PTE. LTD.,03/06/2026 - 02/06/2027,"TIMMAC, 30, KRANJI LOOP, #02-18, TIMMAC @ KRANJI (DRINK STALL 1), SINGAPORE(739570)"
PRIME SUPERMARKET (1996) PTE LTD,03/06/2026 - 02/06/2027,"PRIME SUPERMARKET, 954C, TAMPINES STREET 96, #01-08, TAMPINES GREENGEM, SINGAPORE(523954)"
COFFEE BEYOND PTE. LTD.,03/06/2026 - 02/06/2027,"COFFEE BEYOND, 566, SERANGOON ROAD, (DRINK STALL 4), SINGAPORE(218181)"
43 FOODPARK PTE. LTD.,04/06/2026 - 03/06/2027,"FOODPARK, 43, CAMBRIDGE ROAD, #01-09, (DRINK STALL 7), SINGAPORE(210043)"
HONG & FRIENDS COMPANY,04/06/2026 - 03/06/2027,"HONG & FRIENDS COMPANY, 50, OLD TOH TUCK ROAD, CNERGY CNG STATION, SINGAPORE(597657)"
GRAND HYATT SINGAPORE,10/06/2026 - 09/06/2027,"OASIS (BAR), 10, SCOTTS ROAD, GRAND HYATT SINGAPORE (LEVEL 1, TERRACE WING), SINGAPORE(228211)"
C & BUY PTE. LTD.,10/06/2026 - 09/06/2027,"MY MAMAK SHOP, 218, BEDOK NORTH STREET 1, #01-33, BEDOK TOWN CENTRE, SINGAPORE(460218)"
SHENG SIONG SUPERMARKET PTE LTD,11/06/2026 - 10/06/2027,"SHENG SIONG, 11, TANJONG KATONG ROAD, #B1-36, KINEX, SINGAPORE(437157)"
ZASHAH (PTE.),11/06/2026 - 10/06/2027,"ZS MINIMART , 544, JURONG WEST STREET 42, #01-107, (LEFT SIDE OF THE UNIT), SINGAPORE(640544)"
CHUN TAT KEE FOOD HOLDINGS PTE. LTD.,11/06/2026 - 10/06/2027,"CHUN TAT KEE, 306A, WOODLANDS STREET 31, #01-05, (DRINKS STALL NO. 1), SINGAPORE(731306)"
SHENG SIONG SUPERMARKET PTE LTD,17/06/2026 - 16/06/2027,"SHENG SIONG, 240, TENGAH GARDEN WALK, #01-02, GARDEN VINES @ TENGAH, SINGAPORE(690240)"
27 FLORA FOOD PTE. LTD.,17/06/2026 - 16/06/2027,"YONG LI COFFEE STATION, 240, TENGAH GARDEN WALK, #01-01, GARDEN VINES @ TENGAH (MR1 DRINK STALL), SINGAPORE(690240)"
GOLDENBRIGHT FAMILY,19/06/2026 - 18/06/2027,"EASTERN DELICACY COFFEE SHOP, 11, KAKI BUKIT ROAD 4, BARTLEY BIZ CENTRE (DRINKS STALL NO. 7), SINGAPORE(417806)"
LEO'S MART & TRADING PTE. LTD.,19/06/2026 - 18/06/2027,"LEO'S MINIMART, 126, KIM TIAN ROAD, #01-07, KIM TIAN GREEN, SINGAPORE(160126)"
CONVENIENCE PLUS (I) PTE. LTD.,20/06/2026 - 19/06/2027,"CONVENIENCE PLUS I, 133, JALAN BUKIT MERAH, #01-1530, SINGAPORE(160133)"
LAGARDERE TRAVEL RETAIL SINGAPORE PTE. LTD.,24/06/2026 - 23/06/2027,"SINGAPORE DUTY FREE , 50, TANAH MERAH FERRY ROAD, #01-06, TANAH MERAH FERRY TERMINAL (DEPARTURE HALL), SINGAPORE(498833)"
WANGWANG I PTE. LTD.,24/06/2026 - 23/06/2027,"WANG WANG MINIMART, 324, BUKIT BATOK STREET 33, #01-37, SINGAPORE(650324)"
LAGARDERE TRAVEL RETAIL SINGAPORE PTE. LTD.,25/06/2026 - 24/06/2027,"SINGAPORE DUTY FREE , 1, MARITIME SQUARE, #01-17, SINGAPORE CRUISE CENTRE (DEPARTURE HALL), SINGAPORE(099253)"
ACE DYNAMIC HOLDINGS PTE. LTD.,26/06/2026 - 25/06/2027,"ACE SIGNATURE, 542B, SERANGOON NORTH AVENUE 3, #02-01, SINGAPORE(552542)"
7-ELEVEN,26/06/2026 - 25/06/2027,"7-ELEVEN, 8, LIANG SEAH STREET, #01-03, SINGAPORE(189029)"
YEO EXPRESS PTE. LTD.,26/06/2026 - 25/06/2027,"YEO EXPRESS, 443C, FAJAR ROAD, #01-70, FAJAR HILLS, SINGAPORE(673443)"
GUO CHANG FOOD PTE. LTD.,26/06/2026 - 25/06/2027,"MANDAI COFFEE SHOP, 262, JURONG EAST STREET 24, #01-485, (DRINKS STALL NO. 1), SINGAPORE(600262)"
GLOBAL361 PTE. LTD.,26/06/2026 - 25/06/2027,"MAYA SUPER MART, 802, UPPER SERANGOON ROAD, SINGAPORE(534672)"
JIU LI FOOD PTE. LTD.,26/06/2026 - 25/06/2027,"JIU LI FOOD, 1, UBI VIEW, #01-22, FOCUS ONE (DRINKS STALL 7), SINGAPORE(408555)"
1036 FUSION PTE. LTD.,26/06/2026 - 25/06/2027,"1036 FUSION, 11, THE OVAL, THE OVAL @ SAP, SINGAPORE(797869)"
TRICHY MART PTE. LIMITED,26/06/2026 - 25/06/2027,"TRICHY MART PTE LTD, 36, CIRCUIT ROAD, #01-428, (LEFT SIDE OF THE UNIT), SINGAPORE(370036)"
KJM EATING HOUSE PTE. LTD.,27/06/2026 - 26/06/2027,"KJM , 19, TOH GUAN ROAD EAST, #01-72, TOH GUAN DORMITORY (DRINK STALL NO.2), SINGAPORE(608568)"
9 VAULT PTE. LTD.,27/06/2026 - 26/06/2027,"XINGSHENGLI, 68, KAKI BUKIT AVENUE 6, #01-01, ARK@KB (DRINKS STALL NO. 6), SINGAPORE(417896)"
RAJAMANI TRADERS PTE. LTD.,02/07/2026 - 01/07/2027,"RAJAMANI STORES, 354, CLEMENTI AVENUE 2, #01-171, CLEMENTI AVENUE 2 SHOPPING CENTRE, SINGAPORE(120354)"
G & G (GAMBAS) FOOD HOLDINGS PTE. LTD.,03/07/2026 - 02/07/2027,"7-STARS, 50, GAMBAS CRESCENT, #01-01, PROXIMA@GAMBAS (DRINKS STALL NO.1), SINGAPORE(757022)"
UNCLE YAP'S ENTERPRISE 3 PTE. LTD.,04/07/2026 - 03/07/2027,"UNCLE YAP'S ONE-STOP MINIMART , 5, UPPER BOON KENG ROAD, #01-13, KALLANG HEIGHTS, SINGAPORE(380005)"
FRESHPICK MART @371 PTE. LTD.,04/07/2026 - 03/07/2027,"FRESHPICK MART, 371, BUKIT BATOK STREET 31, #01-324, SINGAPORE(650371)"
ATLAS GLOBE SERVICES PTE. LTD.,04/07/2026 - 03/07/2027,"ATLAS GLOBE SERVICES PTE LTD, 244, GEYLANG ROAD, GEYLANG CONSERVATION AREA, SINGAPORE(389303)"
SVS TRADING & LOGISTICS PTE. LTD.,05/07/2026 - 04/07/2027,"SVS TRADING & LOGISTICS PTE LTD, 11, TUAS SOUTH LINK 1, #01-15, SHINE@TUAS SOUTH, SINGAPORE(636901)"
FOOD F&B 119 PTE. LTD.,07/07/2026 - 06/07/2027,"HENG NANYANG, 119, BUKIT MERAH LANE 1, #01-40, (DRINKS STALL MR01), SINGAPORE(151119)"
MANOR 33 PTE. LTD.,07/07/2026 - 06/07/2027,"MANOR 33, 38, NORTH CANAL ROAD, #01-01, SINGAPORE(059294)"
BLACK SHEEP MART PTE. LTD.,07/07/2026 - 06/07/2027,"BLACK SHEEP MART , 308, CLEMENTI AVENUE 4, #01-347, CLEMENTI MEADOWS, SINGAPORE(120308)"
VINAYAGA'S FAIR PRICE PTE. LTD.,08/07/2026 - 07/07/2027,"WATERFRONT MINIMART, 732, BEDOK RESERVOIR ROAD, #B1-11, WATERFRONT ISLE, SINGAPORE(479262)"
JS MART PTE. LTD.,08/07/2026 - 07/07/2027,"JS MART PTE. LTD., 635, GEYLANG ROAD, GEYLANG CONSERVATION AREA, SINGAPORE(389567)"
YONG KANG RESTAURANT,08/07/2026 - 07/07/2027,"YONG KANG, 4, DEFU LANE 10, DEFU INDUSTRIAL ESTATE (DRINKS STALL 12), SINGAPORE(539185)"
FOOD PALATE PTE. LTD.,08/07/2026 - 07/07/2027,"FOOD PALATE, 1, NORTH COAST AVENUE, #01-05, 1 NORTH COAST (DRINK STALL NO. 1), SINGAPORE(737663)"
BALU SUPER MARKET PTE. LTD.,09/07/2026 - 08/07/2027,"BALU SUPERMARKET, 19, TOH GUAN ROAD EAST, #01-65, TOH GUAN DORMITORY, SINGAPORE(608568)"
HONG YUN FOOD PTE. LTD.,09/07/2026 - 08/07/2027,"HONG YUN FOOD , 73, SCIENCE PARK DRIVE, #B1-01, CINTECH I (DRINKS STALL), SINGAPORE(118254)"
SHENG SIONG SUPERMARKET PTE LTD,11/07/2026 - 10/07/2027,"SHENG SIONG, 218, SUMANG WALK, #01-01, MATILDA PORTICO, SINGAPORE(820218)"
HILLTOP HANGOUT PTE. LTD.,11/07/2025 - 10/07/2026,"HILLTOP HANGOUT, 31, HILLVIEW TERRACE, (DRINK STALL NO. 4), SINGAPORE(669249)"
SRI BALA THENDAYUTHAPANI TRADING PTE. LTD.,11/07/2025 - 10/07/2026,"VVN BEVERAGES, 103, TUAS VIEW WALK 1, WESTLINK TECHPARK (DRINK STALL NO. 1), SINGAPORE(637728)"
VIVA CORP SERVICES PTE. LTD.,12/07/2026 - 11/07/2027,"VIVA MART, 19A, TANAH MERAH COAST ROAD, COASTAL DORMITORY E (LVL 1 MINIMART), SINGAPORE(498711)"
BESTPRICE PTE. LTD.,12/07/2026 - 11/07/2027,"BPL COFFEE SHOP, 13, TUAS AVENUE 10, (DRINKS STALL NO. 1), SINGAPORE(639137)"
7-ELEVEN,12/07/2026 - 11/07/2027,"7-ELEVEN, 400, UPPER SERANGOON ROAD, #B1-03, WOODLEIGH NEL MRT STATION, SINGAPORE(347695)"
INDIAN SUPERMARKET PTE. LTD.,12/07/2026 - 11/07/2027,"MILTONIA SUPERMARKET, 37, MILTONIA CLOSE, #01-33, SKIES MILTONIA, SINGAPORE(768066)"
THREE MUSKETEERS LIQUOR DELIVERY PTE. LTD.,12/07/2026 - 11/07/2027,"GRAB A BOTTLE BY THREE MUSKETEERS LIQUOR, 8, CLUB STREET, #B2-30, MERCURE ICON SINGAPORE CITY CENTRE, SINGAPORE(069472)"
SRI BHAVANI PTE. LTD.,14/07/2026 - 13/07/2027,"SRI BHAVANI PTE. LTD. MINIMART, 338, JURONG EAST AVENUE 1, #01-1644, (RIGHT SIDE OF THE UNIT), SINGAPORE(600338)"
FOOD POINT TOK PTE. LTD.,14/07/2026 - 13/07/2027,"UBI EATING HOUSE, 325, UBI AVENUE 1, #01-707, KAMPUNG UBI ESTATE (DRINK STALL 3), SINGAPORE(400325)"
KNK TRADERS PTE. LTD.,14/07/2026 - 13/07/2027,"KNK TRADERS PTE LTD, 486, CHANGI ROAD, SINGAPORE(419897)"
SRI KRISHNA FOODS PTE. LTD.,15/07/2026 - 14/07/2027,"SRI KRISHNA, 603A, SENJA ROAD, #01-01, MULTI STOREY CAR PARK, SINGAPORE(671603)"
GOLDEN 8 BILLIARD CLUB PTE. LTD.,15/07/2026 - 14/07/2027,"GOLDEN 8 BILLIARD CLUB, 279, BALESTIER ROAD, #02-20, BALESTIER POINT, SINGAPORE(329727)"
VEE MART PTE. LTD.,15/07/2026 - 14/07/2027,"VEEMART@LITTLE INDIA, 35, CAMPBELL LANE, #01-01, (MINIMART), SINGAPORE(209907)"
WAN JIA F&B PTE. LTD.,15/07/2026 - 14/07/2027,"WAN JIA, 526, JURONG WEST STREET 52, #01-329, (DRINK STALL NO. 2), SINGAPORE(640526)"
OG MART PTE. LTD.,17/07/2026 - 16/07/2027,"OG MART, 107, LORONG 1 TOA PAYOH, #01-258, TOA PAYOH NORTH (LEFT SIDE OF THE UNIT), SINGAPORE(310107)"
XIN YI DAI SHI GE PTE. LTD.,18/07/2026 - 17/07/2027,"XIN YI DAI SHI GE, 395A, BUKIT BATOK WEST AVENUE 5, #03-01, MULTI STOREY CAR PARK (DRINK STALL NO. 4), SINGAPORE(651395)"
WADULA (SINGAPORE) PTE. LTD.,19/07/2025 - 18/07/2026,"NEIGHBOUR'S MART, 608, ANG MO KIO AVENUE 5, #01-2779, YIO CHU KANG GREEN, SINGAPORE(560608)"
SHENG SIONG SUPERMARKET PTE LTD,19/07/2026 - 18/07/2027,"SHENG SIONG, 622D, PUNGGOL CENTRAL, #01-06, PUNGGOL SPECTRA, SINGAPORE(824622)"
VERSATILE TRADERS PTE. LTD.,19/07/2026 - 18/07/2027,"VERSATILE TRADERS, 3, SAKRA ROAD, #01-02, OASIS @ SAKRA, SINGAPORE(627878)"
SM TRADING SERVICES PTE. LTD.,21/07/2026 - 20/07/2027,"SM MART, 30, EUNOS CRESCENT, #01-02, EUNOS MRT STATION ON EAST-WEST LINE, SINGAPORE(409423)"
HK TRADERS PTE. LTD.,21/07/2026 - 20/07/2027,"HK MART, 6, CLEMENTI ROAD, #01-06, JK VILLAGE, SINGAPORE(129741)"
SAKIZ TRADING PTE. LTD.,23/07/2025 - 22/07/2026,"SAKIâ€™Z TRADING, 671, EDGEFIELD PLAINS, #02-04, WATERWAY BANKS, SINGAPORE(820671)"
GURU'S MARKETING PTE. LTD.,23/07/2026 - 22/07/2027,"GURU'S, 442, JURONG WEST AVENUE 1, #01-744, SINGAPORE(640442)"
AMIBA F&B PTE. LTD.,24/07/2026 - 23/07/2027,"AMIBA PARADISE, 954D, TAMPINES STREET 96, #01-09, TAMPINES GREENGEM (DRINKS STALL NO. 1), SINGAPORE(524954)"
CHEERS HOLDINGS (2004) PTE. LTD.,25/07/2026 - 24/07/2027,"CHEERS, 88, PUNGGOL WAY, #01-133, PUNGGOL COAST MALL, SINGAPORE(829913)"
SHREE MAHA TRADERS PTE. LTD.,25/07/2026 - 24/07/2027,"SHREE MAHA TRADERS PTE. LTD., 271, BEDOK SOUTH AVENUE 3, #01-06, ECO, SINGAPORE(465489)"
ROYAL WIN CONSTRUCTION & TRADING PTE. LTD.,28/07/2026 - 27/07/2027,"MEI EI MINIMART, 3, COLEMAN STREET, #01-21, PENINSULA SHOPPING COMPLEX, SINGAPORE(179804)"
KRISH IMPEX PTE. LTD.,29/07/2026 - 28/07/2027,"KRISH MINIMART, 122, BEDOK NORTH STREET 2, #01-114, SINGAPORE(460122)"
NICE MINIMART PTE. LTD.,29/07/2026 - 28/07/2027,"NICE MINIMART PTE LTD, 125, GEYLANG EAST AVENUE 1, #01-K1, GEYLANG EAST GROVE, SINGAPORE(381125)"
YONG YUN PTE. LTD.,29/07/2026 - 28/07/2027,"KIMLY, 727, CLEMENTI WEST STREET 2, #01-294, (DRINKS STALL NO. 8), SINGAPORE(120727)"
NICE MINIMART PTE. LTD.,29/07/2026 - 28/07/2027,"NICE MINIMART PTE. LTD., 54, PIPIT ROAD, #01-K1, SINGAPORE(370054)"
NICE MINIMART PTE. LTD.,29/07/2026 - 28/07/2027,"NICE MINIMART PTE. LTD., 426, BEDOK NORTH ROAD, #01-507, GARDEN HILL, SINGAPORE(460426)"
NICE MINIMART PTE. LTD.,29/07/2026 - 28/07/2027,"NICE MINIMART PTE LTD, 240, HOUGANG STREET 22, #01-K1, HOUGANG HEIGHTS, SINGAPORE(530240)"
NIDIN MART PTE. LTD.,30/07/2026 - 29/07/2027,"CHEAP AND BEST COLLECTIONS, 59, NEW UPPER CHANGI ROAD, #01-1218, SINGAPORE(461059)"
NEPTUNE (AMK) PTE. LTD.,31/07/2026 - 30/07/2027,"NEPTUNE, 539, BEDOK NORTH STREET 3, #01-625, SINGAPORE(460539)"
AK SUPERMARKET PTE. LTD.,31/07/2025 - 30/07/2026,"AK SUPERMARKET , 23, HAZEL PARK TERRACE, #01-02, HAZEL PARK CONDOMINIUM, SINGAPORE(678947)"
TCV PTE. LTD.,01/08/2026 - 31/07/2027,"THE GUILD SHOP, 252, JURONG EAST STREET 24, #01-111, YUHUA VILLAGE (LEFT SIDE OF UNIT), SINGAPORE(600252)"
ATELIER BY THE BAY PTE. LTD.,01/08/2026 - 31/07/2027,"ATELIER, 1, NETHERAVON ROAD, #08-02, VILLAGE HOTEL CHANGI, SINGAPORE(508502)"
AMOKA TRADING PTE. LTD.,01/08/2025 - 31/07/2026,"SRI KANDHAN STORE, 17, JALAN TERUSAN, (TOLQ CONSTRUCTION SITE DORMITORY), SINGAPORE(619295)"
OPUS VERTICALS PTE. LTD.,01/08/2025 - 31/07/2026,"CANTEEN BY OOSTERBAY, 39A, JALAN PEMIMPIN, #07-01, HALCYON BUILDING, SINGAPORE(577183)"
SMARKET PTE. LTD.,01/08/2025 - 31/07/2026,"SMARKET, 77, TELOK BLANGAH DRIVE, #01-228, SINGAPORE(100077)"
RARE & REFINE PRIVATE LIMITED,01/08/2026 - 31/07/2027,"THE WHISKY MANSION, 3, CANTON STREET, #02-01, BOAT QUAY CONSERVATION AREA, SINGAPORE(049745)"
RONALDO'S SERVICES & TRADING,02/08/2026 - 01/08/2027,"SHELL SELECT, 9, TAMPINES AVENUE 2, SHELL PETROL SERVICE, SINGAPORE(529731)"
KAUNG ZWEL TRADING,05/08/2025 - 04/08/2026,"KAUNG ZWEL TRADING, 111, NORTH BRIDGE ROAD, #01-01, PENINSULA PLAZA, SINGAPORE(179098)"
ZHONG GUO XIANG BAO,06/08/2025 - 05/08/2026,"K M, 140, JALAN BUKIT MERAH, #01-1156, SINGAPORE(160140)"
N.D'S ENTERPRISE,07/08/2025 - 06/08/2026,"SHELL SELECT, 143, BUKIT TIMAH ROAD, SHELL PETROL SERVICE , SINGAPORE(229843)"
N.D'S ENTERPRISE,07/08/2025 - 06/08/2026,"SHELL SELECT, 150, BUKIT TIMAH ROAD, SHELL PETROL SERVICE , SINGAPORE(229846)"
SHENG SIONG SUPERMARKET PTE LTD,07/08/2025 - 06/08/2026,"SHENG SIONG, 658, PUNGGOL EAST, #01-01, WATERWAY SUNRAY, SINGAPORE(820658)"
"CAPELLA HOTEL, SINGAPORE",07/08/2025 - 06/08/2026,"THE PINEAPPLE ROOM, 1, THE KNOLLS, CAPELLA HOTEL, SINGAPORE (LEVEL 4) , SINGAPORE(098297)"
NTUC FAIRPRICE CO-OPERATIVE LTD,07/08/2025 - 06/08/2026,"FAIRPRICE, 631, BEDOK RESERVOIR ROAD, #01-954, EUNOS GROVE, SINGAPORE(470631)"
VPK GROUPS PTE. LTD.,08/08/2026 - 07/08/2027,"GMART, 141, JALAN BUKIT MERAH, #01-1160, SINGAPORE(160141)"
LAKSHMI GANESHA,09/08/2026 - 08/08/2027,"GSM SUPERMART, 253, JURONG EAST STREET 24, #01-233, YUHUA VILLAGE, SINGAPORE(600253)"
G & G (25) PTE. LTD.,09/08/2026 - 08/08/2027,"7 STARS, 25, GHIM MOH LINK, #01-01, GHIM MOH VALLEY (DRINKS STALL NO. 8), SINGAPORE(270025)"
G & G (151) FOOD HOLDINGS PTE. LTD.,09/08/2026 - 08/08/2027,"7 STARS, 151, ANG MO KIO AVENUE 5, #01-3030, YIO CHU KANG GROVE (DRINKS STALL NO. 7), SINGAPORE(560151)"
SHAJID BIG BAZAAR PTE. LTD.,11/08/2026 - 10/08/2027,"SHAJID BIG BAZAR, 17B, LORONG 8 GEYLANG, SINGAPORE(399086)"
OM MURUGA TRADERS PTE. LTD.,11/08/2025 - 10/08/2026,"OM MURUGA TRADERS, 276, JURONG WEST STREET 25, #01-04, (RIGHT SIDE OF THE UNIT), SINGAPORE(640276)"
MK SUPERMARKET,11/08/2025 - 10/08/2026,"MK SUPERMARKET, 194, KIM KEAT AVENUE, #01-410, KIM KEAT VIEW (RIGHT SIDE OF THE UNIT), SINGAPORE(310194)"
KABAR KYAW TRADING,12/08/2026 - 11/08/2027,"KABAR KYAW TRADING-YISHUN BRANCH, 262, YISHUN STREET 22, #01-K1, SINGAPORE(760262)"
ANNACHI TRADING PRIVATE LTD.,12/08/2026 - 11/08/2027,"ANNACHI TRADING MINIMART, 18, MARSILING LANE, #01-261, (LEFT SIDE OF THE UNIT), SINGAPORE(730018)"
INDIAN SUPERMARKET PTE. LTD.,14/08/2025 - 13/08/2026,"INDIAN SUPERMARKET , 418, YISHUN AVENUE 11, #01-389, (LEFT SIDE OF THE UNIT), SINGAPORE(760418)"
LAM VEGETABLES PTE. LTD.,14/08/2026 - 13/08/2027,"LAM GROCER, 210, HOUGANG STREET 21, #01-227, KOVAN CITY, SINGAPORE(530210)"
COLD STORAGE SINGAPORE (1983) PTE LTD,15/08/2025 - 14/08/2026,"GIANT NORTHSHORE, 407, NORTHSHORE DRIVE, #01-01, NORTHSHORE PLAZA I, SINGAPORE(820407)"
VICTRUS PTE. LTD.,15/08/2025 - 14/08/2026,"REAL FRESH, 11, MANDAI ESTATE, #01-17, ELDIX (DRINKS STALL), SINGAPORE(729908)"
YOUR PREFERRED SOLUTIONS PTE. LTD.,15/08/2025 - 14/08/2026,"CMART, 4, SIMS DRIVE, #01-68, SIMS URBAN OASIS , SINGAPORE(387387)"
11 N 11 INTERNATIONAL TRADING,15/08/2026 - 14/08/2027,"11 N 11 INTERNATIONAL TRADING, 413, BUKIT BATOK WEST AVENUE 4, #01-216, SINGAPORE(650413)"
NTUC FAIRPRICE CO-OPERATIVE LTD,15/08/2025 - 14/08/2026,"FAIRPRICE FINEST, 98, PUNGGOL WAY, #01-217, PUNGGOL COAST MALL, SINGAPORE(829857)"
SACHI MINIMART PTE. LTD.,15/08/2025 - 14/08/2026,"SACHI MEGAMART, 23, PENJURU WALK, #03-81, CASSIA @ PENJURU (DORMITORY) MINIMART, SINGAPORE(608537)"
CHEERS HOLDINGS (2004) PTE. LTD.,16/08/2025 - 15/08/2026,"CHEERS, 8, CLUB STREET, #01-10, MERCURE ICON SINGAPORE CITY CENTRE, SINGAPORE(069472)"
TIAN MA GROUP HOLDINGS PRIVATE LIMITED,18/08/2025 - 17/08/2026,"TIAN MA GROUP, 411, YISHUN RING ROAD, #01-1825, (LEFT SIDE OF THE UNIT), SINGAPORE(760411)"
TIAN MA GROUP HOLDINGS PRIVATE LIMITED,18/08/2025 - 17/08/2026,"TIAN MA GROUP, 135, JURONG GATEWAY ROAD, #01-333, J CONNECT (RIGHT SIDE OF THE UNIT), SINGAPORE(600135)"
TIAN MA GROUP HOLDINGS PRIVATE LIMITED,18/08/2025 - 17/08/2026,"TIAN MA GROUP, 221, BOON LAY PLACE, #01-210, BOON LAY SHOPPING CENTRE, SINGAPORE(640221)"
TIAN MA GROUP HOLDINGS PRIVATE LIMITED,18/08/2025 - 17/08/2026,"TIAN MA GROUP, 253, SERANGOON CENTRAL DRIVE, #01-233, SINGAPORE(550253)"
TIAN MA GROUP HOLDINGS PRIVATE LIMITED,18/08/2025 - 17/08/2026,"TIAN MA GROUP, 482, TAMPINES STREET 43, #01-240, SINGAPORE(520482)"
TIAN MA GROUP HOLDINGS PRIVATE LIMITED,18/08/2025 - 17/08/2026,"TIAN MA GROUP, 513, BISHAN STREET 13, #01-512, SINGAPORE(570513)"
GRANDUER ENTERPRISE PTE. LTD.,18/08/2025 - 17/08/2026,"GRANDUER ENTERPRISE PTE LTD, 1, ROCHOR CANAL ROAD, #06-56, SIM LIM SQUARE, SINGAPORE(188504)"
E-HOME ENTERPRISE PTE. LTD.,19/08/2026 - 18/08/2027,"E-HOME MINIMART, 666, TAMPINES STREET 64, #01-06, TAMPINES GREENCREST, SINGAPORE(520666)"
MOON MONALISA TRADING PTE. LTD.,19/08/2025 - 18/08/2026,"MOON MONALISA TRADING PTE LTD, 42, KINTA ROAD, SINGAPORE(219110)"
C U MINIMART PTE. LTD.,19/08/2026 - 18/08/2027,"C U MINIMART, 865, MOUNTBATTEN ROAD, #B1-18, KATONG SHOPPING CENTRE, SINGAPORE(437844)"
SRI NADI TRADERS PTE. LTD.,20/08/2025 - 19/08/2026,"SRI NADI TRADERS PTE LTD, 44, OWEN ROAD, #01-317, (LEFT SIDE OF THE UNIT), SINGAPORE(210044)"
ZENNGU PTE. LTD.,20/08/2026 - 19/08/2027,"LONG KING CANTEEN, 69R, TUAS SOUTH AVENUE 1, SEATOWN INDUSTRIAL CENTRE (DRINK STALL 10), SINGAPORE(639926)"
NICE MINIMART PTE. LTD.,22/08/2025 - 21/08/2026,"NICE MINIMART PTE LTD, 921, TAMPINES STREET 91, #01-K1, TAMPINES PALMSVILLE, SINGAPORE(520921)"
NICE MINIMART PTE. LTD.,22/08/2025 - 21/08/2026,"NICE MINIMART PTE LTD, 123, PAYA LEBAR WAY, #01-2909, SINGAPORE(381123)"
THE F-MART PTE. LTD.,23/08/2025 - 22/08/2026,"FMART, 96, TUAS SOUTH BOULEVARD, #01-37, SEATRIUM TUAS LODGE, SINGAPORE(637055)"
RESORTS WORLD AT SENTOSA PTE. LTD.,26/08/2025 - 25/08/2026,"HORATIO, 26, SENTOSA GATEWAY, #02-135, SHOWPLACE (RESORTS WORLD SENTOSA), SINGAPORE(098138)"
SHENG SIONG SUPERMARKET PTE LTD,26/08/2025 - 25/08/2026,"SHENG SIONG, 2, HANDY ROAD, #B1-05, THE CATHAY, SINGAPORE(229233)"
H MART PTE. LTD.,26/08/2026 - 25/08/2027,"H MART PTE LTD, 1A, VENTURE DRIVE, #01-08, JURONG TOWN HALL BUS INTERCHANGE, SINGAPORE(609770)"
CKS GROCERY PTE. LTD.,27/08/2025 - 26/08/2026,"EASTWOOD EATS AND ESSENTIALS, 20, EASTWOOD ROAD, #01-16, EASTWOOD CENTRE, SINGAPORE(486442)"
TASTYHOUSE PTE. LTD.,27/08/2025 - 26/08/2026,"WEIGENG PRIVATE DINING, 10B, ROCHESTER PARK, ROCHESTER PARK (LEVEL 2), SINGAPORE(139259)"
JAYASUBRA PTE. LTD.,28/08/2025 - 27/08/2026,"O V M SUPER STORE, 279, BALESTIER ROAD, #01-01, BALESTIER POINT, SINGAPORE(329727)"
AH SEAH TRADING,28/08/2025 - 27/08/2026,"ZI LIN MINIMART, 67, QUEEN STREET, BUGIS VILLAGE, SINGAPORE(188546)"
SUN SERVICES & TRADING PTE. LTD.,02/09/2025 - 01/09/2026,"SUN SERVICES & TRADING PTE LTD, 30, RACE COURSE ROAD, SINGAPORE(218551)"
3K ENTERPRISE PTE. LTD.,03/09/2025 - 02/09/2026,"G MART, 729, YISHUN STREET 71, #01-103, KHATIB SPRING, SINGAPORE(760729)"
SARAVANA TRADERS PTE. LTD.,04/09/2025 - 03/09/2026,"SARAVANA MINI MART, 215, ANG MO KIO AVENUE 1, #01-901, ANG MO KIO 22 (RIGHT SIDE OF THE UNIT), SINGAPORE(560215)"
SRI PANDI AYYA TRADING PTE. LTD.,04/09/2025 - 03/09/2026,"SRI PANDI AYYA TRADING PTE LTD, 96, GEYLANG BAHRU, #0- 3148, SINGAPORE(330096)"
GOH SENG MOY,05/09/2025 - 04/09/2026,"TURNING POINT, 86, MARKET STREET, #02-01, CAPITASPRING, SINGAPORE(048947)"
NOOR HAMARA,06/09/2025 - 05/09/2026,"NOOR HAMARA, 73, BEDOK SOUTH AVENUE 3, #01-466, SIGLAP LUCKY VALLEY, SINGAPORE(460073)"
HAPPY RED MART PTE. LTD.,06/09/2025 - 05/09/2026,"HAPPY RED MART, 465, CRAWFORD LANE, #01-08, SINGAPORE(190465)"
J R IMPORT & EXPORT (S) PTE. LTD.,07/09/2025 - 06/09/2026,"GROW UP MART, 320, CLEMENTI AVENUE 4, #01-33B, CLEMENTI MEADOWS, SINGAPORE(120320)"
BUDGET BASKET PTE. LTD.,07/09/2025 - 06/09/2026,"BUDGET BASKET GROCERY STORE, 262, SERANGOON CENTRAL DRIVE, #01-85, (RIGHT SIDE OF THE UNIT), SINGAPORE(550262)"
KTM 11 SUPERMARKET PTE. LTD.,10/09/2025 - 09/09/2026,"KTM 11 SUPERMARKET PTE LTD, 432A, BUKIT BATOK WEST AVENUE 8, #01-01, WEST SCAPE @ BUKIT BATOK, SINGAPORE(651432)"
SHENG SIONG SUPERMARKET PTE LTD,11/09/2025 - 10/09/2026,"SHENG SIONG, 266, COMPASSVALE BOW, #01-02, SINGAPORE(540266)"
VIVA CORPORATE SERVICES PTE. LTD.,16/09/2025 - 15/09/2026,"VIVA MART, 15A, TANAH MERAH COAST ROAD, COASTAL DORMITORY C (LVL 1 MINIMART), SINGAPORE(498709)"
TRIPLE N SUPERMART PTE. LTD.,16/09/2025 - 15/09/2026,"TRIPLE N SUPERMART PTE LTD, 7, KAKI BUKIT AVENUE 3, #01-16, KAKI BUKIT RECREATION CENTRE (BLOCK A), SINGAPORE(415814)"
TRIPLE N SUPERMART PTE. LTD.,16/09/2025 - 15/09/2026,"TRIPLE N SUPERMART PTE LTD, 23, KAKI BUKIT ROAD 6, #01-04, GREYFORM BUILDING, SINGAPORE(415805)"
GOLDEN YE TRADING,17/09/2025 - 16/09/2026,"GOLDEN YE TRADING, 424, BUKIT BATOK WEST AVENUE 2, #01-233, SINGAPORE(650424)"
AJMAL TRADING GROUP PTE. LTD.,24/09/2025 - 23/09/2026,"AJMAL, 212, PASIR RIS STREET 21, #01-226, SINGAPORE(510212)"
JILIN QIAN AN JUN ZI IMPORT & EXPORT PTE. LTD.,24/09/2025 - 23/09/2026,"CHINA MINIMART (ä¸­å›½è¶…å¸‚ï¼‰, 498, JURONG WEST STREET 41, #01-470, SINGAPORE(640498)"
SHENG SIONG SUPERMARKET PTE LTD,24/09/2025 - 23/09/2026,"SHENG SIONG, 221, MOUNT VERNON ROAD, #01-01, BARTLEY BEACON, SINGAPORE(360221)"
RKD CAFETERIA PTE. LTD.,25/09/2025 - 24/09/2026,"INA MINI MART, 902, TAMPINES AVENUE 4, #01-K1, (LEFT SIDE OF THE UNIT), SINGAPORE(520902)"
LEELICIOUS PTE. LTD.,25/09/2025 - 24/09/2026,"LEELICIOUS, 926, YISHUN CENTRAL 1, #01-189, SINGAPORE(760926)"
SRM TRADERS PTE. LTD.,25/09/2025 - 24/09/2026,"RR MINI MART, 5, SIN MING WALK, #01-43, THE GARDENS AT BISHAN, SINGAPORE(575576)"
CONVENIENCE PLUS 5 PTE. LTD.,25/09/2025 - 24/09/2026,"CONVENIENCE PLUS 5, 821, TAMPINES STREET 81, #01-220, SINGAPORE(520821)"
NRL TRADING,25/09/2025 - 24/09/2026,"NRL TRADING, 810, GEYLANG ROAD, #01-83, CITY PLAZA, SINGAPORE(409286)"
HOSEH GLOBAL PTE. LTD.,26/09/2025 - 25/09/2026,"VALU$, 138, TECK WHYE LANE, #01-343, SINGAPORE(680138)"
EXPRESS MINMART,26/09/2025 - 25/09/2026,"EXPRESS MINMART, 44, BENDEMEER ROAD, #01-1468, SINGAPORE(330044)"
PAPA BEANS CAFE LLP,29/09/2025 - 28/09/2026,"CHOW TIME, 1, BUROH CRESCENT, #01-10, COGENT 1.LOGISTICS HUB (DRINKS STALL 1), SINGAPORE(627545)"
YUNG SHENG BEVERAGE PTE. LTD.,01/10/2025 - 30/09/2026,"YUNG SHENG BEVERAGE PTE LTD, 2, TUKANG INNOVATION GROVE, #01-01, JTC MEDTECH HUB (DRINKS STALL 3), SINGAPORE(618305)"
VAIGAI MINIMART PTE. LTD.,01/10/2025 - 30/09/2026,"VAIGAI MINIMART, 1, JALAN BUKIT MERAH, #01-4536, BRICKWORKS ESTATE, SINGAPORE(150001)"
7-ELEVEN,02/10/2025 - 01/10/2026,"7-ELEVEN, 86, MARKET STREET, #01-06, CAPITASPRING, SINGAPORE(048947)"
SARA VEG MART PTE. LTD.,02/10/2025 - 01/10/2026,"SARA VEG MART PTE LTD, 48, TOH GUAN ROAD EAST, #01-103, ENTERPRISE HUB, SINGAPORE(608586)"
JUN HANG GOURMET PTE. LTD.,02/10/2025 - 01/10/2026,"JUN HANG GOURMET, 1, SUNVIEW ROAD, #01-48, THE ANCILLARY CANTEEN (STALL NO. 8), SINGAPORE(627615)"
LEE HE TRADING PTE. LTD.,02/10/2025 - 01/10/2026,"HAO XIAN SHENG, 129, GEYLANG EAST AVENUE 2, #01-104, GEYLANG EAST GROVE, SINGAPORE(380129)"
TIAN MA GROUP HOLDINGS PRIVATE LIMITED,03/10/2025 - 02/10/2026,"TIAN MA GROUP, 408, ANG MO KIO AVENUE 10, #01-797, TECK GHEE SQUARE, SINGAPORE(560408)"
TIAN MA GROUP HOLDINGS PRIVATE LIMITED,03/10/2025 - 02/10/2026,"TIAN MA GROUP, 260, BANGKIT ROAD, #01-25, BUKIT PANJANG NEIGHBOURHOOD CENTRE, SINGAPORE(670260)"
TIAN MA GROUP HOLDINGS PRIVATE LIMITED,03/10/2025 - 02/10/2026,"TIAN MA GROUP, 201D, TAMPINES STREET 21, #01-1145, SINGAPORE(524201)"
TIAN MA GROUP HOLDINGS PRIVATE LIMITED,03/10/2025 - 02/10/2026,"TIAN MA GROUP, 805, HOUGANG CENTRAL, #01-112, (LEFT SIDE OF THE UNIT), SINGAPORE(530805)"
TIAN MA GROUP HOLDINGS PRIVATE LIMITED,03/10/2025 - 02/10/2026,"TIAN MA GROUP, 827, TAMPINES STREET 81, #01-134, SINGAPORE(520827)"
TIAN MA GROUP HOLDINGS PRIVATE LIMITED,03/10/2025 - 02/10/2026,"TIAN MA GROUP, 4, BUKIT BATOK STREET 41, #01-65, LE QUEST, SINGAPORE(657991)"
TIAN MA GROUP HOLDINGS PRIVATE LIMITED,03/10/2025 - 02/10/2026,"TIAN MA GROUP, 11, RIVERVALE CRESCENT, #01-32, RIVERVALE MALL, SINGAPORE(545082)"
TIAN MA GROUP HOLDINGS PRIVATE LIMITED,03/10/2025 - 02/10/2026,"TIAN MA GROUP, 293, YISHUN STREET 22, #01-233, SINGAPORE(760293)"
ONG MOBILE,07/10/2025 - 06/10/2026,"ONG MOBILE, 142, TECK WHYE LANE, #01-275, (LEFT SIDE OF THE UNIT), SINGAPORE(680142)"
ST 82 C&B PTE. LTD.,07/10/2025 - 06/10/2026,"FOODHUB, 150, TOWNER ROAD, #01-01, TOWNER CREST (DRINK STALL 4), SINGAPORE(320150)"
HK496 C&B PTE. LTD.,08/10/2025 - 07/10/2026,"FOODHUB, 59, NEW UPPER CHANGI ROAD, #01-1248, (DRINKS STALL 1), SINGAPORE(461059)"
HK496 C&B PTE. LTD.,08/10/2025 - 07/10/2026,"MTF COFFEE HOUSE, 703, HOUGANG AVENUE 2, #01-201, (DRINKS STALL 2), SINGAPORE(530703)"
BURP FOODS PTE. LTD.,08/10/2025 - 07/10/2026,"BURP! VALUE MART, 1, ROCHOR CANAL ROAD, #01-22, SIM LIM SQUARE, SINGAPORE(188504)"
SB RESERVE PTE. LTD.,08/10/2025 - 07/10/2026,"SOUTH BRIDGE RESERVE, 42, SOUTH BRIDGE ROAD, #03-01, SINGAPORE(058676)"
7-ELEVEN,08/10/2025 - 07/10/2026,"7-ELEVEN, 10, SINARAN DRIVE, #01-06, SQUARE 2, SINGAPORE(307506)"
NTUC FAIRPRICE CO-OPERATIVE LTD,08/10/2025 - 07/10/2026,"FAIRPRICE, 150, TOWNER ROAD, #01-02, TOWNER CREST, SINGAPORE(320150)"
SRI KRISHNA FOODS PTE. LTD.,08/10/2025 - 07/10/2026,"SRI KRISHNA, 13, TUAS SOUTH STREET 5, #01-16, SINGAPORE(637555)"
LIONCITY BAIHUI SUPERMARKET PTE. LTD.,09/10/2025 - 08/10/2026,"LIONCITY BAIHUI MART, 347, GEYLANG ROAD, SINGAPORE(389368)"
MAUNG CHAN PTE. LTD.,10/10/2025 - 09/10/2026,"MAUNG CHAN PTE. LTD., 642, BUKIT BATOK CENTRAL, #01-64, SINGAPORE(650642)"
DSP EXPERIENCE PTE. LTD.,11/10/2025 - 10/10/2026,"RASA, 9, RAFFLES PLACE, #02-01, REPUBLIC PLAZA, SINGAPORE(048619)"
NISHANT STORE,13/10/2025 - 12/10/2026,"NISHANT STORE, 81, WHAMPOA DRIVE, #01-901, (RIGHT SIDE OF THE UNIT), SINGAPORE(320081)"
HG 21 KOPI PLACE PTE. LTD.,13/10/2025 - 12/10/2026,"DE TIAN , 21, HOUGANG STREET 51, #01-51, HOUGANG GREEN SHOPPING MALL (DRINKS STALL), SINGAPORE(538719)"
SONG SENG KIOSK,14/10/2025 - 13/10/2026,"SONG SENG KIOSK, 159, BEDOK SOUTH AVENUE 3, #01-K1, SIGLAP EAST, SINGAPORE(460159)"
KATHIRVELAA PTE. LTD.,16/10/2025 - 15/10/2026,"KATHIRVELAA'S, 221, BOON LAY PLACE, #01-244, BOON LAY SHOPPING CENTRE, SINGAPORE(640221)"
GRAMEEN ENTERPRISES PTE. LTD.,16/10/2025 - 15/10/2026,"GRAMEEN SUPERMART, 34, KIM KEAT ROAD, SINGAPORE(328811)"
PHAN88 INVESTMENTS PTE. LTD.,16/10/2025 - 15/10/2026,"PHAN88 MINIMART, 587, PASIR RIS DRIVE 3, #01-01, COSTA GROVE, SINGAPORE(510587)"
WELCOME 57 GEYLANG PTE. LTD.,17/10/2025 - 16/10/2026,"WELCOME SUPERMARKET, 57, GEYLANG BAHRU, #01-3513, GEYLANG BAHRU VILLE, SINGAPORE(330057)"
MY GRAB N GO SHOP PTE. LTD.,17/10/2025 - 16/10/2026,"MY GRAB N GO SHOP, 1, SENTUL WALK, #L1-315, PUNGGOL COAST BUS INTERCHANGE, SINGAPORE(829858)"
OHWELL PTE. LTD.,18/10/2025 - 17/10/2026,"OHWELL MINIMART, 211D, PUNGGOL WALK, #01-665, PUNGGOL RIPPLES, SINGAPORE(824211)"
7-ELEVEN,18/10/2025 - 17/10/2026,"7-ELEVEN, 150, BEACH ROAD, #B1-01, GATEWAY WEST, SINGAPORE(189720)"
AI WAN DIAN PTE. LTD.,21/10/2025 - 20/10/2026,"AI WAN DIAN PTE. LTD., 3, SAINT GEORGE'S ROAD, #01-75, SINGAPORE(320003)"
AI WAN DIAN PTE. LTD.,21/10/2025 - 20/10/2026,"AI WAN DIAN PTE. LTD., 281, GEYLANG ROAD, GEYLANG CONSERVATION AREA, SINGAPORE(389329)"
CANDYLIN MANAGEMENT SERVICES,26/10/2025 - 25/10/2026,"SHELL SELECT, 772, UPPER BUKIT TIMAH ROAD, SHELL PETROL SERVICE, SINGAPORE(678122)"
CANDYLIN MANAGEMENT SERVICES,26/10/2025 - 25/10/2026,"SHELL SELECT, 20, CHOA CHU KANG DRIVE, SHELL PETROL SERVICE, SINGAPORE(689717)"
NTUC FAIRPRICE CO-OPERATIVE LTD,27/10/2025 - 26/10/2026,"FAIRPRICE, 51, OLD AIRPORT ROAD, #02-01, OLD AIRPORT ROAD FOOD CENTRE & SHOPPING MALL, SINGAPORE(390051)"
MEOW MINIMART PTE. LTD.,27/10/2025 - 26/10/2026,"MEOW MINIMART, 47, BENDEMEER ROAD, #01-1475, SINGAPORE(330047)"
URBAN FUELSCAPE,27/10/2025 - 26/10/2026,"SHELL SELECT, 695, MANDAI ROAD, SHELL PETROL SERVICE, SINGAPORE(729752)"
GUL MART,28/10/2025 - 27/10/2026,"GUL MART, 80, LIM CHU KANG LANE 1, (DORMITORY) MINIMART , SINGAPORE(718911)"
SRI KRISHNA FOODS PTE. LTD.,29/10/2025 - 28/10/2026,"SRI KRISHNA, 139, TAMPINES STREET 11, #01-30, SINGAPORE(521139)"
SHENG SIONG SUPERMARKET PTE LTD,31/10/2025 - 30/10/2026,"SHENG SIONG, 5, STADIUM WALK, #B1-01, LEISURE PARK KALLANG, SINGAPORE(397693)"
33CLUB PTE. LTD.,31/10/2025 - 30/10/2026,"33CLUB, 22, MALACCA STREET, #01-02, RB CAPITAL BUILDING (2ND STOREY), SINGAPORE(048980)"
SAI BROTHERS MINIMART PTE. LTD.,31/10/2025 - 30/10/2026,"SAI BROTHERS MINIMART, 9, TRACTOR ROAD, (MINI MART), SINGAPORE(627970)"
JEEMA PTE. LTD.,03/11/2025 - 02/11/2026,"JEEMA PTE. LTD., 943, JURONG WEST STREET 91, #01-K1, SINGAPORE(640943)"
SINO CULINARY PTE. LTD.,03/11/2025 - 02/11/2026,"FRUITURE, 1, PARK ROAD, #01-K99E, PEOPLE'S PARK COMPLEX, SINGAPORE(059108)"
COFFEE CONNECT@145 PTE. LTD.,03/11/2025 - 02/11/2026,"LUCKY STARS, 53, UBI AVENUE 1, #01-14, PAYA UBI INDUSTRIAL PARK (DRINK STALL 4), SINGAPORE(408934)"
OXLEY GEM PTE. LTD.,04/11/2025 - 03/11/2026,"L'APERITIF BAR, 26, STEVENS ROAD, #01-01, NOVOTEL ON STEVENS, SINGAPORE(258891)"
ST 82 C&B PTE. LTD.,06/11/2025 - 05/11/2026,"FOODHUB, 221, MOUNT VERNON ROAD, #01-07, BARTLEY BEACON (DRINK STALL 1), SINGAPORE(360221)"
HUAXINGDA TRADING PTE. LTD.,07/11/2025 - 06/11/2026,"HUAXINGDA, 19, DUXTON ROAD, SINGAPORE(089485)"
BUTTER LIVEHOUSE PTE. LTD.,10/11/2025 - 09/11/2026,"JYU YAE BISTRO, 1, PASIR RIS CLOSE, #01-301, DOWNTOWN EAST, SINGAPORE(519599)"
5C MANAGEMENT SERVICES PTE. LTD.,12/11/2025 - 11/11/2026,"ULTRA MART @ TANNERY, 12, TANNERY ROAD, TANNERY LODGE I (LEVEL 1), SINGAPORE(347722)"
XIJIADE BB 273 PTE. LTD.,12/11/2025 - 11/11/2026,"XIJIADE BB 273 PTE. LTD., 51, BUKIT BATOK CRESCENT, #02-01, UNITY CENTRE (DRINKS STALL NO. 1), SINGAPORE(658077)"
BALA'S MINIMART PTE. LTD.,13/11/2025 - 12/11/2026,"BALA'S MINIMART PTE LTD, 21, HOUGANG STREET 51, #01-25, HOUGANG GREEN SHOPPING MALL, SINGAPORE(538719)"
UNIVERSAL HOMEMART,13/11/2025 - 12/11/2026,"UNIVERSAL HOMEMART, 1, JALAN ANAK BUKIT, #B2-03, BUKIT TIMAH PLAZA, SINGAPORE(588996)"
FRESHVALUE PTE. LTD.,13/11/2025 - 12/11/2026,"FRESHVALUE EVERYDAY, 5, TAMPINES CENTRAL 6, #01-04, SINGAPORE(529482)"
P.R. MASALA HOUSE PTE. LTD.,13/11/2025 - 12/11/2026,"P.R.MART, 236, YISHUN RING ROAD, #01-1016, (RIGHT SIDE OF THE UNIT), SINGAPORE(760236)"
GRACE & GOODS PTE. LTD.,14/11/2025 - 13/11/2026,"GRACE & GOODS PTE LTD, 4, CHANGI VILLAGE ROAD, #01-2080, SINGAPORE(500004)"
GROSSLINK PTE. LTD.,14/11/2025 - 13/11/2026,"DUDU MINI MART, 60, BUKIT TIMAH ROAD, #B1-K1, LITTLE INDIA MRT STATION (NE7), SINGAPORE(229900)"
FIVE DOLLAR FOOD COURT PTE. LTD.,14/11/2025 - 13/11/2026,"FIVE DOLLAR FOOD COURT PTE. LTD., 429, JURONG WEST AVENUE 1, #01-322, (DRINK STALL 4), SINGAPORE(640429)"
CHOH DEE (Y110) FOOD HOUSE PTE. LTD.,14/11/2025 - 13/11/2026,"KIMLY, 110, YISHUN RING ROAD, #01-401, CHONG PANG GARDEN (DRINKS STALL NO. 8), SINGAPORE(760110)"
S M KODI IMPEX TRADING PTE. LTD.,14/11/2025 - 13/11/2026,"S M KODI IMPEX TRADING PTE. LTD., 413, YISHUN RING ROAD, #01-1875, SINGAPORE(760413)"
ONEGROUP HUB PTE. LTD.,14/11/2025 - 13/11/2026,"LITTLE TUKANG FOODHUB, 1, TUKANG INNOVATION LANE, #01-03, NESST TUKANG DORMITORY (DRINKS STALL), SINGAPORE(619599)"
LE CHASSEUR SKEWER PTE. LTD.,18/11/2025 - 17/11/2026,"CAFE LE CHASSEUR, 1, ANG MO KIO STREET 65, #02-32, JTC SPACE @ ANG MO KIO (DRINKS STALL 1), SINGAPORE(569063)"
HJ BISTRO PTE. LTD.,19/11/2025 - 18/11/2026,"HJ BISTRO, 11, NORTHSHORE DRIVE, #01-06, MARINA COUNTRY CLUB, SINGAPORE(828670)"
SAMSUDDIN SUPERMART PTE. LTD.,19/11/2025 - 18/11/2026,"SAMSUDDIN SUPERMART PTE. LTD, 46, EAST COAST ROAD, #01-01, EASTGATE, SINGAPORE(428766)"
SRI ANNAPOORANI TRADING PRIVATE LIMITED,19/11/2025 - 18/11/2026,"SRI ANNAPOORANI MINIMART, 6, KIAN TECK CRESCENT, #01-02, (MINIMART), SINGAPORE(628873)"
NTUC FAIRPRICE CO-OPERATIVE LTD,20/11/2025 - 19/11/2026,"FAIRPRICE FINEST, 896, DUNEARN ROAD, #02-01, DUNEARN VILLAGE, SINGAPORE(589472)"
COLD STORAGE SINGAPORE (1983) PTE LTD,20/11/2025 - 19/11/2026,"CS FRESH, 1, LENTOR CENTRAL, #01-01, LENTOR MODERN , SINGAPORE(788887)"
YUNG SHENG BEVERAGE PTE. LTD.,20/11/2025 - 19/11/2026,"YUNG SHENG BEVERAGE PTE LTD, 289H, BUKIT BATOK STREET 25, #01-01, (DRINKS STALL NO. 1), SINGAPORE(657289)"
RESORTS WORLD AT SENTOSA PTE. LTD.,20/11/2025 - 19/11/2026,"HARVEST HALL, 26, SENTOSA GATEWAY, #B1-117, SHOWPLACE (DRINKS COUNTER), SINGAPORE(098138)"
DWB CAPITAL PTE. LTD.,20/11/2025 - 19/11/2026,"BIG BESAR, 1, JALAN BERSEH, #01-15, (DRINKS STALL NO. 5), SINGAPORE(209037)"
AD ASTRA E-COM PTE. LTD.,21/11/2025 - 20/11/2026,"MONEY CHANGER, 391A, ORCHARD ROAD, NGEE ANN CITY (UNIT B201-8-1 FOOD HALL, B2), SINGAPORE(238873)"
UBI TECH KOPI PLACE PTE. LTD.,21/11/2025 - 20/11/2026,"DE TIAN, 10, UBI CRESCENT, #01-04, UBI TECHPARK (DRINKS STALL NO. 2), SINGAPORE(408564)"
JACE'S PLACE,22/11/2025 - 21/11/2026,"JACE'S PLACE, 4, WOODLANDS STREET 12, #01-72, MARSILING MALL HAWKER CENTRE, SINGAPORE(738623)"
TRADITIONAL NANYANG TASTE PTE. LTD.,22/11/2025 - 21/11/2026,"FENG XI DIAN XIN FANG, 208, JALAN BESAR, (DRINKS STALL), SINGAPORE(208894)"
ODL GLOBE,24/11/2025 - 23/11/2026,"ODL GLOBE, 205, ANG MO KIO AVENUE 1, #01-1085, SINGAPORE(560205)"
ONEGROUP HUB PTE. LTD.,24/11/2025 - 23/11/2026,"TUKANG , 1, TUKANG INNOVATION LANE, #01-02, NESST TUKANG DORMITORY (MINIMART), SINGAPORE(619599)"
A MINIMART,24/11/2025 - 23/11/2026,"A MINIMART, 719, YISHUN STREET 71, #01-K1, KHATIB SPRING, SINGAPORE(760719)"
SIVAMANI MINIMART PTE. LTD.,25/11/2025 - 24/11/2026,"SIVAMANI MINIMART, 137, UPPER PAYA LEBAR ROAD, SINGAPORE(534844)"
RS RISE&SHINE PTE. LTD.,25/11/2025 - 24/11/2026,"RS RISE&SHINE PTE. LTD., 8, TANAH MERAH KECHIL LINK, #01-50, URBAN VISTA, SINGAPORE(465420)"
KOMALA'S VEG MART PTE. LTD.,25/11/2025 - 24/11/2026,"KOMALA'S VEGMART, 42, FLORA DRIVE, #01-77, PALM ISLES, SINGAPORE(506867)"
GOLDPAY.SG PTE. LTD.,26/11/2025 - 25/11/2026,"GOLD CLUB, 75, MAUDE ROAD, #01-01, DESKER ROAD CONSERVATION AREA, SINGAPORE(208352)"
FOODCLIQUE (CAPEVIEW) PTE. LTD.,27/11/2025 - 26/11/2026,"TUAS VILLAGE, 10, TUAS AVENUE 3, (DRINKS STALL 12), SINGAPORE(639409)"
XIAO GE CATERING PTE. LTD.,27/11/2025 - 26/11/2026,"XIAO GE COFFEESHOP, 311, GEYLANG ROAD, GEYLANG CONSERVATION AREA (DRINK STALL 1), SINGAPORE(389350)"
FRESHLANE INTERNATIONAL PTE. LTD.,02/12/2025 - 01/12/2026,"FRESHLANE MINIMART, 2, KOVAN ROAD, #01-07, SIMON PLAZA, SINGAPORE(548008)"
NEXT GENERATION LLM PTE. LTD.,04/12/2025 - 03/12/2026,"GOGO MART, 507, JURONG WEST STREET 52, #01-150, HONG KAH POINT, SINGAPORE(640507)"
KINGSMEN BARBER SHOP PTE. LTD.,05/12/2025 - 04/12/2026,"KING EXPRESS SUPERMART, 146, JALAN BUKIT MERAH, #01-1080, (LEFT SIDE OF THE UNIT), SINGAPORE(160146)"
WANG AND SONS PTE. LTD.,05/12/2025 - 04/12/2026,"WANG AND SONS PTE. LTD., 345, GEYLANG ROAD, #02-28, PAVILION SQUARE, SINGAPORE(389366)"
MMPGROUP PTE. LTD.,05/12/2025 - 04/12/2026,"MMP SUPERMARKET, 259, BUKIT PANJANG RING ROAD, #01-14B, (LEFT SIDE OF THE UNIT), SINGAPORE(671259)"
PRINCE ROASTERIA PTE. LTD.,05/12/2025 - 04/12/2026,"PRINCE ROASTERIA PTE. LTD., 9, LOYANG WAY, #01-01, KRISLITE BUILDING (DRINKS STALL NO. 7), SINGAPORE(508722)"
YAM SIN LOK,06/12/2025 - 05/12/2026,"BOLDER BREWS COFFEEHOUSE , 271, ONAN ROAD, #02-27, DUNMAN FOOD CENTRE, SINGAPORE(424768)"
BROADWAY FOOD CENTRE (HOLDINGS) PTE LTD,06/12/2025 - 05/12/2026,"BROADWAY, 45, SIMS DRIVE, #01-150, SIMS VISTA (DRINK COUNTER), SINGAPORE(380045)"
OMSAKTHI GROCERY PTE. LTD.,06/12/2025 - 05/12/2026,"OMSAKTHI GROCERY PTE LTD, 139, TECK WHYE LANE, #01-333, (UNIT C), SINGAPORE(680139)"
AKHIL TRADERS PTE. LTD.,08/12/2025 - 07/12/2026,"AKHIL MART, 123, HOUGANG AVENUE 1, #01-1424, SINGAPORE(530123)"
UNITED GLOBAL MARKETING PTE. LTD.,08/12/2025 - 07/12/2026,"VANILLA MART, 11, NORTHSHORE DRIVE, #01-01, MARINA COUNTRY CLUB, SINGAPORE(828670)"
MURUGAN SUPERMARKET PTE. LTD.,11/12/2025 - 10/12/2026,"MURUGAN SUPERMARKET PTE LTD, 55, CHAI CHEE DRIVE, #01-196, PING-AN GARDENS (1ST FLOOR), SINGAPORE(460055)"
CHANG CHENG FOOD & BEVERAGE PTE. LTD.,11/12/2025 - 10/12/2026,"CHANG CHENG MEE WAH COFFEESHOP, 818, CHOA CHU KANG AVENUE 1, #01-01, (DRINKS STALL NO. 4), SINGAPORE(680818)"
CHENDUR MART PRIVATE LIMITED,11/12/2025 - 10/12/2026,"CHENDUR MART, 8, LORONG 7 TOA PAYOH, #01-303, (RIGHT SIDE OF THE UNIT), SINGAPORE(310008)"
BERKSHIRE WALMART PTE. LTD.,11/12/2025 - 10/12/2026,"BERKSHIRE WALMART , 443, ANG MO KIO AVENUE 10, #01-1241, (LEFT SIDE OF THE UNIT), SINGAPORE(560443)"
RATNAM TRADING PTE. LTD.,11/12/2025 - 10/12/2026,"RATNAM TRADING PTE LTD, 32, CAMPBELL LANE, LITTLE INDIA CONSERVATION AREA, SINGAPORE(209904)"
RYA TRADING PTE. LTD.,11/12/2025 - 10/12/2026,"MMP SUPERMARKET, 138, TAMPINES STREET 11, #01-112, SINGAPORE(521138)"
DADDYS MART PTE. LTD.,12/12/2025 - 11/12/2026,"DADDY'S MART PTE LTD, 20, BEDOK RISE, #01-67, THE GLADES, SINGAPORE(465411)"
YUMMY MART PTE. LTD.,12/12/2025 - 11/12/2026,"YUMMY MART, 495, JURONG WEST STREET 41, #01-98, (RIGHT SIDE OF THE UNIT), SINGAPORE(640495)"
KNOWLEDGE PRODUCTION PTE. LTD.,15/12/2025 - 14/12/2026,"KNOWLEDGE PRODUCTION PTE LTD, 79, SERANGOON ROAD, SINGAPORE(217984)"
THE GREEN ESSENTIAL PTE. LTD.,15/12/2025 - 14/12/2026,"THE GREEN ESSENTIAL , 810, GEYLANG ROAD, #01-86, CITY PLAZA, SINGAPORE(409286)"
7-ELEVEN,17/12/2025 - 16/12/2026,"7-ELEVEN, 80, MANDAI LAKE ROAD, #01-K6, MANDAI WILDLIFE EAST, SINGAPORE(729826)"
7-ELEVEN,17/12/2025 - 16/12/2026,"7-ELEVEN, 1, FARRER PARK STATION ROAD, #01-04, CONNEXION, SINGAPORE(217562)"
GOOD STEWARD SERVICES,18/12/2025 - 17/12/2026,"SHELL SELECT, 183A, UPPER THOMSON ROAD, SHELL PETROL SERVICES, SINGAPORE(574332)"
GOOD STEWARD SERVICES,18/12/2025 - 17/12/2026,"SHELL SELECT, 551, UPPER THOMSON ROAD, SHELL PETROL SERVICES, SINGAPORE(574415)"
YY MEISHI PTE. LTD.,19/12/2025 - 18/12/2026,"YY MINIMART, 11A, STRAITS BOULEVARD, CHEC DORM @ MCE (TOLQ), SINGAPORE(018907)"
JK CLAYPOT PTE. LTD.,19/12/2025 - 18/12/2026,"J. K. CLAYPOT MINI MART, 4, JALAN BUKIT HO SWEE, #01-152, BUKIT HO SWEE VIEW, SINGAPORE(162004)"
BERKSHIRE WALMART PTE. LTD.,20/12/2025 - 19/12/2026,"BERKSHIRE WALMART, 124, LORONG 1 TOA PAYOH, #01-475, (LEFT SIDE OF THE UNIT), SINGAPORE(310124)"
KOMALA'S VEGGIE MART PTE. LTD.,21/12/2025 - 20/12/2026,"KOMALA'S VEG MART, 28, SERANGOON NORTH AVENUE 1, #01-64, AFFINITY AT SERANGOON, SINGAPORE(554341)"
U STARS PTE. LTD.,24/12/2025 - 23/12/2026,"U SUPERMARKET, 829, TAMPINES STREET 81, #01-272, SINGAPORE(520829)"
U STARS PTE. LTD.,24/12/2025 - 23/12/2026,"U STARS SUPERMARKET, 78B, TELOK BLANGAH STREET 32, #01-19, SINGAPORE(102078)"
AH CHOO KOPI PTE. LTD.,24/12/2025 - 23/12/2026,"AH CHEW COFFEEHOUSE, 101, WOODLANDS AVENUE 12, #01-06, POLARIS @ WOODLANDS (DRINKS STALL NO. 5), SINGAPORE(737719)"
MANLIE COLLECTIVE PTE. LTD.,24/12/2025 - 23/12/2026,"HAUS MART, 166, WOODLANDS STREET 13, #01-551, (RIGHT SIDE OF THE UNIT), SINGAPORE(730166)"
PONNI SUPERMARKET PTE. LTD.,24/12/2025 - 23/12/2026,"PONNI SUPERMARKET, 407, RIVER VALLEY ROAD, SINGAPORE(248305)"
SOORAA PTE. LTD.,30/12/2025 - 29/12/2026,"SOORAA, 22, CUFF ROAD, LITTLE INDIA CONSERVATION AREA, SINGAPORE(209733)"
MM TRADERS PTE. LTD.,31/12/2025 - 30/12/2026,"MM TRADERS PTE LTD, 7, EVERTON PARK, #01-07, EVERTON PARK, SINGAPORE(080007)"
JILIN QIAN AN JUN ZI IMPORT & EXPORT PTE. LTD.,31/12/2025 - 30/12/2026,"CHINA MINIMART ä¸­å›½è¶…å¸‚, 256, YISHUN RING ROAD, #01-1001, (RIGHT SIDE OF THE UNIT), SINGAPORE(760256)"
M-DAILY MINIMART PTE. LTD.,31/12/2025 - 30/12/2026,"M-MINIMART, 122, MCNAIR ROAD, #01-41, MCNAIR SPRING, SINGAPORE(320122)"
SEVEN SEAS MART PTE. LTD.,02/01/2026 - 01/01/2027,"SEVEN SEAS MART PTE LTD, 30, UPPER DICKSON ROAD, SINGAPORE(207489)"
AVST SUPERMART PTE. LTD.,02/01/2026 - 01/01/2027,"AVST SUPERMART, 56, NEW UPPER CHANGI ROAD, #01-1296, (GROUND FLOOR), SINGAPORE(461056)"
HARMONY F&B PTE. LTD.,02/01/2026 - 01/01/2027,"HARMONY F&B PTE LTD, 20, BUKIT BATOK CRESCENT, #01-08, ENTERPRISE CENTRE (DRINK STALL NO. 6), SINGAPORE(658080)"
NURION PRIVATE LIMITED,05/01/2026 - 04/01/2027,"HACHI, 6, RAFFLES BOULEVARD, #01-06, MARINA SQUARE, SINGAPORE(039594)"
SHIANG TRADING,06/01/2026 - 05/01/2027,"SHIANG TRADING, 275, BUKIT BATOK EAST AVENUE 4, #01-128B, GOMBAK PLACE, SINGAPORE(650275)"
ROYAL SG SERVICES PTE. LTD.,06/01/2026 - 05/01/2027,"ROYAL MINIMART, 89A, CHANGI BUSINESS PARK CENTRAL 2, ACL DORMITORY, SINGAPORE(489719)"
SRI NARAYANA STORE,07/01/2026 - 06/01/2027,"SRI NARAYANA STORE, 105, WEST COAST VALE, #01-01, WHISTLER GRAND, SINGAPORE(126757)"
THE YOUNG ONES EATING HOUSE PTE. LTD.,08/01/2026 - 07/01/2027,"THE YOUNG ONES EATING HOUSE, 158, MEI LING STREET, #01-74, (DRINK STALLS NO. 7), SINGAPORE(140158)"
SHENG SIONG SUPERMARKET PTE LTD,09/01/2026 - 08/01/2027,"SHENG SIONG, 503, JURONG WEST AVENUE 1, #01-853, HONG KAH POINT, SINGAPORE(640503)"
HK TRADERS PTE. LTD.,09/01/2026 - 08/01/2027,"U CHOICE, 218, PASIR PANJANG ROAD, #01-07, ICON @ PASIR PANJANG, SINGAPORE(118579)"
GRACE SUPERMART PTE. LTD.,12/01/2026 - 11/01/2027,"GRACE SUPERMART PTE LTD, 9A, TECH PARK CRESCENT, TUAS TECHPARK, 1ST STOREY (MINIMART), SINGAPORE(637840)"
SEETHAS MART PTE. LTD.,12/01/2026 - 11/01/2027,"SEETHAS MART, 51, LORONG 6 TOA PAYOH, #01-86, (RIGHT SIDE OF THE UNIT), SINGAPORE(310051)"
HOMELY HOMEY PTE. LTD.,13/01/2026 - 12/01/2027,"HOMELY HOMEY MINIMART, 844, SIMS AVENUE, #01-718, SINGAPORE(400844)"
KAVITHA BRIGHTDAY IMPEX PTE. LTD.,13/01/2026 - 12/01/2027,"FORTUNE FAMILY MART, 128, BEDOK NORTH STREET 2, #01-14, SINGAPORE(460128)"
TWIGLY'S PTE. LTD.,13/01/2026 - 12/01/2027,"TWIGLY'S , 1, LENTOR CENTRAL, #01-10, LENTOR MODERN, SINGAPORE(788887)"
7-ELEVEN,15/01/2026 - 14/01/2027,"7-ELEVEN, 26, SENTOSA GATEWAY, #01-207, SHOWPLACE (RESORTS WORLD SENTOSA), SINGAPORE(098138)"
HARI HARA PTE. LTD.,15/01/2026 - 14/01/2027,"MAMA TIAM, 38, BEO CRESCENT, #01-28, THE BEO CRESCENT, SINGAPORE(160038)"
S.GATIK & SERVICES PTE. LTD.,16/01/2026 - 15/01/2027,"HOME NEEDS MINI MART, 83, ROSEWOOD DRIVE, #01-70, PARC ROSEWOOD, SINGAPORE(737789)"
URBAN NEST SG PTE. LTD.,16/01/2026 - 15/01/2027,"SSV SUPER MART, 109, TUAS VIEW WALK 1, #01-01, WESTLINK TECHPARK, SINGAPORE(637731)"
P.R. MASALA HOUSE PTE. LTD.,17/01/2026 - 16/01/2027,"P.R. MART, 239, YISHUN RING ROAD, #01-1166, (MIDDLE SIDE OF THE UNIT), SINGAPORE(760239)"
U STARS PTE. LTD.,20/01/2026 - 19/01/2027,"U SUPERMARKET, 345, CLEMENTI AVENUE 5, #01-78, SINGAPORE(120345)"
POWER HUB PTE. LTD.,20/01/2026 - 19/01/2027,"POWER HUB , 221, BOON LAY PLACE, #01-110, BOON LAY SHOPPING CENTRE, SINGAPORE(640221)"
ACE MARKETPLACE PTE. LTD.,21/01/2026 - 20/01/2027,"ACE MARKETPLACE, 88, CIRCUIT ROAD, #01-967, SINGAPORE(370088)"
SUNSHINE STAR ENTERPRISES PTE. LTD.,21/01/2026 - 20/01/2027,"24SEVEN CONVENIENCE STORE, 300, EU TONG SEN STREET, #B1-01, OUTRAM PARK MRT STATION (NE3), SINGAPORE(059816)"
SVS MART PTE. LTD.,21/01/2026 - 20/01/2027,"SVS MART PTE. LTD., 4, TUAS SOUTH STREET 11, #01-00, BERYL HOUSE (LEFT SIDE OF THE UNIT), SINGAPORE(636896)"
SHWE CHINDWIN PTE. LTD.,21/01/2026 - 20/01/2027,"SHWE CHINDWIN MINI MART, 1, COLEMAN STREET, #01-12, THE ADELPHI, SINGAPORE(179803)"
MARINE VILLA PTE. LTD.,21/01/2026 - 20/01/2027,"MARINE VILLA EXPRESS, 34, MARINE CRESCENT, #01-49, MARINE CRESCENT VILLE, SINGAPORE(440034)"
KOPI TARIK (323) PTE. LTD.,24/01/2026 - 23/01/2027,"KOPI TARIK, 801, WEST COAST CRESCENT, #01-01, WEST COAST PARKVIEW (DRINKS STALL NO. 8), SINGAPORE(120801)"
NTUC FAIRPRICE CO-OPERATIVE LTD,27/01/2026 - 26/01/2027,"FAIRPRICE, 302, TENGAH PARK AVENUE, #B1-01, PARC POINT, SINGAPORE(690302)"
KJM SUPER PTE. LTD.,28/01/2026 - 27/01/2027,"KJM SUPER MART, 8, TECH PARK CRESCENT, #01-06, TUAS TECHPARK, SINGAPORE(638124)"
DASAVI EXPRESS PTE. LTD.,28/01/2026 - 27/01/2027,"DASAVI EXPRESS, 460, MACPHERSON ROAD, SINGAPORE(368178)"
BUTTER BISTRO PTE. LTD.,28/01/2026 - 27/01/2027,"JYU LAE, 3, TEMASEK BOULEVARD, #01-315, SUNTEC CITY MALL, SINGAPORE(038983)"
LOW SEE SENG (S) PTE. LTD.,28/01/2026 - 27/01/2027,"NEW ECON, 59, NEW UPPER CHANGI ROAD, #01-1230, SINGAPORE(461059)"
ENG HUAT SENG,29/01/2026 - 28/01/2027,"ENG HUAT SENG, 257, BANGKIT ROAD, #01-59, BUKIT PANJANG NEIGHBOURHOOD CENTRE, SINGAPORE(670257)"
ITC SUPER MART PTE. LTD.,29/01/2026 - 28/01/2027,"ITC SUPER MART PTE LTD, 252, JURONG EAST STREET 24, #01-137, YUHUA VILLAGE, SINGAPORE(600252)"
DELIGHT SUPERMART PTE. LTD.,30/01/2026 - 29/01/2027,"DELIGHT SUPERMART PTE LTD, 710, CLEMENTI WEST STREET 2, #01-253, SINGAPORE(120710)"
ORION NEIS PTE. LTD.,30/01/2026 - 29/01/2027,"JOAYO KMART, 181, JOO CHIAT ROAD, #01-02, HOTEL SAKURA BY VENUE, SINGAPORE(427452)"
MUMBAI MASALAA PTE. LTD.,30/01/2026 - 29/01/2027,"MUKESH MART PTE LTD, 57, MARINE TERRACE, #01-123, MARINE TERRACE HAVEN (LEFT SIDE OF THE UNIT), SINGAPORE(440057)"
WELCOME 151 AMK PTE. LTD.,30/01/2026 - 29/01/2027,"WELCOME SUPERMARKET, 151, ANG MO KIO AVENUE 5, #01-3034, YIO CHU KANG GROVE, SINGAPORE(560151)"
S & Z PRIVATE LIMITED,30/01/2026 - 29/01/2027,"S&Z MINIMART, 807, YISHUN RING ROAD, #01-4207, KHATIB GARDENS, SINGAPORE(760807)"
JIN TAI MART,31/01/2026 - 30/01/2027,"JIN TAI MART, 827, TAMPINES STREET 81, #01-144, (RIGHT SIDE OF THE UNIT), SINGAPORE(520827)"
S~L MINI MART PTE. LTD.,31/01/2026 - 30/01/2027,"S~L MINIMART, 38, NORRIS ROAD, LITTLE INDIA CONSERVATION AREA, SINGAPORE(208280)"
HONG & FRIENDS COMPANY,01/02/2026 - 31/01/2027,"HONG & FRIENDS COMPANY, 743, DUNMAN ROAD, CNERGY DUNMAN, SINGAPORE(439241)"
JSA TRADING PTE. LTD.,01/02/2026 - 31/01/2027,"JSA TRADING PTE LTD, 78B, STRATHMORE AVENUE, #01-02, SINGAPORE(143078)"
FU CHAN F&B GROUP PTE. LTD.,03/02/2026 - 02/02/2027,"FOODCITY, 643, SENJA CLOSE, #01-10, (DRINKS STALL NO.2), SINGAPORE(670643)"
JILIN QIAN AN JUN ZI IMPORT & EXPORT PTE. LTD.,03/02/2026 - 02/02/2027,"CHINA MINIMART ä¸­å›½è¶…å¸‚, 417, YISHUN AVENUE 11, #01-327, SINGAPORE(760417)"
SG NEUTRAL FARMS PTE. LTD.,03/02/2026 - 02/02/2027,"SG NEUTRAL FARMS, 325, UBI AVENUE 1, #01-699, KAMPUNG UBI ESTATE, SINGAPORE(400325)"
ABDUL BAREE MEHARUNNISA,03/02/2026 - 02/02/2027,"H.M.S.MINIMART, 16, BEDOK SOUTH ROAD, #01-70, SINGAPORE(460016)"
NKW JUWEL PTE. LTD.,03/02/2026 - 02/02/2027,"JUWEL SUPERMARKET, 2, BALESTIER ROAD, #01-653, BALESTIER HILL SHOPPING CENTRE, SINGAPORE(320002)"
PHAN66 INVESTMENTS PTE. LTD.,04/02/2026 - 03/02/2027,"PHAN66 SUPERMART, 8, SELETAR NORTH LINK, #G1-03, PPT LODGE 1A, SINGAPORE(797455)"
DASAVI EXPRESS PTE. LTD.,04/02/2026 - 03/02/2027,"DASAVI EXPRESS, 3A, JOO KOON CIRCLE, (LEVEL 4, MINIMART), SINGAPORE(629033)"
LAVENDER MART PTE. LTD.,05/02/2026 - 04/02/2027,"LAVENDER MART , 1, BEACH ROAD, #01-4767, BEACH ROAD GARDENS (LEFT SIDE OF THE UNIT), SINGAPORE(190001)"
KOPI JK 41 PTE. LTD.,05/02/2026 - 04/02/2027,"KOPI JOO KOON, 41, JOO KOON ROAD, (DRINKS STALL NO. 11), SINGAPORE(628991)"
BERKSHIRE WALMART PTE. LTD.,05/02/2026 - 04/02/2027,"BERKSHIRE WALMART, 85, LORONG 4 TOA PAYOH, #01-364, (MIDDLE OF THE UNIT), SINGAPORE(310085)"
ACE MARKETPLACE (ALJUNIED BRANCH) PTE. LTD.,05/02/2026 - 04/02/2027,"ACE MARKETPLACE, 119, ALJUNIED AVENUE 2, #01-34, SINGAPORE(380119)"
LOOP SPOKE & HUB PTE. LTD.,06/02/2026 - 05/02/2027,"LOOP MART, 226E, ANG MO KIO AVENUE 1, #01-709, KEBUN BARU MALL, SINGAPORE(565226)"
PAVI MART PTE. LTD.,06/02/2026 - 05/02/2027,"PAVI MART PTE. LTD., 537, BEDOK NORTH STREET 3, #01-563, (LEFT SIDE OF THE UNIT), SINGAPORE(460537)"
KER JING YI,06/02/2026 - 05/02/2027,"LAH KOPI NOW, 930, UPPER THOMSON ROAD, #01-01, (DRINKS STALL NO. 4), SINGAPORE(787122)"
SRI SSASTHA IMPEX PTE. LTD.,09/02/2026 - 08/02/2027,"SRI SSASTHA IMPEX PTE LTD, 92, LORONG 4 TOA PAYOH, #01-278, TOA PAYOH PALM SPRING (LEFT SIDE OF THE UNIT), SINGAPORE(310092)"
SREE CHINNA KARUPPAR PTE. LTD.,09/02/2026 - 08/02/2027,"KARAIKUDI VALUE MART, 30, KAKI BUKIT ROAD 3, #01-15, EMPIRE TECHNOCENTRE, SINGAPORE(417819)"
DELI G FOOD AND BEVERAGE SERVICES,11/02/2026 - 10/02/2027,"SINDO CANTEEN, 66, TANNERY LANE, #B1-01, (DRINKS STALL 10) SINDO INDUSTRIAL BUILDING, SINGAPORE(347805)"
TABAC101 PTE. LTD.,12/02/2026 - 11/02/2027,"TABAC101, 38, ARAB STREET, SINGAPORE(199737)"
SRI GANAPATHY'S GROCERY PTE. LTD.,12/02/2026 - 11/02/2027,"SRI GANAPATHYâ€™S GROCERY PTE.LTD, 166, BUKIT BATOK WEST AVENUE 8, #01-260, SINGAPORE(650166)"
EPIC FOOD VENTURES PTE. LTD.,13/02/2026 - 12/02/2027,"FOODSTOP WEST COAST, 4, PANDAN CRESCENT, #01-10, LOGOS EHUB (DRINKS STALL 7), SINGAPORE(128475)"
OSH ENTERPRISE,13/02/2026 - 12/02/2027,"MERRY MEALS, 18, HOWARD ROAD, #01-06, (DRINKS STALL), SINGAPORE(369585)"
GURU SONS PTE. LTD.,13/02/2026 - 12/02/2027,"GURU SONS PTE LTD, 64, CIRCUIT ROAD, #01-349, SINGAPORE(370064)"
THE BLACKBIRD SG PTE. LTD.,13/02/2026 - 12/02/2027,"THE BLACKBIRD, 8, LOCK ROAD, GILLMAN BARRACKS, SINGAPORE(108936)"
MURGAN PTE. LTD.,14/02/2026 - 13/02/2027,"MURGAN PTE LTD, 464B, CLEMENTI AVENUE 1, #01-02, CLEMENTI PEAKS, SINGAPORE(122464)"
NNOX PTE. LTD.,16/02/2026 - 15/02/2027,"ROSE GOLD, 200, JALAN SULTAN, #08-11A, TEXTILE CENTRE, (BAR COUNTER), SINGAPORE(199018)"
JK SUPER MART PTE. LTD.,16/02/2026 - 15/02/2027,"JK SUPER MART PTE LTD, 23, HOUGANG AVENUE 3, #01- 287, SINGAPORE(530023)"
TWIGLY'S PTE. LTD.,17/02/2026 - 16/02/2027,"TWIGLY'S, 101A, MARINE PARADE ROAD, #B1-14, SINGAPORE(449972)"
7-ELEVEN,21/02/2026 - 20/02/2027,"7-ELEVEN, 76, CIRCUIT ROAD, #01-14, MACPHERSON BLOSSOM, SINGAPORE(370076)"
CUBIC RESOURCE SERVICE HUB,25/02/2026 - 24/02/2027,"SHELL SELECT , 49, SERANGOON GARDEN WAY, SHELL PETROL SERVICE, SINGAPORE(555944)"
LEXUS TRADING PTE. LTD.,25/02/2026 - 24/02/2027,"LEXUS TRADING PTE LTD, 83, MARINE PARADE CENTRAL, #01-566, MARINE PARADE PROMENADE, SINGAPORE(440083)"
LOK YANG KOPI PLACE PTE. LTD.,25/02/2026 - 24/02/2027,"DE TIAN, 2, THIRD LOK YANG ROAD, FOODCOURT (DRINK STALL 10), SINGAPORE(627997)"
BAO ZHUANG MINIMART,26/02/2026 - 25/02/2027,"BAO ZHUANG MINIMART, 347, ANG MO KIO AVENUE 3, #01-2134, TECK GHEE EVERGREEN, SINGAPORE(560347)"
ZAFREEN DAILY NEEDS PTE. LTD.,03/03/2026 - 02/03/2027,"ZAFREEN DAILY NEEDS PTE LTD, 7, JALAN BATU, #01-103, DI TANJONG RHU, SINGAPORE(431007)"
SINGYUAN PTE. LTD.,03/03/2026 - 02/03/2027,"SINGYUAN , 35, SELEGIE ROAD, #B1-21, PARKLANE SHOPPING MALL, SINGAPORE(188307)"
HUISHENG SUPERMARKET,03/03/2026 - 02/03/2027,"HUI SHENG SUPERMARKET, 1, LORONG 22 GEYLANG, #01-03, GRANDVIEW SUITES, SINGAPORE(398664)"
S3 SALAMATHUNISHA PTE. LTD.,04/03/2026 - 03/03/2027,"S3 SALAMATHU NISHA MINI SUPER MART, 81, JOO CHIAT ROAD, #01-03, SINGAPORE(427725)"
MRL EXPRESS & TRADING PTE. LTD.,04/03/2026 - 03/03/2027,"MRL MART, 202, ANG MO KIO AVENUE 3, #01-1666, ANG MO KIO VIEW, SINGAPORE(560202)"
BILLION-TPE FOODS PTE. LTD.,05/03/2026 - 04/03/2027,"BILLION FOODS, 3, TAMPINES NORTH DRIVE 5, #01-08, DAIZU BUILDING (DRINKS STALL NO. 4), SINGAPORE(529484)"
AL SHEIKA BANANA LEAF RESTAURANT PTE. LTD.,06/03/2026 - 05/03/2027,"AL SHEIKA BANANA LEAF INDIAN MUSLIM FOOD, 6, KIAN TECK CRESCENT, #01-01, INDUSTRIAL CANTEEN (DRINKS STALL 1), SINGAPORE(628873)"
STR JAPAN,12/03/2026 - 11/03/2027,"STR JAPAN, 212, BIDADARI PARK DRIVE, #03-09, WOODLEIGH HILLSIDE, SINGAPORE(360212)"
LDR MINIMART PTE. LTD.,13/03/2026 - 12/03/2027,"SHREE V MURUGAN STORE, 86, REDHILL CLOSE, #01-596, SINGAPORE(150086)"
SIVA COFFEE PTE. LTD.,13/03/2026 - 12/03/2027,"SIVA COFFEE, 20, NEYTHAL ROAD, FOOD COURT (DRINKS STALL NO. 7), SINGAPORE(628585)"
VALMART PTE. LTD.,14/03/2026 - 13/03/2027,"VALMART PTE LTD, 8, DICKSON ROAD, (RIGHT SIDE OF THE UNIT), SINGAPORE(209496)"
TT CIGARS PTE. LTD.,16/03/2026 - 15/03/2027,"TT CIGARS PTE LTD, 1, SULTAN GATE, #01-03, SULTAN GATE PLACE (MEZZANINE LEVEL), SINGAPORE(198474)"
SRI VAARI SUPER MARKET & TRADING PTE. LTD.,16/03/2026 - 15/03/2027,"SRI VAARI, 447, CHANGI ROAD, #01-01, SINGAPORE(419875)"
S111 PTE. LTD.,19/03/2026 - 18/03/2027,"S111 EATING HOUSE , 198, PANDAN LOOP, #01-01, PANTECH BUSINESS HUB (DRINKS STALL 7), SINGAPORE(128386)"
ACE XPRESS PTE. LTD.,19/03/2026 - 18/03/2027,"ACE MARKETPLACE, 59, NEW UPPER CHANGI ROAD, #01-1274, (GROUND FLOOR), SINGAPORE(461059)"
MEADOWS MART PTE. LTD.,19/03/2026 - 18/03/2027,"MEADOWS MART, 2, KITCHENER ROAD, #01-83, SINGAPORE(200002)"
147 SERANGOON FOOD HOUSE PTE. LTD.,19/03/2026 - 18/03/2027,"KIMLY, 587, PASIR RIS DRIVE 3, #01-06, (DRINKS STALL NO. 2), SINGAPORE(510587)"
7-ELEVEN,19/03/2026 - 18/03/2027,"7-ELEVEN, 252, SOUTH BRIDGE ROAD, #01-01, KRETA AYER CONSERVATION AREA, SINGAPORE(058801)"
VIJAY STORE PTE. LTD.,19/03/2026 - 18/03/2027,"VIJAY STORE, 546, JURONG WEST STREET 42, #01-K1, SINGAPORE(640546)"
NILAAS TRADER (S) PTE. LTD.,20/03/2026 - 19/03/2027,"MAYSPRINGS SUPERMARKET, 325A, SENGKANG EAST WAY, #01-503, ANCHORVALE GROVE, SINGAPORE(541325)"
PROJECT CHEF BULIM PTE. LTD.,20/03/2026 - 19/03/2027,"SPROUTS FOOD PLACE, 1, BULIM LANE 2, #02-56, BULIM SQUARE (DRINKS STALL NO.1), SINGAPORE(648110)"
NEXT GENERATION LLM PTE. LTD.,20/03/2026 - 19/03/2027,"GOGO MART, 193, EAST COAST ROAD, SINGAPORE(428899)"
UNIQUE-TEAMX (EAST) PTE. LTD.,23/03/2026 - 22/03/2027,"UNIQUE-TEAMX (EAST) PTE. LTD., 40, CHANGI ROAD, SINGAPORE(419702)"
LINN LATT MINI MART,23/03/2026 - 22/03/2027,"LINN LATT MINI MART, 526, JURONG WEST STREET 52, #01-323, (RIGHT SIDE OF THE UNIT), SINGAPORE(640526)"
JURONG PROVISION SHOP,23/03/2026 - 22/03/2027,"JURONG PROVISION SHOP, 218, PASIR PANJANG ROAD, #01-09, ICON @ PASIR PANJANG, SINGAPORE(118579)"
HOME JOY ENTERPRISES PTE. LTD.,24/03/2026 - 23/03/2027,"HOME JOY, 477, TAMPINES STREET 43, #01-178, GROUND FLOOR (LEFT SIDE OF THE UNIT), SINGAPORE(520477)"
888 MART,26/03/2026 - 25/03/2027,"888 MART, 30, WOODLANDS AVENUE 2, #01-46, WOODLANDS MRT STATION (NS9), SINGAPORE(738343)"
GINGER TEA HOUSE PTE. LTD.,26/03/2026 - 25/03/2027,"GINGER TEA HOUSE, 164, TAGORE LANE, #01-01, SINDO INDUSTRIAL ESTATE (DRINKS STALL NO. 4), SINGAPORE(787572)"
INDIAN SUPERMARKET PTE. LTD.,02/04/2026 - 01/04/2027,"MAYSPRINGS SUPERMARKET, 2, PETIR ROAD, #01-15, MAYSPRINGS, SINGAPORE(678265)"
CLUB SEVENTY SIX 76 PTE. LTD.,02/04/2026 - 01/04/2027,"CLUB 76, 76, CLUB STREET, (LEVEL 1, CASHIER COUNTER), SINGAPORE(069446)"
SINGA FOOD INDUSTRIES (PRIVATE LIMITED),06/04/2026 - 05/04/2027,"MADRAS MINI MART, 20, TECH PARK CRESCENT, (DORMITORY/MIDDLE SIDE OF THE UNIT/MINI MART), SINGAPORE(638112)"
STR JAPAN,06/04/2026 - 05/04/2027,"STR JAPAN, 59, MARINE TERRACE, #01-93, MARINE TERRACE HAVEN, SINGAPORE(440059)"
THE MIME PEDAGOGY,07/04/2026 - 06/04/2027,"CAY STORE, 125, YISHUN STREET 11, #01-K1, CHONG PANG VIEW, SINGAPORE(760125)"
RUMAN SUPER MARKET PTE. LTD.,07/04/2026 - 06/04/2027,"RUMAN SUPER MARKET PTE LTD, 230, GEYLANG ROAD, #01-01, SINGAPORE(389290)"
S R MINIMART PTE. LTD.,07/04/2026 - 06/04/2027,"S R MINIMART PTE. LTD., 15, CHANDER ROAD, LITTLE INDIA CONSERVATION AREA, SINGAPORE(219530)"
U STARS PTE. LTD.,08/04/2026 - 07/04/2027,"U SUPERMARKET, 138, TAMPINES STREET 11, #01-108, SINGAPORE(521138)"
WINNER TRADERS PTE. LTD.,08/04/2026 - 07/04/2027,"WINNER TRADERS PTE LTD, 71, SENG POH ROAD, #01-39, TIONG BAHRU ESTATE, SINGAPORE(160071)"
SAHAS TRADERS PTE. LTD.,08/04/2026 - 07/04/2027,"ANBU MART, 78, DUNLOP STREET, LITTLE INDIA CONSERVATION AREA, SINGAPORE(209405)"
BHAGAT ENTERPRISE PTE. LTD.,08/04/2026 - 07/04/2027,"SERANGOON BAZAAR, 567, SERANGOON ROAD, #01-01, SINGAPORE(218182)"
AJ TRADING MART PTE. LTD.,08/04/2026 - 07/04/2027,"AJ TRADING MART PTE LTD, 71, TUAS SOUTH LINK 1, TUAS SOUTH CONNECTION, SINGAPORE(636806)"
HAPPY FAMILY MART,10/04/2026 - 09/04/2027,"HF MART, 6, HAIG ROAD, #01-447, HAIG VIEW, SINGAPORE(430006)"
EVERGREEN GLOBAL TRADE PTE. LTD.,11/04/2026 - 10/04/2027,"EVERGREEN MART, 180, DEPOT ROAD, #01-02, THE INTERLACE, SINGAPORE(109684)"
THIROCH TRADING PTE. LTD.,11/04/2026 - 10/04/2027,"THIROCH MART, 141, SERANGOON AVENUE 3, #01-02, THE SPRINGBLOOM, SINGAPORE(556120)"
JALANDHAR SC PTE. LTD.,11/04/2026 - 10/04/2027,"MAJHA MINIMART , 149, SILAT AVENUE, #01-46, (LEVEL 1), SINGAPORE(160149)"
CLOUDMART PTE. LTD.,12/04/2026 - 11/04/2027,"CLOUD MART PTE LTD, 216, LORONG 8 TOA PAYOH, #01-607, SINGAPORE(310216)"
SEYON @ WOODLANDS PTE. LTD.,14/04/2026 - 13/04/2027,"SEYON @ WOODLANDS PTE. LTD., 306, WOODLANDS STREET 31, #01-35, FUCHUN NEIGHBOURHOOD CENTRE, SINGAPORE(730306)"
HN MARTS PTE. LTD.,15/04/2026 - 14/04/2027,"HN MART, 83, WHAMPOA DRIVE, #01-288, WHAMPOA VIEW, SINGAPORE(320083)"
SOLID ENTERTAINMENT PTE. LTD.,16/04/2026 - 15/04/2027,"WEI YI 2, 83, MAUDE ROAD, (LEVEL 1), SINGAPORE(208356)"
S.J EUNOS PTE. LTD.,17/04/2026 - 16/04/2027,"S.J EUNOS PTE LTD, 621, BEDOK RESERVOIR ROAD, #01-K1, EUNOS HEIGHTS, SINGAPORE(470621)"
ROTARY ENGINEERING PTE. LTD.,17/04/2026 - 16/04/2027,"ROTARY ENGINEERING PTE LTD, 23A, MERANTI AVENUE, (LEVEL 1 MINIMART), SINGAPORE(627450)"
BUTTER BISTRO PTE. LTD.,17/04/2026 - 16/04/2027,"JYU GAE, 51, BRAS BASAH ROAD, #01-08, (COUNTER INFRONT OF THE WINE CABINET), SINGAPORE(189554)"
ARASAN'S PTE. LTD.,17/04/2026 - 16/04/2027,"#6 MINI MART, 44, LENGKONG TUJOH, #01-43, VACANZA @ EAST, SINGAPORE(417395)"
AMK 339 KOPI PLACE PTE. LTD.,20/04/2026 - 19/04/2027,"DE TIAN , 339, ANG MO KIO AVENUE 1, #01-1601, (DRINK STALL 10), SINGAPORE(560339)"
KOSSA PTE. LTD.,21/04/2026 - 20/04/2027,"KOSSA KTV, 36, NEWTON ROAD, #02-02, HOTEL ROYAL (BAR COUNTER), SINGAPORE(307964)"
ORCHID COUNTRY CLUB,22/04/2026 - 21/04/2027,"PAR LOUNGE, 1, ORCHID CLUB ROAD, #02-13, ORCHID COUNTRY CLUB (GOLF CLUBHOUSE), SINGAPORE(769162)"
BROADWAY FOOD CENTRE (HOLDINGS) PTE LTD,22/04/2026 - 21/04/2027,"BROADWAY , 152A, BEDOK SOUTH ROAD, #01-01, (DRINKS STALL NO. 6), SINGAPORE(461152)"
FUMAX PTE. LTD.,22/04/2026 - 21/04/2027,"FU MAX MART, 240, GEYLANG ROAD, GEYLANG CONSERVATION AREA, SINGAPORE(389299)"
LION MART PTE. LTD.,22/04/2026 - 21/04/2027,"VALU$, 505, WEST COAST DRIVE, #01-220, SINGAPORE(120505)"
A2B MARKETING PTE. LTD.,22/04/2026 - 21/04/2027,"A2B MINI MART, 6, TELOK BLANGAH CRESCENT, #01-422, MOUNT FABER GREEN, SINGAPORE(090006)"
WELCOME 318 JURONG PTE. LTD.,23/04/2026 - 22/04/2027,"WELCOME SUPERMARKET, 419, TAMPINES STREET 41, #01-98, SUN PLAZA GARDENS, SINGAPORE(520419)"
ST 82 C&B PTE. LTD.,23/04/2026 - 22/04/2027,"FOODHUB, 267, SERANGOON AVENUE 3, #01-01, (DRINKS STALL NO. 7), SINGAPORE(550267)"
FOODGLE HUB PTE. LTD.,23/04/2026 - 22/04/2027,"FOODGLE HUB , 451, BUKIT BATOK WEST AVENUE 6, #01-11, (DRINKS STALL NO. 7), SINGAPORE(650451)"
SHENG SIONG SUPERMARKET PTE LTD,23/04/2026 - 22/04/2027,"SHENG SIONG, 120, CANBERRA CRESCENT, #01-10, EASTWAVE @ CANBERRA, SINGAPORE(750120)"
ST 82 C&B PTE. LTD.,23/04/2026 - 22/04/2027,"FOODHUB, 495, JURONG WEST STREET 41, #01-106, (DRINKS STALL NO. 9), SINGAPORE(640495)"
JMK MOVERS,23/04/2026 - 22/04/2027,"JMK MINIMART, 8, JALAN LEGUNDI, #01-14, VICTORY 8, SINGAPORE(759274)"
LAZY LIZARD PTE. LTD.,23/04/2026 - 22/04/2027,"LAZY LIZARD RESTAURANT , 7, ANG MO KIO STREET 66, #01-12, FLORAVISTA, SINGAPORE(567708)"
ELA'Z TRADERS PTE. LTD.,24/04/2026 - 23/04/2027,"ELA'Z TRADERS PTE.LTD., 465, NORTH BRIDGE ROAD, #01-5061, SINGAPORE(191465)"
HEDI CONVENIENCE MART PTE. LTD.,24/04/2026 - 23/04/2027,"HEDI MINI MART, 801, TAMPINES AVENUE 4, #01-269, TAMPINES POLYVIEW, SINGAPORE(520801)"
PRABHAS TRADING PTE. LTD.,24/04/2026 - 23/04/2027,"PRABHAS SUPERMARKET, 632, BEDOK RESERVOIR ROAD, #01-812, EUNOS GROVE, SINGAPORE(470632)"
DESI CHOICE MART PTE. LTD.,24/04/2026 - 23/04/2027,"DESI CHOICE MART PTE. LTD., 531, GEYLANG ROAD, #01-00, GEYLANG CONSERVATION AREA, SINGAPORE(389487)"
SGMD PTE. LTD.,27/04/2026 - 26/04/2027,"SRI SELVI STORE PTE LTD, 4, HOUGANG STREET 11, #01-79, THE MINTON, SINGAPORE(538753)"
AASHI GROCERIES PTE. LTD.,28/04/2026 - 27/04/2027,"AASHI GROCERIES, 221, BOON LAY PLACE, #01-212, BOON LAY SHOPPING CENTRE, SINGAPORE(640221)"
BROADWAY FOOD CENTRE (HOLDINGS) PTE LTD,29/04/2026 - 28/04/2027,"BROADWAY, 21, HOUGANG STREET 51, #01-42, (DRINK STALL 12) HOUGANG GREEN SHOPPING MALL, SINGAPORE(538719)"
ARP EAGLE INTERNATIONAL PTE. LTD.,29/04/2026 - 28/04/2027,"ARP EAGLE MINI MART, 84, JALAN DAUD, #01-01, WINDY HEIGHTS, SINGAPORE(419593)"
MOUNT ROYAL PTE. LTD.,29/04/2026 - 28/04/2027,"NEW MURUGAN MINIMART, 27A, CHAI CHEE ROAD, #01-369, (RIGHT SIDE OF THE UNIT), SINGAPORE(461027)"
FIRST VALUE PTE. LTD.,29/04/2026 - 28/04/2027,"FIRST VALUE, 78B, TELOK BLANGAH STREET 32, #01-14, SINGAPORE(102078)"
PHAN99 INVESTMENTS PTE. LTD.,30/04/2026 - 29/04/2027,"PHAN99 SUPERMARKET, 2, SELETAR NORTH LINK, #01-02, SINGAPORE(797601)"
AGKS MINIMART PTE. LTD.,30/04/2026 - 29/04/2027,"AGKS MINIMART, 9, FLORA ROAD, #01-04, AVILA GARDENS, SINGAPORE(509737)"
AK RETAIL N TRADERS PTE. LTD.,30/04/2026 - 29/04/2027,"A1 MART, 418, BEDOK NORTH AVENUE 2, #01-81, GARDEN HILL, SINGAPORE(460418)"
TAMILNADU FOOD TRADING PTE. LTD.,04/05/2026 - 03/05/2027,"TAMILNADU FOOD TRADING PTE. LTD., 128, RACE COURSE ROAD, #01-01, THE BLISS, SINGAPORE(218586)"
SYMA MART PTE. LTD.,05/05/2026 - 04/05/2027,"SYMA , 87, CIRCUIT ROAD, #01-989, (LEFT SIDE OF THE UNIT), SINGAPORE(370087)"
CHERRY MYINE MINIMART,06/05/2026 - 05/05/2027,"CHERRY MYINE MINIMART, 111, NORTH BRIDGE ROAD, #01-41, PENINSULA PLAZA, SINGAPORE(179098)"
LI XIN DURIAN,06/05/2026 - 05/05/2027,"LI XIN DURIAN, 510, BEDOK NORTH STREET 3, #01-53, SINGAPORE(460510)"
SB MART (PTE. LTD.),06/05/2026 - 05/05/2027,"SB MART, 25, SPRINGSIDE GREEN, #01-09, THE BROOKS II, SINGAPORE(786015)"
SHENG SIONG SUPERMARKET PTE LTD,07/05/2026 - 06/05/2027,"SHENG SIONG, 336, SMITH STREET, #01-304, NEW BRIDGE CENTRE (RIGHT SIDE OF THE UNIT), SINGAPORE(050336)"
SRI MURUGAN TRADING PTE. LTD.,07/05/2026 - 06/05/2027,"SRI MURUGAN TRADING PTE. LTD., 371, BUKIT BATOK STREET 31, #01-316, (RIGHT SIDE OF THE UNIT), SINGAPORE(650371)"
786 SPICES BAZAAR PTE. LTD.,07/05/2026 - 06/05/2027,"786 SPICES BAZAAR, 18, KAKI BUKIT ROAD 3, #01-13, (LEFT SIDE OF THE UNIT), SINGAPORE(415978)"
URBAN FUELSCAPE,08/05/2026 - 07/05/2027,"SHELL SELECT , 1200, UPPER THOMSON ROAD, SHELL PETROL SERVICE, SINGAPORE(787124)"
JILIN QIAN AN JUN ZI IMPORT & EXPORT PTE. LTD.,12/05/2026 - 11/05/2027,"CHINA MINIMART ä¸­å›½è¶…å¸‚, 502, JURONG WEST AVENUE 1, #01-831, (LEFT SIDE OF THE UNIT), SINGAPORE(640502)"
THE GREEN ESSENTIAL PTE. LTD.,12/05/2026 - 11/05/2027,"THE GREEN ESSENTIAL, 797, GEYLANG ROAD, #01-01, GEYLANG CONSERVATION AREA, SINGAPORE(389679)"
STR JAPAN,13/05/2026 - 12/05/2027,"STR JAPAN, 660A, EDGEDALE PLAINS, #02-02, WATERWAY SUNDEW, SINGAPORE(821660)"
TRIUMPH JOY PTE. LTD.,13/05/2026 - 12/05/2027,"U MART, 51, HOUGANG AVENUE 7, #B1-52, RIVERFRONT RESIDENCES, SINGAPORE(533818)"
YPK MART PTE. LTD.,13/05/2026 - 12/05/2027,"YPK MART, 106, ALJUNIED CRESCENT, #01-195, SINGAPORE(380106)"
MDS MINIMART PTE. LTD.,13/05/2026 - 12/05/2027,"MDS MINIMART PTE LTD, 131, MARSILING RISE, #01-198, (LEFT SIDE OF THE UNIT), SINGAPORE(730131)"
ELIAS 623 PTE. LTD.,14/05/2026 - 13/05/2027,"ELIAS 623 PTE LTD, 623, ELIAS ROAD, #01-02, ELIAS MALL (DRINKS STALL NO 14), SINGAPORE(510623)"
BHAGAVAN TRADING PTE. LTD.,15/05/2026 - 14/05/2027,"BHAGAVAN TRADING PTE LTD, 11, UPPER BOON KENG ROAD, #01-911, BOON KENG VILLE, SINGAPORE(380011)"
ISHVA INTERNATIONAL PTE. LTD.,19/05/2026 - 18/05/2027,"ISHVA INTERNATIONAL , 779, YISHUN AVENUE 2, #01-1541A, KHATIB VALE, SINGAPORE(760779)"
AL MADINA F&B PTE. LTD.,20/05/2026 - 19/05/2027,"O2 CAFE, 134, BUKIT BATOK WEST AVENUE 6, #01-463, (DRINKS STALL NO. 2), SINGAPORE(650134)"
INDIAN SUPERMARKET PTE. LTD.,21/05/2026 - 20/05/2027,"INDIAN SUPERMARKET, 60, UPPER WELD ROAD, SINGAPORE(207413)"
WELCOME SUPERMARKET PTE. LTD.,21/05/2026 - 20/05/2027,"WELCOME SUPERMARKET, 424, BUKIT BATOK WEST AVENUE 2, #01-239, SINGAPORE(650424)"
WANG MINIMART PTE. LTD.,21/05/2026 - 20/05/2027,"WANG MINIMART, 147, SERANGOON NORTH AVENUE 1, #01-431A, SINGAPORE(550147)"
SM INDMART PRIVATE LIMITED,22/05/2026 - 21/05/2027,"SM PROVISIONS, 422, TAGORE INDUSTRIAL AVENUE, #01-02, KAY LIM @ TAGORE (MINIMART), SINGAPORE(787806)"
FOODGLE HUB PTE. LTD.,22/05/2026 - 21/05/2027,"FOODGLE, 308C, PUNGGOL WALK, #01-308, (DRINKS STALL NO. 7), SINGAPORE(823308)"
FOODGLE HUB PTE. LTD.,22/05/2026 - 21/05/2027,"FOODGLE, 31, KAKI BUKIT ROAD 3, #02-01, (DRINKS STALL NO. 9), SINGAPORE(417818)"
R&P BIZMART PRIVATE LIMITED,22/05/2026 - 21/05/2027,"DAILY FRESH BIZMART, 50, UPPER SERANGOON VIEW, #01-07, KINGSFORD WATERBAY, SINGAPORE(533893)"
NAWAS GLOBAL PTE. LTD.,23/05/2026 - 22/05/2027,"NAWAS GLOBAL PTE LTD, 2A, PENJURU ROAD, WEST 1800 DORMITORY (MINIMART), SINGAPORE(609853)"
YII SENG PTE. LTD.,26/05/2026 - 25/05/2027,"KOPI & PINT, 61, UBI AVENUE 1, #02-01, UB POINT (DRINKS STALL), SINGAPORE(408941)"
TWL FAMILY PTE. LTD.,26/05/2026 - 25/05/2027,"SU MINIMART, 364, CLEMENTI AVENUE 2, #01-475, SINGAPORE(120364)"
MM MINIMART,26/05/2026 - 25/05/2027,"MM MINIMART, 423, HOUGANG AVENUE 6, #01-K1, OASIS @ HOUGANG, SINGAPORE(530423)"
KALAI S TRADING PTE. LTD.,26/05/2026 - 25/05/2027,"KALAI S TRADING PTE.LTD., 234, LORONG 8 TOA PAYOH, #01-280, TOA PAYOH EIGHT, SINGAPORE(310234)"
LION MART PTE. LTD.,26/05/2026 - 25/05/2027,"VALU$, 284, BISHAN STREET 22, #01-209, SINGAPORE(570284)"
WISIONLY PTE. LTD.,27/05/2026 - 26/05/2027,"WISIONLY, 10, SENTUL CRESCENT, SAM KEE LRT STATION (PW1) (LEVEL 1), SINGAPORE(828851)"
19 MART PTE. LTD.,28/05/2026 - 27/05/2027,"19 MART, 23, TELOK BLANGAH CRESCENT, #01-34, MOUNT FABER VIEW, SINGAPORE(090023)"
BASIC NEEDS MINIMART,28/05/2026 - 27/05/2027,"BASIC NEEDS MINIMART, 930, YISHUN CENTRAL 1, #01-127, (RIGHT SIDE OF THE UNIT), SINGAPORE(760930)"
7-ELEVEN,29/05/2026 - 28/05/2027,"7-ELEVEN, 8, WILKIE ROAD, #01-14, SINGAPORE(228095)"
7-ELEVEN,29/05/2026 - 28/05/2027,"7-ELEVEN, 10, AIRPORT BOULEVARD, #02-07, CHANGI AIRPORT TERMINAL 4, SINGAPORE(819665)"
EMMA AND FAMILY,29/05/2026 - 28/05/2027,"EMMA AND FAMILY, 40, BEDOK SOUTH ROAD, #01-681, BEDOK SOUTH PARKVIEW, SINGAPORE(460040)"
SRI VINAYAGA TRADING PTE. LTD.,29/05/2026 - 28/05/2027,"SRI VINAYAGA TRADING PTE LTD, 632, BEDOK RESERVOIR ROAD, #01-832, (RIGHT SIDE OF THE UNIT), SINGAPORE(470632)"
PARDESHI PTE. LTD.,30/05/2026 - 29/05/2027,"GK CONVENIENCE MART, 1, ONAN ROAD, #01-01, HOTEL 81 - TRISTAR, SINGAPORE(424780)"
GOLDEN HUNG HO MARKETING,03/06/2026 - 02/06/2027,"GOLDEN HUNG HO MARKETING, 7, TOH GUAN ROAD EAST, #01-10, ALPHA INDUSTRIAL BUILDING (DRINKS STALL 7), SINGAPORE(608599)"
BALASAKTHI TRADING PTE. LTD.,04/06/2026 - 03/06/2027,"BALASAKTHI TRADING PTE. LTD., 429, JURONG WEST AVENUE 1, #01-314, SINGAPORE(640429)"
TOHO SINGAPORE PTE. LTD.,04/06/2026 - 03/06/2027,"A-PRICE BY TOHO GROUP, 120, TANJONG PAGAR ROAD, #01-01, SINGAPORE(088532)"
SHAKTI VINAYAK FAMILY MART PTE. LTD.,04/06/2026 - 03/06/2027,"SHAKTI VINAYAK FAMILY MART, 515, BALESTIER ROAD, SINGAPORE(329851)"
AS EXPORT-IMPORT (S) PTE. LTD.,05/06/2026 - 04/06/2027,"DAILY MINIMART, 4B, JALAN BESUT, #02-03, JALAN BESUT DORMITORY (LEFT SIDE OF THE UNIT), SINGAPORE(619558)"
DA JIA HAO ENTERPRISES PTE. LTD.,07/06/2026 - 06/06/2027,"DA JIA HAO, 10, HAIG ROAD, #01-357B, HAIG VIEW, SINGAPORE(430010)"
URBAN NEST SG PTE. LTD.,08/06/2026 - 07/06/2027,"URBAN SUPER MART, 103, TUAS VIEW WALK 1, #01-02, WESTLINK TECHPARK (MINIMART), SINGAPORE(637728)"
KJM CURRY HOUSE & RESTAURANT PTE. LTD.,11/06/2026 - 10/06/2027,"KJM KEDAI KOPI PIONEER, 71, PIONEER ROAD, #01-01, TUAS AMENITY CENTRE (DRINKS STALL NO. 7), SINGAPORE(639591)"
SHENG SIONG SUPERMARKET PTE LTD,12/06/2026 - 11/06/2027,"SHENG SIONG, 361, SEMBAWANG CRESCENT, #01-10, SUN NATURA, SINGAPORE(750361)"
NAVEEN TRADING PTE. LTD.,14/06/2026 - 13/06/2027,"SRI MURUGAN TRADING, 217A, JURONG EAST STREET 21, #01-599, SINGAPORE(601217)"
GREAT LUCK MINI MART PTE. LTD.,14/06/2026 - 13/06/2027,"GREAT LUCK MINI MART , 177, TOA PAYOH CENTRAL, #01-154B, SINGAPORE(310177)"
SM FRIENDLY MART PTE. LTD.,15/06/2026 - 14/06/2027,"SM MART, 120, MAXWELL ROAD, #B2-04, TANJONG PAGAR MRT STATION (EW15), SINGAPORE(069119)"
LAGARDERE TRAVEL RETAIL SINGAPORE PTE. LTD.,16/06/2026 - 15/06/2027,"SINGAPORE DUTY FREE, 5, HARBOURFRONT AVENUE, #02-08, SINGAPORE CRUISE CENTRE (DEPARTURE HALL), SINGAPORE(099549)"
SG WHOLESALE PTE. LTD.,16/06/2026 - 15/06/2027,"SG MART, 1, CHU LIN ROAD, HILLVIEW GARDEN ESTATE, SINGAPORE(669887)"
BUDGET SAVE MART PTE. LTD.,17/06/2026 - 16/06/2027,"BSM, 865, TAMPINES STREET 83, #01-K1, TAMPINES VISTA, SINGAPORE(520865)"
YAN SHI GE PTE. LTD.,17/06/2026 - 16/06/2027,"YAN SHI GE, 2, PIONEER SECTOR 1, #01-04, 2PS1 (DRINKS STALL NO. 1), SINGAPORE(628414)"
INFORMAL GLOBAL HOUSE PTE. LTD.,20/06/2026 - 19/06/2027,"NIGHT OWLS CONVENIENCE STORE, 150, ORCHARD ROAD, #01-50, ORCHARD PLAZA, SINGAPORE(238841)"
BALMONT C&B PTE. LTD.,22/06/2026 - 21/06/2027,"FOOD PARADISE, 330, ANCHORVALE STREET, #01-02, ANCHORVALE HARVEST (DRINKS STALL 4), SINGAPORE(540330)"
HAVEEN SUPERMART PTE. LTD.,23/06/2026 - 22/06/2027,"HAVEEN SUPERMART PTE LTD, 132, JURONG GATEWAY ROAD, #01-283, J CONNECT, SINGAPORE(600132)"
CS ON THE GO,24/06/2026 - 23/06/2027,"COLD STORAGE ON THE GO , 399, LORONG 2 TOA PAYOH, ESSO PETROL SERVICES , SINGAPORE(319640)"
CS ON THE GO,24/06/2026 - 23/06/2027,"COLD STORAGE ON THE GO , 99, BEDOK NORTH ROAD, ESSO PETROL SERVICES , SINGAPORE(469677)"
CS ON THE GO,24/06/2026 - 23/06/2027,"COLD STORAGE ON THE GO , 150, JURONG EAST AVENUE 1, ESSO PETROL SERVICES , SINGAPORE(609787)"
CS ON THE GO,24/06/2026 - 23/06/2027,"COLD STORAGE ON THE GO , 213, UPPER BUKIT TIMAH ROAD, ESSO PETROL SERVICES , SINGAPORE(588183)"
CS ON THE GO,24/06/2026 - 23/06/2027,"COLD STORAGE ON THE GO , 141, BUKIT TIMAH ROAD, ESSO PETROL SERVICES , SINGAPORE(229841)"
CS ON THE GO,24/06/2026 - 23/06/2027,"COLD STORAGE ON THE GO , 1027, UPPER SERANGOON ROAD, ESSO PETROL SERVICES , SINGAPORE(534765)"
CS ON THE GO,24/06/2026 - 23/06/2027,"COLD STORAGE ON THE GO , 10, JURONG WEST AVENUE 1, ESSO PETROL SERVICES , SINGAPORE(649517)"
FIRSTFIVE,24/06/2026 - 23/06/2027,"FIRST FIVE MINI MART, 511, GUILLEMARD ROAD, #01-02, GRANDLINK SQUARE, SINGAPORE(399849)"
CS ON THE GO,24/06/2026 - 23/06/2027,"COLD STORAGE ON THE GO , 110, MACPHERSON ROAD, ESSO PETROL SERVICES , SINGAPORE(348501)"
CS ON THE GO,24/06/2026 - 23/06/2027,"COLD STORAGE ON THE GO , 50, CHOA CHU KANG DRIVE, ESSO PETROL SERVICES , SINGAPORE(689716)"
CS ON THE GO,24/06/2026 - 23/06/2027,"COLD STORAGE ON THE GO , 181, WEST COAST ROAD, ESSO PETROL SERVICES , SINGAPORE(127373)"
CS ON THE GO,24/06/2026 - 23/06/2027,"COLD STORAGE ON THE GO , 813, BUKIT BATOK WEST AVENUE 5, ESSO PETROL SERVICES , SINGAPORE(659084)"
CS ON THE GO,24/06/2026 - 23/06/2027,"COLD STORAGE ON THE GO , 2991, JALAN BUKIT MERAH, ESSO PETROL SERVICES , SINGAPORE(159458)"
CS ON THE GO,24/06/2026 - 23/06/2027,"COLD STORAGE ON THE GO , 255, EAST COAST ROAD, ESSO PETROL SERVICES , SINGAPORE(428932)"
CS ON THE GO,24/06/2026 - 23/06/2027,"COLD STORAGE ON THE GO , 19, PIONEER ROAD, ESSO PETROL SERVICES , SINGAPORE(628499)"
CS ON THE GO,24/06/2026 - 23/06/2027,"COLD STORAGE ON THE GO , 50, CHOA CHU KANG AVENUE 3, ESSO PETROL SERVICES , SINGAPORE(689858)"
CS ON THE GO,24/06/2026 - 23/06/2027,"COLD STORAGE ON THE GO , 926, UPPER BUKIT TIMAH ROAD, ESSO PETROL SERVICES , SINGAPORE(678205)"
CS ON THE GO,24/06/2026 - 23/06/2027,"COLD STORAGE ON THE GO , 225, GUILLEMARD ROAD, ESSO PETROL SERVICES , SINGAPORE(399739)"
CS ON THE GO,24/06/2026 - 23/06/2027,"COLD STORAGE ON THE GO , 649, CHANGI ROAD, ESSO PETROL SERVICES , SINGAPORE(419946)"
CS ON THE GO,24/06/2026 - 23/06/2027,"COLD STORAGE ON THE GO , 593, SEMBAWANG ROAD, ESSO PETROL SERVICES , SINGAPORE(758452)"
CS ON THE GO,24/06/2026 - 23/06/2027,"COLD STORAGE ON THE GO , 594, UPPER THOMSON ROAD, ESSO PETROL SERVICES , SINGAPORE(574420)"
CS ON THE GO,24/06/2026 - 23/06/2027,"COLD STORAGE ON THE GO , 799, BEDOK SOUTH AVENUE 1, ESSO PETROL SERVICES , SINGAPORE(469335)"
CS ON THE GO,24/06/2026 - 23/06/2027,"COLD STORAGE ON THE GO , 1, JERVOIS ROAD, ESSO PETROL SERVICES , SINGAPORE(248992)"
CS ON THE GO,24/06/2026 - 23/06/2027,"COLD STORAGE ON THE GO , 31, CHOA CHU KANG WAY, ESSO PETROL SERVICES , SINGAPORE(688786)"
CS ON THE GO,24/06/2026 - 23/06/2027,"COLD STORAGE ON THE GO , 384, LORONG CHUAN, ESSO PETROL SERVICES , SINGAPORE(556810)"
CS ON THE GO,24/06/2026 - 23/06/2027,"COLD STORAGE ON THE GO , 708, MOUNTBATTEN ROAD, ESSO PETROL SERVICES , SINGAPORE(437733)"
CS ON THE GO,24/06/2026 - 23/06/2027,"COLD STORAGE ON THE GO , 174, HOLLAND ROAD, ESSO PETROL SERVICES , SINGAPORE(278582)"
CS ON THE GO,24/06/2026 - 23/06/2027,"COLD STORAGE ON THE GO , 251, UPPER EAST COAST ROAD, ESSO PETROL SERVICES , SINGAPORE(466404)"
CS ON THE GO,24/06/2026 - 23/06/2027,"COLD STORAGE ON THE GO, 40, TAMPINES AVENUE 9, ESSO PETROL SERVICE, SINGAPORE(529568)"
CS ON THE GO,24/06/2026 - 23/06/2027,"COLD STORAGE ON THE GO , 211, PUNGGOL ROAD, ESSO PETROL SERVICES, SINGAPORE(546673)"
CS ON THE GO,24/06/2026 - 23/06/2027,"COLD STORAGE ON THE GO , 61, PASIR RIS DRIVE 1, ESSO PETROL SERVICES , SINGAPORE(519525)"
HN MARTS PTE. LTD.,25/06/2026 - 24/06/2027,"HN MART, 461, ANG MO KIO AVENUE 10, #01-1166, SINGAPORE(560461)"
VENTURA TRILLION PTE. LTD.,25/06/2026 - 24/06/2027,"HN MART, 460, ANG MO KIO AVENUE 10, #01-1578, TECK GHEE GRANDEUR, SINGAPORE(560460)"
SARAFOJI RESTAURANT PTE. LTD.,25/06/2026 - 24/06/2027,"AATHI RESTAURANT, 18, KAKI BUKIT ROAD 3, #01-13, MINI RESTAURANT 1 (RIGHT SIDE OF UNIT), SINGAPORE(415978)"
SALAAM FOODS SINGAPORE PTE. LTD.,25/06/2026 - 24/06/2027,"JOO KOON DRINKS STALL, 2, JOO KOON ROAD, #01-01, (DRINK STALL 1), SINGAPORE(628966)"
SALAAM FOODS SINGAPORE PTE. LTD.,25/06/2026 - 24/06/2027,"GG SUPER MART, 2, JOO KOON ROAD, #01-02, SINGAPORE(628966)"
CS ON THE GO,26/06/2026 - 25/06/2027,"COLD STORAGE ON THE GO , 150, SENGKANG WEST WAY, ESSO PETROL SERVICES , SINGAPORE(797622)"
CS ON THE GO,26/06/2026 - 25/06/2027,"COLD STORAGE ON THE GO , 2225, ANG MO KIO AVENUE 8, ESSO PETROL SERVICES , SINGAPORE(569810)"
CS ON THE GO,26/06/2026 - 25/06/2027,"COLD STORAGE ON THE GO , 866, UPPER SERANGOON ROAD, ESSO PETROL SERVICES , SINGAPORE(534694)"
CS ON THE GO,26/06/2026 - 25/06/2027,"COLD STORAGE ON THE GO , 590, SEMBAWANG ROAD, ESSO PETROL SERVICES , SINGAPORE(758450)"
CS ON THE GO,26/06/2026 - 25/06/2027,"COLD STORAGE ON THE GO , 353, TANGLIN ROAD, ESSO PETROL SERVICES , SINGAPORE(247959)"
CS ON THE GO,26/06/2026 - 25/06/2027,"COLD STORAGE ON THE GO , 189, TANJONG KATONG ROAD, ESSO PETROL SERVICES , SINGAPORE(436991)"
CS ON THE GO,26/06/2026 - 25/06/2027,"COLD STORAGE ON THE GO , 242A, PASIR PANJANG ROAD, ESSO PETROL SERVICES , SINGAPORE(118598)"
CS ON THE GO,26/06/2026 - 25/06/2027,"COLD STORAGE ON THE GO , 553, UPPER THOMSON ROAD, ESSO PETROL SERVICES , SINGAPORE(574416)"
CS ON THE GO,26/06/2026 - 25/06/2027,"COLD STORAGE ON THE GO , 590, EAST COAST ROAD, ESSO PETROL SERVICES , SINGAPORE(458995)"
CS ON THE GO,26/06/2026 - 25/06/2027,"COLD STORAGE ON THE GO , 373, UPPER ALJUNIED ROAD, ESSO PETROL SERVICES , SINGAPORE(367859)"
CS ON THE GO,26/06/2026 - 25/06/2027,"COLD STORAGE ON THE GO , 160, YIO CHU KANG ROAD, ESSO PETROL SERVICES , SINGAPORE(545614)"
CS ON THE GO,26/06/2026 - 25/06/2027,"COLD STORAGE ON THE GO , 611, ALJUNIED ROAD, ESSO PETROL SERVICES , SINGAPORE(389830)"
CS ON THE GO,26/06/2026 - 25/06/2027,"COLD STORAGE ON THE GO , 262, QUEENSWAY, ESSO PETROL SERVICES , SINGAPORE(149061)"
CS ON THE GO,26/06/2026 - 25/06/2027,"COLD STORAGE ON THE GO , 10, YISHUN AVENUE 9, ESSO PETROL SERVICES , SINGAPORE(768888)"
CS ON THE GO,26/06/2026 - 25/06/2027,"COLD STORAGE ON THE GO , 253, JALAN BUROH, ESSO PETROL SERVICES , SINGAPORE(128828)"
CS ON THE GO,26/06/2026 - 25/06/2027,"COLD STORAGE ON THE GO , 1091, WOODLANDS ROAD, ESSO PETROL SERVICES , SINGAPORE(738689)"
CS ON THE GO,26/06/2026 - 25/06/2027,"COLD STORAGE ON THE GO , 622, QUEENSWAY, ESSO PETROL SERVICES , SINGAPORE(149067)"
CS ON THE GO,26/06/2026 - 25/06/2027,"COLD STORAGE ON THE GO , 638, GEYLANG ROAD, ESSO PETROL SERVICES , SINGAPORE(389569)"
CS ON THE GO,26/06/2026 - 25/06/2027,"COLD STORAGE ON THE GO , 50, WOODLANDS AVENUE 1, ESSO PETROL SERVICES , SINGAPORE(739066)"
CS ON THE GO,26/06/2026 - 25/06/2027,"COLD STORAGE ON THE GO , 299, YIO CHU KANG ROAD, ESSO PETROL SERVICES , SINGAPORE(805909)"
CS ON THE GO,26/06/2026 - 25/06/2027,"COLD STORAGE ON THE GO , 955, UPPER CHANGI ROAD NORTH, ESSO PETROL SERVICES , SINGAPORE(507662)"
CS ON THE GO,26/06/2026 - 25/06/2027,"COLD STORAGE ON THE GO , 650, DUNEARN ROAD, ESSO PETROL SERVICES , SINGAPORE(289630)"
CS ON THE GO,26/06/2026 - 25/06/2027,"COLD STORAGE ON THE GO , 37, JALAN JURONG KECHIL, ESSO PETROL SERVICES , SINGAPORE(598577)"
CS ON THE GO,26/06/2026 - 25/06/2027,"COLD STORAGE ON THE GO , 30, DUNEARN ROAD, ESSO PETROL SERVICES , SINGAPORE(309425)"
CS ON THE GO,26/06/2026 - 25/06/2027,"COLD STORAGE ON THE GO , 353, UPPER THOMSON ROAD, ESSO PETROL SERVICES , SINGAPORE(574410)"
CS ON THE GO,26/06/2026 - 25/06/2027,"COLD STORAGE ON THE GO , 302, JALAN AHMAD IBRAHIM, ESSO PETROL SERVICES , SINGAPORE(619594)"
CS ON THE GO,26/06/2026 - 25/06/2027,"COLD STORAGE ON THE GO , 396, TELOK BLANGAH ROAD, ESSO PETROL SERVICES , SINGAPORE(098837)"
CS ON THE GO,26/06/2026 - 25/06/2027,"COLD STORAGE ON THE GO , 751, BUKIT TIMAH ROAD, ESSO PETROL SERVICES , SINGAPORE(269757)"
S K MANI MINIMART PTE. LTD.,29/06/2026 - 28/06/2027,"SK MANI MINI MART , 253, CHOA CHU KANG AVENUE 1, #01-24, CHOA CHU KANG MARKET (UNIT WM06), SINGAPORE(680253)"
HUANGS MART PTE. LTD.,30/06/2026 - 29/06/2027,"HUANGS MART, 435, BUKIT PANJANG RING ROAD, #01-661, SINGAPORE(670435)"
7-ELEVEN,30/06/2026 - 29/06/2027,"7-ELEVEN, 5, HARBOURFRONT AVENUE, #02-02, SINGAPORE CRUISE CENTRE HARBOURFRONT, SINGAPORE(099549)"
7-ELEVEN,30/06/2026 - 29/06/2027,"7-ELEVEN, 191, ROCHOR ROAD, #B2-09, BUGIS MRT STATION (DT14), SINGAPORE(188476)"
STAR NINE PTE. LTD.,30/06/2026 - 29/06/2027,"GLO, 3, TEMASEK BOULEVARD, #03-320, (CASHIER COUNTER), SINGAPORE(038983)"
BALMONT C&B PTE. LTD.,30/06/2026 - 29/06/2027,"FOODHUB, 417, FERNVALE LINK, #01-01, FERNVALE RIVERWALK (DRINKS STALL NO.9) , SINGAPORE(790417)"
BALMONT C&B PTE. LTD.,30/06/2026 - 29/06/2027,"FOODHUB, 11B, BOON TIONG ROAD, #01-15, TIONG BAHRU VIEW (DRINKS STALL NO.5) , SINGAPORE(163011)"
BALMONT C&B PTE. LTD.,30/06/2026 - 29/06/2027,"FOOD PARADISE, 182, WOODLANDS STREET 13, #01-06, MARSILING GREENVIEW (DRINKS STALL NO.6) , SINGAPORE(730182)"
BALMONT C&B PTE. LTD.,30/06/2026 - 29/06/2027,"FOODHUB, 279, SENGKANG EAST AVENUE, #01-01, COMPASSVALE ANCILLA (DRINKS STALL NO.6) , SINGAPORE(540279)"
BALMONT C&B PTE. LTD.,01/07/2026 - 30/06/2027,"FOODHUB, 120, CANBERRA CRESCENT, #01-01, EASTWAVE @ CANBERRA (DRINKS STALL NO.3) , SINGAPORE(750120)"
BALMONT C&B PTE. LTD.,01/07/2026 - 30/06/2027,"FOODHUB, 785E, WOODLANDS RISE, #01-16, WOODLANDS PASTURE II (DRINKS STALL NO.13), SINGAPORE(735785)"
MK KAVERI FOODS (S) PTE. LTD.,01/07/2026 - 30/06/2027,"RUBY GOLD, 539, BEDOK NORTH STREET 3, #01-629, SINGAPORE(460539)"
AL HANIF TRADERS PTE. LTD.,01/07/2026 - 30/06/2027,"SP MINI MART, 339, KANG CHING ROAD, #01-01, SINGAPORE(610339)"
MI JIAN DIAN TIBITS,07/07/2026 - 06/07/2027,"MI JIAN DIAN, 200, WOODLANDS INDUSTRIAL PARK E7, #01-04, WOODLANDS RECREATION CENTRE, SINGAPORE(757177)"
BEDOK 59 KOPI PLACE PTE. LTD.,07/07/2026 - 06/07/2027,"DETIAN, 59, NEW UPPER CHANGI ROAD, #01-1260, (DRINK STALL 2), SINGAPORE(461059)"
RAJ MART IMPEX PTE. LTD.,07/07/2026 - 06/07/2027,"RAJ MART, 118, RIVERVALE DRIVE, #01-30, SINGAPORE(540118)"
LUCKY 538,08/07/2026 - 07/07/2027,"LUCKY 538, 538A, BEDOK NORTH STREET 3, #01-577B, SINGAPORE(461538)"
BANGALA MINI MART PTE. LTD.,08/07/2026 - 07/07/2027,"BANGALA MINIMAT PTE LTD, 186, GEYLANG ROAD, #01-01, SINGAPORE(389254)"
